Sample	chr	startpos	endpos	nMajor	nMinor	Sex	Purity	Ploidy	CN	Size
PD62027a	1	69511	9721683	1	1	F	0.35	2.01131838920849	neutral	9652173
PD62027a	1	9721688	9741068	1	0	F	0.35	2.01131838920849	loss	19381
PD62027a	1	9741283	23522150	2	1	F	0.35	2.01131838920849	gain	13780868
PD62027a	1	23524599	160186618	1	1	F	0.35	2.01131838920849	neutral	136662020
PD62027a	1	160190668	161791486	1	0	F	0.35	2.01131838920849	loss	1600819
PD62027a	1	161791522	248918428	1	1	F	0.35	2.01131838920849	neutral	87126907
PD62027a	2	41393	219207405	1	1	F	0.35	2.01131838920849	neutral	219166013
PD62027a	2	219207582	219237061	1	0	F	0.35	2.01131838920849	loss	29480
PD62027a	2	219237136	242004549	1	1	F	0.35	2.01131838920849	neutral	22767414
PD62027a	3	197630	198038561	1	1	F	0.35	2.01131838920849	neutral	197840932
PD62027a	4	85813	1366452	1	1	F	0.35	2.01131838920849	neutral	1280640
PD62027a	4	1375284	1394631	2	2	F	0.35	2.01131838920849	gain	19348
PD62027a	4	1394641	190025891	1	1	F	0.35	2.01131838920849	neutral	188631251
PD62027a	5	140238	181260906	1	1	F	0.35	2.01131838920849	neutral	181120669
PD62027a	6	203292	26184255	1	1	F	0.35	2.01131838920849	neutral	25980964
PD62027a	6	26184297	26405825	0	0	F	0.35	2.01131838920849	loss	221529
PD62027a	6	26405845	27867017	1	0	F	0.35	2.01131838920849	loss	1461173
PD62027a	6	27867056	27893904	0	0	F	0.35	2.01131838920849	loss	26849
PD62027a	6	27911277	31269023	1	1	F	0.35	2.01131838920849	neutral	3357747
PD62027a	6	31269031	31355288	0	0	F	0.35	2.01131838920849	loss	86258
PD62027a	6	31355339	33365783	1	0	F	0.35	2.01131838920849	loss	2010445
PD62027a	6	33365784	106451851	1	1	F	0.35	2.01131838920849	neutral	73086068
PD62027a	6	106511264	106511580	0	0	F	0.35	2.01131838920849	loss	317
PD62027a	6	106511867	170584376	1	1	F	0.35	2.01131838920849	neutral	64072510
PD62027a	7	193222	7452277	2	1	F	0.35	2.01131838920849	gain	7259056
PD62027a	7	7453364	100736324	1	1	F	0.35	2.01131838920849	neutral	93282961
PD62027a	7	100736522	100773851	2	2	F	0.35	2.01131838920849	gain	37330
PD62027a	7	100773857	100952551	2	1	F	0.35	2.01131838920849	gain	178695
PD62027a	7	100958932	101058052	2	2	F	0.35	2.01131838920849	gain	99121
PD62027a	7	101087711	159233344	1	1	F	0.35	2.01131838920849	neutral	58145634
PD62027a	8	232977	145054093	1	1	F	0.35	2.01131838920849	neutral	144821117
PD62027a	9	154795	138177317	1	1	F	0.35	2.01131838920849	neutral	138022523
PD62027a	10	49134	133168186	1	1	F	0.35	2.01131838920849	neutral	133119053
PD62027a	10	133168297	133230570	2	2	F	0.35	2.01131838920849	gain	62274
PD62027a	10	133230750	133625894	1	1	F	0.35	2.01131838920849	neutral	395145
PD62027a	11	197291	864336	1	0	F	0.35	2.01131838920849	loss	667046
PD62027a	11	864445	1258256	2	2	F	0.35	2.01131838920849	gain	393812
PD62027a	11	1258297	60873187	1	1	F	0.35	2.01131838920849	neutral	59614891
PD62027a	11	60874852	66365909	1	0	F	0.35	2.01131838920849	loss	5491058
PD62027a	11	66366172	67254592	1	1	F	0.35	2.01131838920849	neutral	888421
PD62027a	11	67254926	67663124	1	0	F	0.35	2.01131838920849	loss	408199
PD62027a	11	67663227	134986843	1	1	F	0.35	2.01131838920849	neutral	67323617
PD62027a	12	66973	6837815	1	1	F	0.35	2.01131838920849	neutral	6770843
PD62027a	12	6837833	6909785	0	0	F	0.35	2.01131838920849	loss	71953
PD62027a	12	6909787	133234532	1	1	F	0.35	2.01131838920849	neutral	126324746
PD62027a	13	19026300	114325924	1	1	F	0.35	2.01131838920849	neutral	95299625
PD62027a	14	19733402	22422750	1	1	F	0.35	2.01131838920849	neutral	2689349
PD62027a	14	22422801	22490615	3	2	F	0.35	2.01131838920849	gain	67815
PD62027a	14	22492775	22505055	0	0	F	0.35	2.01131838920849	loss	12281
PD62027a	14	22505082	22505082	2	0	F	0.35	2.01131838920849	neutral	1
PD62027a	14	22505159	22601618	0	0	F	0.35	2.01131838920849	loss	96460
PD62027a	14	22601773	24501802	1	0	F	0.35	2.01131838920849	loss	1900030
PD62027a	14	24505415	104474552	1	1	F	0.35	2.01131838920849	neutral	79969138
PD62027a	14	104474555	104588967	2	2	F	0.35	2.01131838920849	gain	114413
PD62027a	14	104591611	105865131	2	1	F	0.35	2.01131838920849	gain	1273521
PD62027a	14	105865141	105922254	4	0	F	0.35	2.01131838920849	gain	57114
PD62027a	14	105922523	106874913	1	1	F	0.35	2.01131838920849	neutral	952391
PD62027a	15	19964758	101849608	1	1	F	0.35	2.01131838920849	neutral	81884851
PD62027a	16	47354	634073	1	1	F	0.35	2.01131838920849	neutral	586720
PD62027a	16	634083	688064	1	0	F	0.35	2.01131838920849	loss	53982
PD62027a	16	689066	29331179	1	1	F	0.35	2.01131838920849	neutral	28642114
PD62027a	16	29331196	29830426	1	0	F	0.35	2.01131838920849	loss	499231
PD62027a	16	29830491	90094880	1	1	F	0.35	2.01131838920849	neutral	60264390
PD62027a	17	156162	7202872	1	1	F	0.35	2.01131838920849	neutral	7046711
PD62027a	17	7203059	7244307	0	0	F	0.35	2.01131838920849	loss	41249
PD62027a	17	7246140	7823985	1	0	F	0.35	2.01131838920849	loss	577846
PD62027a	17	7823986	7934722	0	0	F	0.35	2.01131838920849	loss	110737
PD62027a	17	7934934	8148803	1	0	F	0.35	2.01131838920849	loss	213870
PD62027a	17	8149152	8230805	0	0	F	0.35	2.01131838920849	loss	81654
PD62027a	17	8231196	63830607	1	1	F	0.35	2.01131838920849	neutral	55599412
PD62027a	17	63830611	63917769	1	0	F	0.35	2.01131838920849	loss	87159
PD62027a	17	63917810	83135891	1	1	F	0.35	2.01131838920849	neutral	19218082
PD62027a	18	120645	80202756	1	1	F	0.35	2.01131838920849	neutral	80082112
PD62027a	19	281360	16686569	1	1	F	0.35	2.01131838920849	neutral	16405210
PD62027a	19	16688116	16731314	3	2	F	0.35	2.01131838920849	gain	43199
PD62027a	19	16731367	23492962	1	1	F	0.35	2.01131838920849	neutral	6761596
PD62027a	19	23493103	35744530	2	0	F	0.35	2.01131838920849	neutral	12251428
PD62027a	19	35744754	35759941	0	0	F	0.35	2.01131838920849	loss	15188
PD62027a	19	35761981	42287365	2	0	F	0.35	2.01131838920849	neutral	6525385
PD62027a	19	42287842	42299910	1	0	F	0.35	2.01131838920849	loss	12069
PD62027a	19	42300060	49434059	2	0	F	0.35	2.01131838920849	neutral	7134000
PD62027a	19	49434565	49524783	1	0	F	0.35	2.01131838920849	loss	90219
PD62027a	19	49524813	52354217	2	0	F	0.35	2.01131838920849	neutral	2829405
PD62027a	19	52354323	54095339	3	1	F	0.35	2.01131838920849	gain	1741017
PD62027a	19	54095814	54465191	1	0	F	0.35	2.01131838920849	loss	369378
PD62027a	19	54465219	57159358	3	0	F	0.35	2.01131838920849	gain	2694140
PD62027a	19	57159437	58572521	2	0	F	0.35	2.01131838920849	neutral	1413085
PD62027a	20	87623	64273629	1	1	F	0.35	2.01131838920849	neutral	64186007
PD62027a	21	9068512	46664392	1	1	F	0.35	2.01131838920849	neutral	37595881
PD62027a	22	16572142	24583830	1	1	F	0.35	2.01131838920849	neutral	8011689
PD62027a	22	24585912	25902800	2	1	F	0.35	2.01131838920849	gain	1316889
PD62027a	22	25903535	42090761	1	1	F	0.35	2.01131838920849	neutral	16187227
PD62027a	22	42140302	49918958	2	1	F	0.35	2.01131838920849	gain	7778657
PD62027a	22	49919221	49962738	1	0	F	0.35	2.01131838920849	loss	43518
PD62027a	22	49962784	50145850	2	1	F	0.35	2.01131838920849	gain	183067
PD62027a	22	50146984	50780662	1	1	F	0.35	2.01131838920849	neutral	633679
PD62027a	X	284193	3322404	2	1	F	0.35	2.01131838920849	gain	3038212
PD62027a	X	3322578	156005528	1	1	F	0.35	2.01131838920849	neutral	152682951
PD62027c	1	69511	160171742	1	1	F	0.45	2.05189934269083	neutral	160102232
PD62027c	1	160171813	161778334	1	0	F	0.45	2.05189934269083	loss	1606522
PD62027c	1	161781951	248918428	1	1	F	0.45	2.05189934269083	neutral	87136478
PD62027c	2	41393	242004549	1	1	F	0.45	2.05189934269083	neutral	241963157
PD62027c	3	197630	198038561	1	1	F	0.45	2.05189934269083	neutral	197840932
PD62027c	4	85813	190025891	1	1	F	0.45	2.05189934269083	neutral	189940079
PD62027c	5	140238	181260906	1	1	F	0.45	2.05189934269083	neutral	181120669
PD62027c	6	203292	26017810	1	1	F	0.45	2.05189934269083	neutral	25814519
PD62027c	6	26020440	27250670	1	0	F	0.45	2.05189934269083	loss	1230231
PD62027c	6	27251177	32641925	1	1	F	0.45	2.05189934269083	neutral	5390749
PD62027c	6	32641949	32661939	1	0	F	0.45	2.05189934269083	loss	19991
PD62027c	6	32661941	170584376	1	1	F	0.45	2.05189934269083	neutral	137922436
PD62027c	7	193222	100095370	1	1	F	0.45	2.05189934269083	neutral	99902149
PD62027c	7	100095455	100647055	1	0	F	0.45	2.05189934269083	loss	551601
PD62027c	7	100647178	159233344	1	1	F	0.45	2.05189934269083	neutral	58586167
PD62027c	8	232977	124555727	1	1	F	0.45	2.05189934269083	neutral	124322751
PD62027c	8	124555921	124584892	0	0	F	0.45	2.05189934269083	loss	28972
PD62027c	8	124584913	145054093	1	1	F	0.45	2.05189934269083	neutral	20469181
PD62027c	9	154795	138177317	1	1	F	0.45	2.05189934269083	neutral	138022523
PD62027c	10	49134	132366744	1	1	F	0.45	2.05189934269083	neutral	132317611
PD62027c	10	132366849	133625894	2	1	F	0.45	2.05189934269083	gain	1259046
PD62027c	11	197291	970042	1	1	F	0.45	2.05189934269083	neutral	772752
PD62027c	11	970320	1161672	2	1	F	0.45	2.05189934269083	gain	191353
PD62027c	11	1161738	134986843	1	1	F	0.45	2.05189934269083	neutral	133825106
PD62027c	12	66973	133234532	2	1	F	0.45	2.05189934269083	gain	133167560
PD62027c	13	19026300	114325924	1	1	F	0.45	2.05189934269083	neutral	95299625
PD62027c	14	19733402	22123933	1	1	F	0.45	2.05189934269083	neutral	2390532
PD62027c	14	22124030	22492775	3	2	F	0.45	2.05189934269083	gain	368746
PD62027c	14	22492859	22503757	1	1	F	0.45	2.05189934269083	neutral	10899
PD62027c	14	22503829	22634318	1	0	F	0.45	2.05189934269083	loss	130490
PD62027c	14	22634344	105864514	1	1	F	0.45	2.05189934269083	neutral	83230171
PD62027c	14	105864655	105969892	3	0	F	0.45	2.05189934269083	gain	105238
PD62027c	14	105970134	106874913	1	1	F	0.45	2.05189934269083	neutral	904780
PD62027c	15	19964758	101849608	1	1	F	0.45	2.05189934269083	neutral	81884851
PD62027c	16	47354	90094880	1	1	F	0.45	2.05189934269083	neutral	90047527
PD62027c	17	156162	8148803	1	1	F	0.45	2.05189934269083	neutral	7992642
PD62027c	17	8149152	8190161	0	0	F	0.45	2.05189934269083	loss	41010
PD62027c	17	8205013	83135891	1	1	F	0.45	2.05189934269083	neutral	74930879
PD62027c	18	120645	80202756	1	1	F	0.45	2.05189934269083	neutral	80082112
PD62027c	19	281360	23745243	1	1	F	0.45	2.05189934269083	neutral	23463884
PD62027c	19	23745300	58572521	2	0	F	0.45	2.05189934269083	neutral	34827222
PD62027c	20	87623	64273629	1	1	F	0.45	2.05189934269083	neutral	64186007
PD62027c	21	9068512	46664392	1	1	F	0.45	2.05189934269083	neutral	37595881
PD62027c	22	16572142	22031526	1	1	F	0.45	2.05189934269083	neutral	5459385
PD62027c	22	22098785	50780662	2	0	F	0.45	2.05189934269083	neutral	28681878
PD62027c	X	284193	156005528	1	1	F	0.45	2.05189934269083	neutral	155721336
PD62028c	1	826681	117942591	1	1	M	0.55	3.19409069832143	loss	117115911
PD62028c	1	117948311	121568263	4	1	M	0.55	3.19409069832143	gain	3619953
PD62028c	1	143544192	214451768	3	1	M	0.55	3.19409069832143	gain	70907577
PD62028c	1	214451881	214663525	5	2	M	0.55	3.19409069832143	gain	211645
PD62028c	1	214663767	248918428	3	1	M	0.55	3.19409069832143	gain	34254662
PD62028c	2	41404	88861181	3	0	M	0.55	3.19409069832143	neutral	88819778
PD62028c	2	88861183	88861407	4	1	M	0.55	3.19409069832143	gain	225
PD62028c	2	88861410	183131014	3	0	M	0.55	3.19409069832143	neutral	94269605
PD62028c	2	183133509	242004549	3	1	M	0.55	3.19409069832143	gain	58871041
PD62028c	3	319663	198038561	2	1	M	0.55	3.19409069832143	neutral	197718899
PD62028c	4	85813	190025891	1	1	M	0.55	3.19409069832143	loss	189940079
PD62028c	5	140359	45696148	5	1	M	0.55	3.19409069832143	gain	45555790
PD62028c	5	50399214	181260906	1	1	M	0.55	3.19409069832143	loss	130861693
PD62028c	6	203397	32356767	2	2	M	0.55	3.19409069832143	gain	32153371
PD62028c	6	32365219	32666763	2	1	M	0.55	3.19409069832143	neutral	301545
PD62028c	6	32741532	32746290	4	3	M	0.55	3.19409069832143	gain	4759
PD62028c	6	32746306	33085221	2	1	M	0.55	3.19409069832143	neutral	338916
PD62028c	6	33085303	67889105	3	2	M	0.55	3.19409069832143	gain	34803803
PD62028c	6	68638904	170584376	3	0	M	0.55	3.19409069832143	neutral	101945473
PD62028c	7	193222	159233184	2	1	M	0.55	3.19409069832143	neutral	159039963
PD62028c	8	232977	145054093	3	1	M	0.55	3.19409069832143	gain	144821117
PD62028c	9	214454	138175500	2	2	M	0.55	3.19409069832143	gain	137961047
PD62028c	10	49230	133625894	2	1	M	0.55	3.19409069832143	neutral	133576665
PD62028c	11	197291	99819645	1	1	M	0.55	3.19409069832143	loss	99622355
PD62028c	11	99819683	134986843	3	1	M	0.55	3.19409069832143	gain	35167161
PD62028c	12	66973	51471153	2	0	M	0.55	3.19409069832143	loss	51404181
PD62028c	12	51471184	52571432	3	0	M	0.55	3.19409069832143	neutral	1100249
PD62028c	12	52571456	133234349	2	0	M	0.55	3.19409069832143	loss	80662894
PD62028c	13	19026300	114325924	3	2	M	0.55	3.19409069832143	gain	95299625
PD62028c	14	19733402	106874913	2	1	M	0.55	3.19409069832143	neutral	87141512
PD62028c	15	19964758	20408806	3	0	M	0.55	3.19409069832143	neutral	444049
PD62028c	15	20669517	20671295	4	0	M	0.55	3.19409069832143	gain	1779
PD62028c	15	22225178	101849608	2	0	M	0.55	3.19409069832143	loss	79624431
PD62028c	16	47541	28506946	3	1	M	0.55	3.19409069832143	gain	28459406
PD62028c	16	28537995	35448034	2	1	M	0.55	3.19409069832143	neutral	6910040
PD62028c	16	46474402	90094880	3	1	M	0.55	3.19409069832143	gain	43620479
PD62028c	17	156162	83135891	3	0	M	0.55	3.19409069832143	neutral	82979730
PD62028c	18	120645	80202756	2	1	M	0.55	3.19409069832143	neutral	80082112
PD62028c	19	281383	58572521	3	1	M	0.55	3.19409069832143	gain	58291139
PD62028c	20	87623	64273492	4	2	M	0.55	3.19409069832143	gain	64185870
PD62028c	21	9068512	46664392	3	1	M	0.55	3.19409069832143	gain	37595881
PD62028c	22	16572142	50780662	2	1	M	0.55	3.19409069832143	neutral	34208521
PD62028c	X	284193	2738275	2	0	M	0.55	3.19409069832143	gain	2454083
PD62028c	X	2740742	2774703	3	0	M	0.55	3.19409069832143	gain	33962
PD62028c	X	2781927	155524613	1	0	M	0.55	3.19409069832143	loss	152742687
PD62028c	X	155773979	156005528	3	0	M	0.55	3.19409069832143	gain	231550
PD62029c	1	69511	70355119	2	2	F	0.52	4.49211857502261	neutral	70285609
PD62029c	1	70355197	74239843	2	1	F	0.52	4.49211857502261	loss	3884647
PD62029c	1	74239879	121568263	2	2	F	0.52	4.49211857502261	neutral	47328385
PD62029c	1	143544307	248918428	5	2	F	0.52	4.49211857502261	gain	105374122
PD62029c	2	41404	7454516	3	1	F	0.52	4.49211857502261	neutral	7413113
PD62029c	2	8038506	88857435	3	2	F	0.52	4.49211857502261	gain	80818930
PD62029c	2	88857476	88861030	1	1	F	0.52	4.49211857502261	loss	3555
PD62029c	2	88861044	88861333	5	0	F	0.52	4.49211857502261	gain	290
PD62029c	2	88861337	88885657	2	2	F	0.52	4.49211857502261	neutral	24321
PD62029c	2	88885832	166472244	3	2	F	0.52	4.49211857502261	gain	77586413
PD62029c	2	166472361	168017010	2	2	F	0.52	4.49211857502261	neutral	1544650
PD62029c	2	168017105	178718033	3	2	F	0.52	4.49211857502261	gain	10700929
PD62029c	2	178718097	178749235	2	2	F	0.52	4.49211857502261	neutral	31139
PD62029c	2	178749332	217809761	3	2	F	0.52	4.49211857502261	gain	39060430
PD62029c	2	217809791	218060568	2	2	F	0.52	4.49211857502261	neutral	250778
PD62029c	2	218060648	233562864	3	2	F	0.52	4.49211857502261	gain	15502217
PD62029c	2	233617689	233682693	6	5	F	0.52	4.49211857502261	gain	65005
PD62029c	2	233682697	242004549	3	2	F	0.52	4.49211857502261	gain	8321853
PD62029c	3	197664	198038561	2	2	F	0.52	4.49211857502261	neutral	197840898
PD62029c	4	85813	73582310	2	2	F	0.52	4.49211857502261	neutral	73496498
PD62029c	4	73585173	73848022	4	3	F	0.52	4.49211857502261	gain	262850
PD62029c	4	73848082	114676250	2	2	F	0.52	4.49211857502261	neutral	40828169
PD62029c	4	114827849	190025891	3	1	F	0.52	4.49211857502261	neutral	75198043
PD62029c	5	140238	141375693	2	2	F	0.52	4.49211857502261	neutral	141235456
PD62029c	5	141376210	141417907	1	1	F	0.52	4.49211857502261	loss	41698
PD62029c	5	141418063	181260906	2	2	F	0.52	4.49211857502261	neutral	39842844
PD62029c	6	203397	31971639	4	1	F	0.52	4.49211857502261	gain	31768243
PD62029c	6	31971747	32011047	3	0	F	0.52	4.49211857502261	loss	39301
PD62029c	6	32043693	32046413	2	0	F	0.52	4.49211857502261	loss	2721
PD62029c	6	32047998	43529351	3	1	F	0.52	4.49211857502261	neutral	11481354
PD62029c	6	43530935	47782099	3	2	F	0.52	4.49211857502261	gain	4251165
PD62029c	6	47786762	152202008	2	2	F	0.52	4.49211857502261	neutral	104415247
PD62029c	6	152202009	152344136	2	1	F	0.52	4.49211857502261	loss	142128
PD62029c	6	152344168	170584376	2	2	F	0.52	4.49211857502261	neutral	18240209
PD62029c	7	193222	2661742	3	2	F	0.52	4.49211857502261	gain	2468521
PD62029c	7	2700470	2913281	3	1	F	0.52	4.49211857502261	neutral	212812
PD62029c	7	2913393	57469898	3	2	F	0.52	4.49211857502261	gain	54556506
PD62029c	7	63449933	159233344	3	3	F	0.52	4.49211857502261	gain	95783412
PD62029c	8	232977	11783195	2	1	F	0.52	4.49211857502261	loss	11550219
PD62029c	8	11783213	145054093	2	2	F	0.52	4.49211857502261	neutral	133270881
PD62029c	9	154795	136365202	3	1	F	0.52	4.49211857502261	neutral	136210408
PD62029c	9	136366702	138177328	4	1	F	0.52	4.49211857502261	gain	1810627
PD62029c	10	49134	4845908	2	2	F	0.52	4.49211857502261	neutral	4796775
PD62029c	10	4845948	5212946	4	3	F	0.52	4.49211857502261	gain	366999
PD62029c	10	5213040	58199195	2	2	F	0.52	4.49211857502261	neutral	52986156
PD62029c	10	58216274	80609655	3	3	F	0.52	4.49211857502261	gain	22393382
PD62029c	10	80634235	118594331	3	0	F	0.52	4.49211857502261	loss	37960097
PD62029c	10	118594387	128119372	3	3	F	0.52	4.49211857502261	gain	9524986
PD62029c	10	128119406	133625894	3	2	F	0.52	4.49211857502261	gain	5506489
PD62029c	11	197291	105007265	2	2	F	0.52	4.49211857502261	neutral	104809975
PD62029c	11	105007285	105139804	4	3	F	0.52	4.49211857502261	gain	132520
PD62029c	11	105610983	134986843	2	2	F	0.52	4.49211857502261	neutral	29375861
PD62029c	12	66973	39603844	3	2	F	0.52	4.49211857502261	gain	39536872
PD62029c	12	39604024	47802090	3	1	F	0.52	4.49211857502261	neutral	8198067
PD62029c	12	47802156	53067766	4	2	F	0.52	4.49211857502261	gain	5265611
PD62029c	12	53068142	133234349	3	2	F	0.52	4.49211857502261	gain	80166208
PD62029c	13	19026300	19451279	2	1	F	0.52	4.49211857502261	loss	424980
PD62029c	13	19464433	114325924	3	2	F	0.52	4.49211857502261	gain	94861492
PD62029c	14	19097559	105855266	2	2	F	0.52	4.49211857502261	neutral	86757708
PD62029c	14	105855447	105864234	1	0	F	0.52	4.49211857502261	loss	8788
PD62029c	14	105864251	106874913	2	2	F	0.52	4.49211857502261	neutral	1010663
PD62029c	15	19964758	29704164	2	1	F	0.52	4.49211857502261	loss	9739407
PD62029c	15	29705798	45061173	2	2	F	0.52	4.49211857502261	neutral	15355376
PD62029c	15	45061193	45120625	4	3	F	0.52	4.49211857502261	gain	59433
PD62029c	15	45120749	101849608	2	2	F	0.52	4.49211857502261	neutral	56728860
PD62029c	16	47541	732659	3	2	F	0.52	4.49211857502261	gain	685119
PD62029c	16	733284	2084417	2	2	F	0.52	4.49211857502261	neutral	1351134
PD62029c	16	2084437	2173854	3	3	F	0.52	4.49211857502261	gain	89418
PD62029c	16	2174194	90094866	2	2	F	0.52	4.49211857502261	neutral	87920673
PD62029c	17	156162	21214278	2	2	F	0.52	4.49211857502261	neutral	21058117
PD62029c	17	21243261	22567449	2	1	F	0.52	4.49211857502261	loss	1324189
PD62029c	17	22567567	63910381	2	2	F	0.52	4.49211857502261	neutral	41342815
PD62029c	17	63910394	63919006	1	1	F	0.52	4.49211857502261	loss	8613
PD62029c	17	63929346	83135891	2	2	F	0.52	4.49211857502261	neutral	19206546
PD62029c	18	120645	80202756	2	2	F	0.52	4.49211857502261	neutral	80082112
PD62029c	19	281360	38082693	2	2	F	0.52	4.49211857502261	neutral	37801334
PD62029c	19	38082707	44472191	3	2	F	0.52	4.49211857502261	gain	6389485
PD62029c	19	44472321	44520851	3	3	F	0.52	4.49211857502261	gain	48531
PD62029c	19	44522644	44888248	4	3	F	0.52	4.49211857502261	gain	365605
PD62029c	19	44888397	46353764	3	2	F	0.52	4.49211857502261	gain	1465368
PD62029c	19	46354000	49155167	2	2	F	0.52	4.49211857502261	neutral	2801168
PD62029c	19	49155181	49210146	3	3	F	0.52	4.49211857502261	gain	54966
PD62029c	19	49210611	50791727	2	2	F	0.52	4.49211857502261	neutral	1581117
PD62029c	19	50792182	50856247	3	2	F	0.52	4.49211857502261	gain	64066
PD62029c	19	50856287	53686497	2	2	F	0.52	4.49211857502261	neutral	2830211
PD62029c	19	53686576	53811377	1	1	F	0.52	4.49211857502261	loss	124802
PD62029c	19	53823868	57860240	2	2	F	0.52	4.49211857502261	neutral	4036373
PD62029c	19	57860355	57912265	3	2	F	0.52	4.49211857502261	gain	51911
PD62029c	19	57916249	58572521	2	2	F	0.52	4.49211857502261	neutral	656273
PD62029c	20	87623	62325437	3	3	F	0.52	4.49211857502261	gain	62237815
PD62029c	20	62325523	62351869	2	2	F	0.52	4.49211857502261	neutral	26347
PD62029c	20	62352073	64273629	3	3	F	0.52	4.49211857502261	gain	1921557
PD62029c	21	9068512	46664392	2	2	F	0.52	4.49211857502261	neutral	37595881
PD62029c	22	16572142	50780662	2	2	F	0.52	4.49211857502261	neutral	34208521
PD62029c	X	284193	2243119	2	2	F	0.52	4.49211857502261	neutral	1958927
PD62029c	X	2243269	57910069	4	3	F	0.52	4.49211857502261	gain	55666801
PD62029c	X	63299368	156005413	3	3	F	0.52	4.49211857502261	gain	92706046
PD62029d	1	69511	16018235	1	1	F	0.28	2.3592043702697	neutral	15948725
PD62029d	1	16019124	16056542	3	2	F	0.28	2.3592043702697	gain	37419
PD62029d	1	16056765	121568263	1	1	F	0.28	2.3592043702697	neutral	105511499
PD62029d	1	143544307	248918428	3	1	F	0.28	2.3592043702697	gain	105374122
PD62029d	2	41404	88860510	2	1	F	0.28	2.3592043702697	gain	88819107
PD62029d	2	88860519	88860968	0	0	F	0.28	2.3592043702697	loss	450
PD62029d	2	88860971	88885657	1	1	F	0.28	2.3592043702697	neutral	24687
PD62029d	2	88885832	89234822	3	3	F	0.28	2.3592043702697	gain	348991
PD62029d	2	89234831	233562864	2	1	F	0.28	2.3592043702697	gain	144328034
PD62029d	2	233617689	233682693	5	4	F	0.28	2.3592043702697	gain	65005
PD62029d	2	233682697	242004549	2	1	F	0.28	2.3592043702697	gain	8321853
PD62029d	3	197664	48600030	1	1	F	0.28	2.3592043702697	neutral	48402367
PD62029d	3	48600531	48633095	3	2	F	0.28	2.3592043702697	gain	32565
PD62029d	3	48633394	198038561	1	1	F	0.28	2.3592043702697	neutral	149405168
PD62029d	4	85813	1022236	2	1	F	0.28	2.3592043702697	gain	936424
PD62029d	4	1022357	113609074	1	1	F	0.28	2.3592043702697	neutral	112586718
PD62029d	4	113609304	190025891	2	0	F	0.28	2.3592043702697	neutral	76416588
PD62029d	5	140238	181260906	1	1	F	0.28	2.3592043702697	neutral	181120669
PD62029d	6	203397	31025411	2	0	F	0.28	2.3592043702697	neutral	30822015
PD62029d	6	31025450	31117509	3	1	F	0.28	2.3592043702697	gain	92060
PD62029d	6	31120283	32522259	2	0	F	0.28	2.3592043702697	neutral	1401977
PD62029d	6	32637457	32639069	0	0	F	0.28	2.3592043702697	loss	1613
PD62029d	6	32639082	43445343	2	0	F	0.28	2.3592043702697	neutral	10806262
PD62029d	6	43445893	170584376	1	1	F	0.28	2.3592043702697	neutral	127138484
PD62029d	7	193222	159233344	2	1	F	0.28	2.3592043702697	gain	159040123
PD62029d	8	232977	145054093	1	1	F	0.28	2.3592043702697	neutral	144821117
PD62029d	9	154795	138177328	2	0	F	0.28	2.3592043702697	neutral	138022534
PD62029d	10	49134	58269404	1	1	F	0.28	2.3592043702697	neutral	58220271
PD62029d	10	58277030	80588673	2	1	F	0.28	2.3592043702697	gain	22311644
PD62029d	10	80603544	118594398	2	0	F	0.28	2.3592043702697	neutral	37990855
PD62029d	10	118594498	132922197	2	1	F	0.28	2.3592043702697	gain	14327700
PD62029d	10	132922515	133625894	1	1	F	0.28	2.3592043702697	neutral	703380
PD62029d	11	197291	2168333	1	1	F	0.28	2.3592043702697	neutral	1971043
PD62029d	11	2168488	2335716	2	2	F	0.28	2.3592043702697	gain	167229
PD62029d	11	2377558	134986843	1	1	F	0.28	2.3592043702697	neutral	132609286
PD62029d	12	66973	52059011	2	1	F	0.28	2.3592043702697	gain	51992039
PD62029d	12	52059041	53039969	3	2	F	0.28	2.3592043702697	gain	980929
PD62029d	12	53040004	133234349	2	1	F	0.28	2.3592043702697	gain	80194346
PD62029d	13	19026300	114325924	2	1	F	0.28	2.3592043702697	gain	95299625
PD62029d	14	19097559	19975490	2	0	F	0.28	2.3592043702697	neutral	877932
PD62029d	14	19975505	105855266	1	1	F	0.28	2.3592043702697	neutral	85879762
PD62029d	14	105855447	105863860	0	0	F	0.28	2.3592043702697	loss	8414
PD62029d	14	105863861	106037999	3	0	F	0.28	2.3592043702697	gain	174139
PD62029d	14	106038006	106507393	2	1	F	0.28	2.3592043702697	gain	469388
PD62029d	14	106511159	106874913	3	0	F	0.28	2.3592043702697	gain	363755
PD62029d	15	19964758	101849608	1	1	F	0.28	2.3592043702697	neutral	81884851
PD62029d	16	47541	90094866	1	1	F	0.28	2.3592043702697	neutral	90047326
PD62029d	17	156162	83135891	1	1	F	0.28	2.3592043702697	neutral	82979730
PD62029d	18	120645	80202756	1	1	F	0.28	2.3592043702697	neutral	80082112
PD62029d	19	281360	41810535	1	1	F	0.28	2.3592043702697	neutral	41529176
PD62029d	19	41810694	41837844	2	2	F	0.28	2.3592043702697	gain	27151
PD62029d	19	41837999	42527182	1	0	F	0.28	2.3592043702697	loss	689184
PD62029d	19	42527217	42763833	2	2	F	0.28	2.3592043702697	gain	236617
PD62029d	19	42763834	44708123	1	1	F	0.28	2.3592043702697	neutral	1944290
PD62029d	19	44708135	44888248	2	2	F	0.28	2.3592043702697	gain	180114
PD62029d	19	44888397	58572521	1	1	F	0.28	2.3592043702697	neutral	13684125
PD62029d	20	87623	64273629	2	1	F	0.28	2.3592043702697	gain	64186007
PD62029d	21	9068512	46664392	1	1	F	0.28	2.3592043702697	neutral	37595881
PD62029d	22	16572142	50780662	1	1	F	0.28	2.3592043702697	neutral	34208521
PD62029d	X	284193	2719590	1	0	F	0.28	2.3592043702697	loss	2435398
PD62029d	X	2719780	156005413	2	2	F	0.28	2.3592043702697	gain	153285634
PD62030a	1	826681	1166991	2	2	M	0.22	3.43769790531089	gain	340311
PD62030a	1	1167038	1280899	3	2	M	0.22	3.43769790531089	gain	113862
PD62030a	1	1281223	1420862	1	0	M	0.22	3.43769790531089	loss	139640
PD62030a	1	1420895	1450756	2	2	M	0.22	3.43769790531089	gain	29862
PD62030a	1	1450780	116579345	1	1	M	0.22	3.43769790531089	loss	115128566
PD62030a	1	116579522	116694028	0	0	M	0.22	3.43769790531089	loss	114507
PD62030a	1	116694114	121568263	1	1	M	0.22	3.43769790531089	loss	4874150
PD62030a	1	143544192	248918428	2	1	M	0.22	3.43769790531089	neutral	105374237
PD62030a	2	41393	26946977	2	2	M	0.22	3.43769790531089	gain	26905585
PD62030a	2	26947089	27132076	1	0	M	0.22	3.43769790531089	loss	184988
PD62030a	2	27132103	233772385	2	1	M	0.22	3.43769790531089	neutral	206640283
PD62030a	2	233778262	233794498	4	3	M	0.22	3.43769790531089	gain	16237
PD62030a	2	233795504	242004549	2	2	M	0.22	3.43769790531089	gain	8209046
PD62030a	3	197937	37967891	2	1	M	0.22	3.43769790531089	neutral	37769955
PD62030a	3	37968117	38020201	0	0	M	0.22	3.43769790531089	loss	52085
PD62030a	3	38020257	48565321	2	2	M	0.22	3.43769790531089	gain	10545065
PD62030a	3	48565465	48567545	5	4	M	0.22	3.43769790531089	gain	2081
PD62030a	3	48567971	48621514	4	3	M	0.22	3.43769790531089	gain	53544
PD62030a	3	48621576	50343622	2	1	M	0.22	3.43769790531089	neutral	1722047
PD62030a	3	50343864	50370189	0	0	M	0.22	3.43769790531089	loss	26326
PD62030a	3	50374726	51829888	2	2	M	0.22	3.43769790531089	gain	1455163
PD62030a	3	51829910	51933839	4	4	M	0.22	3.43769790531089	gain	103930
PD62030a	3	51934413	198038561	2	1	M	0.22	3.43769790531089	neutral	146104149
PD62030a	4	85813	8950390	2	2	M	0.22	3.43769790531089	gain	8864578
PD62030a	4	9369077	70602947	2	1	M	0.22	3.43769790531089	neutral	61233871
PD62030a	4	70603196	190025891	2	0	M	0.22	3.43769790531089	loss	119422696
PD62030a	5	140238	52080827	3	2	M	0.22	3.43769790531089	gain	51940590
PD62030a	5	52788466	132257867	1	1	M	0.22	3.43769790531089	loss	79469402
PD62030a	5	132257902	132334853	0	0	M	0.22	3.43769790531089	loss	76952
PD62030a	5	132335767	177295004	1	1	M	0.22	3.43769790531089	loss	44959238
PD62030a	5	177295556	177371305	0	0	M	0.22	3.43769790531089	loss	75750
PD62030a	5	177371505	181260906	1	1	M	0.22	3.43769790531089	loss	3889402
PD62030a	6	203397	25925759	2	1	M	0.22	3.43769790531089	neutral	25722363
PD62030a	6	25925933	26430922	0	0	M	0.22	3.43769790531089	loss	504990
PD62030a	6	26430997	26597105	1	0	M	0.22	3.43769790531089	loss	166109
PD62030a	6	26597156	27147659	0	0	M	0.22	3.43769790531089	loss	550504
PD62030a	6	27147688	27312154	2	2	M	0.22	3.43769790531089	gain	164467
PD62030a	6	27312203	27893904	0	0	M	0.22	3.43769790531089	loss	581702
PD62030a	6	27911277	31025722	2	1	M	0.22	3.43769790531089	neutral	3114446
PD62030a	6	31025756	31111663	3	2	M	0.22	3.43769790531089	gain	85908
PD62030a	6	31111726	33084946	1	1	M	0.22	3.43769790531089	loss	1973221
PD62030a	6	33084991	33133599	2	2	M	0.22	3.43769790531089	gain	48609
PD62030a	6	33133656	33287592	2	1	M	0.22	3.43769790531089	neutral	153937
PD62030a	6	33288514	33398205	0	0	M	0.22	3.43769790531089	loss	109692
PD62030a	6	33398310	41097551	2	1	M	0.22	3.43769790531089	neutral	7699242
PD62030a	6	41132435	44446758	11	2	M	0.22	3.43769790531089	gain	3314324
PD62030a	6	44829984	78958618	3	2	M	0.22	3.43769790531089	gain	34128635
PD62030a	6	78961635	170584376	2	1	M	0.22	3.43769790531089	neutral	91622742
PD62030a	7	193222	1587199	2	2	M	0.22	3.43769790531089	gain	1393978
PD62030a	7	1587267	1618290	6	6	M	0.22	3.43769790531089	gain	31024
PD62030a	7	1618295	73865219	3	2	M	0.22	3.43769790531089	gain	72246925
PD62030a	7	73865329	74235374	4	3	M	0.22	3.43769790531089	gain	370046
PD62030a	7	74235433	99178073	2	2	M	0.22	3.43769790531089	gain	24942641
PD62030a	7	99178113	99365717	5	4	M	0.22	3.43769790531089	gain	187605
PD62030a	7	99385711	100721802	2	2	M	0.22	3.43769790531089	gain	1336092
PD62030a	7	100722010	100819535	6	6	M	0.22	3.43769790531089	gain	97526
PD62030a	7	100819710	159233344	2	2	M	0.22	3.43769790531089	gain	58413635
PD62030a	8	232977	143923335	4	1	M	0.22	3.43769790531089	gain	143690359
PD62030a	8	143923352	143925888	20	0	M	0.22	3.43769790531089	gain	2537
PD62030a	8	143926722	143983869	2	0	M	0.22	3.43769790531089	loss	57148
PD62030a	8	143984092	144431185	4	1	M	0.22	3.43769790531089	gain	447094
PD62030a	8	144431249	144523303	2	0	M	0.22	3.43769790531089	loss	92055
PD62030a	8	144523369	145054093	4	1	M	0.22	3.43769790531089	gain	530725
PD62030a	9	154795	133154023	2	2	M	0.22	3.43769790531089	gain	132999229
PD62030a	9	133154087	133155329	1	1	M	0.22	3.43769790531089	loss	1243
PD62030a	9	133155928	138177328	2	2	M	0.22	3.43769790531089	gain	5021401
PD62030a	10	49156	25952096	2	0	M	0.22	3.43769790531089	loss	25902941
PD62030a	10	25997174	36524321	4	2	M	0.22	3.43769790531089	gain	10527148
PD62030a	10	37130290	133167449	2	1	M	0.22	3.43769790531089	neutral	96037160
PD62030a	10	133167619	133230949	5	4	M	0.22	3.43769790531089	gain	63331
PD62030a	10	133231482	133459581	1	1	M	0.22	3.43769790531089	loss	228100
PD62030a	10	133459694	133625894	3	3	M	0.22	3.43769790531089	gain	166201
PD62030a	11	197291	801644	2	1	M	0.22	3.43769790531089	neutral	604354
PD62030a	11	801706	840639	1	0	M	0.22	3.43769790531089	loss	38934
PD62030a	11	842360	6600789	2	2	M	0.22	3.43769790531089	gain	5758430
PD62030a	11	6600882	6683305	0	0	M	0.22	3.43769790531089	loss	82424
PD62030a	11	6683379	64369866	2	2	M	0.22	3.43769790531089	gain	57686488
PD62030a	11	64370770	64740560	4	4	M	0.22	3.43769790531089	gain	369791
PD62030a	11	64740781	65849136	2	1	M	0.22	3.43769790531089	neutral	1108356
PD62030a	11	65849339	65920104	1	0	M	0.22	3.43769790531089	loss	70766
PD62030a	11	65921625	65960021	5	4	M	0.22	3.43769790531089	gain	38397
PD62030a	11	65960037	69062805	2	1	M	0.22	3.43769790531089	neutral	3102769
PD62030a	11	69063044	117239145	3	2	M	0.22	3.43769790531089	gain	48176102
PD62030a	11	117239701	117299674	3	3	M	0.22	3.43769790531089	gain	59974
PD62030a	11	117299743	134986843	2	2	M	0.22	3.43769790531089	gain	17687101
PD62030a	12	66973	6943943	3	0	M	0.22	3.43769790531089	neutral	6876971
PD62030a	12	6943954	7018368	0	0	M	0.22	3.43769790531089	loss	74415
PD62030a	12	7061765	52848911	3	0	M	0.22	3.43769790531089	neutral	45787147
PD62030a	12	52897455	53058730	1	0	M	0.22	3.43769790531089	loss	161276
PD62030a	12	53058954	122823491	3	0	M	0.22	3.43769790531089	neutral	69764538
PD62030a	12	122834824	122855607	2	0	M	0.22	3.43769790531089	loss	20784
PD62030a	12	122855765	133234349	3	0	M	0.22	3.43769790531089	neutral	10378585
PD62030a	13	19026300	114325924	4	1	M	0.22	3.43769790531089	gain	95299625
PD62030a	14	19097559	23941208	2	2	M	0.22	3.43769790531089	gain	4843650
PD62030a	14	23953586	24442963	1	0	M	0.22	3.43769790531089	loss	489378
PD62030a	14	24501543	104949820	2	2	M	0.22	3.43769790531089	gain	80448278
PD62030a	14	104949829	104955507	4	4	M	0.22	3.43769790531089	gain	5679
PD62030a	14	104957472	105855427	3	2	M	0.22	3.43769790531089	gain	897956
PD62030a	14	105855447	105916907	5	4	M	0.22	3.43769790531089	gain	61461
PD62030a	14	105919429	106874913	2	2	M	0.22	3.43769790531089	gain	955485
PD62030a	15	19964758	25197824	2	2	M	0.22	3.43769790531089	gain	5233067
PD62030a	15	25197854	25339138	3	2	M	0.22	3.43769790531089	gain	141285
PD62030a	15	25340026	43696375	1	1	M	0.22	3.43769790531089	loss	18356350
PD62030a	15	43696377	43732696	2	2	M	0.22	3.43769790531089	gain	36320
PD62030a	15	43736954	43827219	0	0	M	0.22	3.43769790531089	loss	90266
PD62030a	15	43827248	85533450	1	1	M	0.22	3.43769790531089	loss	41706203
PD62030a	15	85533471	85717458	0	0	M	0.22	3.43769790531089	loss	183988
PD62030a	15	85717469	101849608	1	1	M	0.22	3.43769790531089	loss	16132140
PD62030a	16	47541	635813	2	2	M	0.22	3.43769790531089	gain	588273
PD62030a	16	637992	667057	1	0	M	0.22	3.43769790531089	loss	29066
PD62030a	16	667085	2500438	2	2	M	0.22	3.43769790531089	gain	1833354
PD62030a	16	2500465	2532050	0	0	M	0.22	3.43769790531089	loss	31586
PD62030a	16	2586801	2968574	3	2	M	0.22	3.43769790531089	gain	381774
PD62030a	16	2969651	2971805	1	0	M	0.22	3.43769790531089	loss	2155
PD62030a	16	2971985	29802941	2	2	M	0.22	3.43769790531089	gain	26830957
PD62030a	16	29803027	29819508	0	0	M	0.22	3.43769790531089	loss	16482
PD62030a	16	29819546	81045055	2	1	M	0.22	3.43769790531089	neutral	51225510
PD62030a	16	81053883	81061758	4	3	M	0.22	3.43769790531089	gain	7876
PD62030a	16	81061773	90094900	2	2	M	0.22	3.43769790531089	gain	9033128
PD62030a	17	156162	18126724	3	0	M	0.22	3.43769790531089	neutral	17970563
PD62030a	17	18126767	18136365	7	2	M	0.22	3.43769790531089	gain	9599
PD62030a	17	18136443	58363181	3	0	M	0.22	3.43769790531089	neutral	40226739
PD62030a	17	58363245	58422311	0	0	M	0.22	3.43769790531089	loss	59067
PD62030a	17	58422471	63824520	3	0	M	0.22	3.43769790531089	neutral	5402050
PD62030a	17	63824651	63834584	0	0	M	0.22	3.43769790531089	loss	9934
PD62030a	17	63834617	64496572	4	0	M	0.22	3.43769790531089	gain	661956
PD62030a	17	64496847	64510305	0	0	M	0.22	3.43769790531089	loss	13459
PD62030a	17	64514379	81463711	3	0	M	0.22	3.43769790531089	neutral	16949333
PD62030a	17	81510690	81511216	0	0	M	0.22	3.43769790531089	loss	527
PD62030a	17	81511276	83135891	3	0	M	0.22	3.43769790531089	neutral	1624616
PD62030a	18	120645	80202756	2	1	M	0.22	3.43769790531089	neutral	80082112
PD62030a	19	281376	1106263	3	1	M	0.22	3.43769790531089	gain	824888
PD62030a	19	1106333	1219422	2	0	M	0.22	3.43769790531089	loss	113090
PD62030a	19	1220322	3933623	3	1	M	0.22	3.43769790531089	gain	2713302
PD62030a	19	3936471	3961535	7	3	M	0.22	3.43769790531089	gain	25065
PD62030a	19	3963526	4013391	0	0	M	0.22	3.43769790531089	loss	49866
PD62030a	19	4024022	5687048	3	1	M	0.22	3.43769790531089	gain	1663027
PD62030a	19	5687387	5696562	0	0	M	0.22	3.43769790531089	loss	9176
PD62030a	19	5696600	8605243	3	1	M	0.22	3.43769790531089	gain	2908644
PD62030a	19	8605249	23662307	3	3	M	0.22	3.43769790531089	gain	15057059
PD62030a	19	23663036	29665748	2	1	M	0.22	3.43769790531089	neutral	6002713
PD62030a	19	29665817	35744530	3	0	M	0.22	3.43769790531089	neutral	6078714
PD62030a	19	35744754	35759941	0	0	M	0.22	3.43769790531089	loss	15188
PD62030a	19	35761981	35807183	5	2	M	0.22	3.43769790531089	gain	45203
PD62030a	19	35807198	38411283	3	1	M	0.22	3.43769790531089	gain	2604086
PD62030a	19	38412690	38616263	5	2	M	0.22	3.43769790531089	gain	203574
PD62030a	19	38616280	38740277	0	0	M	0.22	3.43769790531089	loss	123998
PD62030a	19	38741797	38879577	2	0	M	0.22	3.43769790531089	loss	137781
PD62030a	19	38879816	48464806	3	1	M	0.22	3.43769790531089	gain	9584991
PD62030a	19	48469483	49884502	2	0	M	0.22	3.43769790531089	loss	1415020
PD62030a	19	49884690	54436535	3	1	M	0.22	3.43769790531089	gain	4551846
PD62030a	19	54436562	54463424	0	0	M	0.22	3.43769790531089	loss	26863
PD62030a	19	54463430	55621742	3	1	M	0.22	3.43769790531089	gain	1158313
PD62030a	19	55621837	55715091	1	0	M	0.22	3.43769790531089	loss	93255
PD62030a	19	55715180	58480356	3	1	M	0.22	3.43769790531089	gain	2765177
PD62030a	19	58480376	58572521	0	0	M	0.22	3.43769790531089	loss	92146
PD62030a	20	87541	25081365	3	1	M	0.22	3.43769790531089	gain	24993825
PD62030a	20	25081411	25407928	2	0	M	0.22	3.43769790531089	loss	326518
PD62030a	20	25413736	31607363	5	2	M	0.22	3.43769790531089	gain	6193628
PD62030a	20	31638887	62310086	7	1	M	0.22	3.43769790531089	gain	30671200
PD62030a	20	62310306	62310750	15	5	M	0.22	3.43769790531089	gain	445
PD62030a	20	62310789	63284609	7	1	M	0.22	3.43769790531089	gain	973821
PD62030a	20	63284610	63349782	9	2	M	0.22	3.43769790531089	gain	65173
PD62030a	20	63349861	64273629	7	1	M	0.22	3.43769790531089	gain	923769
PD62030a	21	9068512	10473637	3	2	M	0.22	3.43769790531089	gain	1405126
PD62030a	21	10473661	10602254	3	3	M	0.22	3.43769790531089	gain	128594
PD62030a	21	10602262	46664523	1	1	M	0.22	3.43769790531089	loss	36062262
PD62030a	22	16572142	49910664	2	0	M	0.22	3.43769790531089	loss	33338523
PD62030a	22	49913292	50016642	0	0	M	0.22	3.43769790531089	loss	103351
PD62030a	22	50030504	50045832	5	1	M	0.22	3.43769790531089	gain	15329
PD62030a	22	50045842	50179297	4	1	M	0.22	3.43769790531089	gain	133456
PD62030a	22	50192855	50780662	1	0	M	0.22	3.43769790531089	loss	587808
PD62030a	X	284193	312748	3	0	M	0.22	3.43769790531089	gain	28556
PD62030a	X	312758	361479	4	0	M	0.22	3.43769790531089	gain	48722
PD62030a	X	361522	634584	12	0	M	0.22	3.43769790531089	gain	273063
PD62030a	X	634603	2740742	6	0	M	0.22	3.43769790531089	gain	2106140
PD62030a	X	2740756	2789693	4	0	M	0.22	3.43769790531089	gain	48938
PD62030a	X	2794620	139956284	2	0	M	0.22	3.43769790531089	gain	137161665
PD62030a	X	139956377	141906122	4	0	M	0.22	3.43769790531089	gain	1949746
PD62030a	X	141906175	141908153	5	0	M	0.22	3.43769790531089	gain	1979
PD62030a	X	141908341	153674273	2	0	M	0.22	3.43769790531089	gain	11765933
PD62030a	X	153688862	153740390	0	0	M	0.22	3.43769790531089	loss	51529
PD62030a	X	153765478	155524613	1	0	M	0.22	3.43769790531089	loss	1759136
PD62030a	X	155545046	156005413	3	0	M	0.22	3.43769790531089	gain	460368
PD62030c	1	826681	121568263	1	1	M	0.21	3.31881163988497	loss	120741583
PD62030c	1	143544192	152511769	2	1	M	0.21	3.31881163988497	neutral	8967578
PD62030c	1	152511784	153297916	4	3	M	0.21	3.31881163988497	gain	786133
PD62030c	1	153298104	248918428	2	1	M	0.21	3.31881163988497	neutral	95620325
PD62030c	2	41393	233779390	2	1	M	0.21	3.31881163988497	neutral	233737998
PD62030c	2	233779681	233794498	5	4	M	0.21	3.31881163988497	gain	14818
PD62030c	2	233795504	242004549	2	2	M	0.21	3.31881163988497	gain	8209046
PD62030c	3	197937	198038561	2	2	M	0.21	3.31881163988497	gain	197840625
PD62030c	4	85813	22420784	2	1	M	0.21	3.31881163988497	neutral	22334972
PD62030c	4	22420992	190025891	1	1	M	0.21	3.31881163988497	loss	167604900
PD62030c	5	140238	50399127	3	2	M	0.21	3.31881163988497	gain	50258890
PD62030c	5	50399214	132217302	1	1	M	0.21	3.31881163988497	loss	81818089
PD62030c	5	132217378	132334853	0	0	M	0.21	3.31881163988497	loss	117476
PD62030c	5	132335767	176887610	1	1	M	0.21	3.31881163988497	loss	44551844
PD62030c	5	176887638	177023371	2	2	M	0.21	3.31881163988497	gain	135734
PD62030c	5	177041246	181260906	1	1	M	0.21	3.31881163988497	loss	4219661
PD62030c	6	203397	31025722	2	1	M	0.21	3.31881163988497	neutral	30822326
PD62030c	6	31025756	31034983	3	2	M	0.21	3.31881163988497	gain	9228
PD62030c	6	31111297	32393866	1	1	M	0.21	3.31881163988497	loss	1282570
PD62030c	6	32393893	32394639	0	0	M	0.21	3.31881163988497	loss	747
PD62030c	6	32394656	41132435	1	1	M	0.21	3.31881163988497	loss	8737780
PD62030c	6	41133059	41198411	7	7	M	0.21	3.31881163988497	gain	65353
PD62030c	6	41198413	44435664	11	2	M	0.21	3.31881163988497	gain	3237252
PD62030c	6	44435701	78947674	2	2	M	0.21	3.31881163988497	gain	34511974
PD62030c	6	78954723	170584376	2	1	M	0.21	3.31881163988497	neutral	91629654
PD62030c	7	193222	159233344	2	2	M	0.21	3.31881163988497	gain	159040123
PD62030c	8	232977	145054093	4	1	M	0.21	3.31881163988497	gain	144821117
PD62030c	9	154795	42796064	2	1	M	0.21	3.31881163988497	neutral	42641270
PD62030c	9	62801194	138177328	2	2	M	0.21	3.31881163988497	gain	75376135
PD62030c	10	49156	26771243	2	0	M	0.21	3.31881163988497	loss	26722088
PD62030c	10	26777047	36524269	4	3	M	0.21	3.31881163988497	gain	9747223
PD62030c	10	36524270	133167449	2	1	M	0.21	3.31881163988497	neutral	96643180
PD62030c	10	133167619	133263254	3	3	M	0.21	3.31881163988497	gain	95636
PD62030c	10	133263293	133459581	1	1	M	0.21	3.31881163988497	loss	196289
PD62030c	10	133459694	133625894	3	3	M	0.21	3.31881163988497	gain	166201
PD62030c	11	197291	842630	1	1	M	0.21	3.31881163988497	loss	645340
PD62030c	11	850170	6319508	3	2	M	0.21	3.31881163988497	gain	5469339
PD62030c	11	6319625	69675233	2	1	M	0.21	3.31881163988497	neutral	63355609
PD62030c	11	69699427	134986843	2	2	M	0.21	3.31881163988497	gain	65287417
PD62030c	12	66973	133234349	3	0	M	0.21	3.31881163988497	neutral	133167377
PD62030c	13	19026300	114325924	5	1	M	0.21	3.31881163988497	gain	95299625
PD62030c	14	19097559	105855427	2	2	M	0.21	3.31881163988497	gain	86757869
PD62030c	14	105855447	105971014	4	3	M	0.21	3.31881163988497	gain	115568
PD62030c	14	105971066	106185160	3	2	M	0.21	3.31881163988497	gain	214095
PD62030c	14	106185165	106470307	4	3	M	0.21	3.31881163988497	gain	285143
PD62030c	14	106470362	106874913	3	3	M	0.21	3.31881163988497	gain	404552
PD62030c	15	19964758	29126542	2	2	M	0.21	3.31881163988497	gain	9161785
PD62030c	15	29128720	101849608	1	1	M	0.21	3.31881163988497	loss	72720889
PD62030c	16	47541	90094900	2	1	M	0.21	3.31881163988497	neutral	90047360
PD62030c	17	156162	48623183	3	0	M	0.21	3.31881163988497	neutral	48467022
PD62030c	17	48625711	48936020	1	0	M	0.21	3.31881163988497	loss	310310
PD62030c	17	48936029	83135891	3	0	M	0.21	3.31881163988497	neutral	34199863
PD62030c	18	120645	80202756	2	1	M	0.21	3.31881163988497	neutral	80082112
PD62030c	19	281376	3933623	2	0	M	0.21	3.31881163988497	loss	3652248
PD62030c	19	3936471	3959394	5	2	M	0.21	3.31881163988497	gain	22924
PD62030c	19	3959446	8698550	3	0	M	0.21	3.31881163988497	neutral	4739105
PD62030c	19	8698592	8897601	4	1	M	0.21	3.31881163988497	gain	199010
PD62030c	19	8897717	8976798	3	1	M	0.21	3.31881163988497	gain	79082
PD62030c	19	8976939	29563966	3	2	M	0.21	3.31881163988497	gain	20587028
PD62030c	19	29606281	35759941	2	0	M	0.21	3.31881163988497	loss	6153661
PD62030c	19	35761981	35807183	4	1	M	0.21	3.31881163988497	gain	45203
PD62030c	19	35807198	38740277	3	0	M	0.21	3.31881163988497	neutral	2933080
PD62030c	19	38741797	38873880	1	0	M	0.21	3.31881163988497	loss	132084
PD62030c	19	38873944	49891371	2	0	M	0.21	3.31881163988497	loss	11017428
PD62030c	19	49894242	54436535	3	1	M	0.21	3.31881163988497	gain	4542294
PD62030c	19	54436562	54463424	0	0	M	0.21	3.31881163988497	loss	26863
PD62030c	19	54463430	54574458	4	1	M	0.21	3.31881163988497	gain	111029
PD62030c	19	54574495	54631632	5	2	M	0.21	3.31881163988497	gain	57138
PD62030c	19	54631705	58471686	3	0	M	0.21	3.31881163988497	neutral	3839982
PD62030c	19	58471911	58572521	0	0	M	0.21	3.31881163988497	loss	100611
PD62030c	20	87541	31638902	3	2	M	0.21	3.31881163988497	gain	31551362
PD62030c	20	31638961	33680374	6	2	M	0.21	3.31881163988497	gain	2041414
PD62030c	20	33707700	63284609	7	1	M	0.21	3.31881163988497	gain	29576910
PD62030c	20	63284610	63349782	10	2	M	0.21	3.31881163988497	gain	65173
PD62030c	20	63349861	64273629	7	1	M	0.21	3.31881163988497	gain	923769
PD62030c	21	9068512	10602254	3	3	M	0.21	3.31881163988497	gain	1533743
PD62030c	21	10602262	46664523	1	1	M	0.21	3.31881163988497	loss	36062262
PD62030c	22	16572142	50780662	2	0	M	0.21	3.31881163988497	loss	34208521
PD62030c	X	284193	1387331	3	1	M	0.21	3.31881163988497	gain	1103139
PD62030c	X	1387425	1412872	2	0	M	0.21	3.31881163988497	gain	25448
PD62030c	X	1412877	1599411	3	1	M	0.21	3.31881163988497	gain	186535
PD62030c	X	1599465	3317987	4	0	M	0.21	3.31881163988497	gain	1718523
PD62030c	X	3320093	155514051	2	0	M	0.21	3.31881163988497	gain	152193959
PD62030c	X	155524613	156005413	4	0	M	0.21	3.31881163988497	gain	480801
PD62030d	1	826681	248918428	1	1	M	0.47	1.9863870313688	neutral	248091748
PD62030d	2	41393	242004549	1	1	M	0.47	1.9863870313688	neutral	241963157
PD62030d	3	197937	198038561	1	1	M	0.47	1.9863870313688	neutral	197840625
PD62030d	4	85813	188002870	1	1	M	0.47	1.9863870313688	neutral	187917058
PD62030d	4	188003296	190025891	2	1	M	0.47	1.9863870313688	gain	2022596
PD62030d	5	140238	181260906	1	1	M	0.47	1.9863870313688	neutral	181120669
PD62030d	6	203397	32365466	1	1	M	0.47	1.9863870313688	neutral	32162070
PD62030d	6	32365522	32745322	1	0	M	0.47	1.9863870313688	loss	379801
PD62030d	6	32745411	41350840	1	1	M	0.47	1.9863870313688	neutral	8605430
PD62030d	6	41350849	44829984	2	1	M	0.47	1.9863870313688	gain	3479136
PD62030d	6	44932633	170584376	1	1	M	0.47	1.9863870313688	neutral	125651744
PD62030d	7	193222	159233344	1	1	M	0.47	1.9863870313688	neutral	159040123
PD62030d	8	232977	145054093	1	1	M	0.47	1.9863870313688	neutral	144821117
PD62030d	9	154795	138177328	1	1	M	0.47	1.9863870313688	neutral	138022534
PD62030d	10	49156	133625894	1	1	M	0.47	1.9863870313688	neutral	133576739
PD62030d	11	197291	134986843	1	1	M	0.47	1.9863870313688	neutral	134789553
PD62030d	12	66973	133234349	1	1	M	0.47	1.9863870313688	neutral	133167377
PD62030d	13	19026300	114325924	1	1	M	0.47	1.9863870313688	neutral	95299625
PD62030d	14	19097559	106874913	1	1	M	0.47	1.9863870313688	neutral	87777355
PD62030d	15	19964758	101849608	1	1	M	0.47	1.9863870313688	neutral	81884851
PD62030d	16	47541	90094900	1	1	M	0.47	1.9863870313688	neutral	90047360
PD62030d	17	156162	83135891	1	1	M	0.47	1.9863870313688	neutral	82979730
PD62030d	18	120645	80202756	1	1	M	0.47	1.9863870313688	neutral	80082112
PD62030d	19	281376	58572521	1	1	M	0.47	1.9863870313688	neutral	58291146
PD62030d	20	87541	64273629	1	1	M	0.47	1.9863870313688	neutral	64186089
PD62030d	21	9068512	46664523	1	1	M	0.47	1.9863870313688	neutral	37596012
PD62030d	22	16572142	50780662	1	1	M	0.47	1.9863870313688	neutral	34208521
PD62030d	X	284193	1412808	2	1	M	0.47	1.9863870313688	gain	1128616
PD62030d	X	1412872	1595300	1	0	M	0.47	1.9863870313688	neutral	182429
PD62030d	X	1599408	2782161	2	0	M	0.47	1.9863870313688	gain	1182754
PD62030d	X	2789667	155524613	1	0	M	0.47	1.9863870313688	neutral	152734947
PD62030d	X	155545046	156005413	2	0	M	0.47	1.9863870313688	gain	460368
PD62031a	1	826681	160424220	1	1	M	0.51	1.98385596003844	neutral	159597540
PD62031a	1	160424383	160490754	1	0	M	0.51	1.98385596003844	loss	66372
PD62031a	1	160490774	169708568	1	1	M	0.51	1.98385596003844	neutral	9217795
PD62031a	1	169708781	169711588	0	0	M	0.51	1.98385596003844	loss	2808
PD62031a	1	169725777	248918428	1	1	M	0.51	1.98385596003844	neutral	79192652
PD62031a	2	41404	224885606	1	1	M	0.51	1.98385596003844	neutral	224844203
PD62031a	2	224885870	224983933	1	0	M	0.51	1.98385596003844	loss	98064
PD62031a	2	225010441	231594159	1	1	M	0.51	1.98385596003844	neutral	6583719
PD62031a	2	231707595	231712711	0	0	M	0.51	1.98385596003844	loss	5117
PD62031a	2	231712809	242004549	1	1	M	0.51	1.98385596003844	neutral	10291741
PD62031a	3	197664	198038561	1	1	M	0.51	1.98385596003844	neutral	197840898
PD62031a	4	85813	102674070	1	1	M	0.51	1.98385596003844	neutral	102588258
PD62031a	4	102689715	103096220	1	0	M	0.51	1.98385596003844	loss	406506
PD62031a	4	103106341	190025891	1	1	M	0.51	1.98385596003844	neutral	86919551
PD62031a	5	140238	96737924	1	1	M	0.51	1.98385596003844	neutral	96597687
PD62031a	5	96740603	100895893	1	0	M	0.51	1.98385596003844	loss	4155291
PD62031a	5	100900284	140850552	1	1	M	0.51	1.98385596003844	neutral	39950269
PD62031a	5	140850586	141303456	2	1	M	0.51	1.98385596003844	gain	452871
PD62031a	5	141303530	181260906	1	1	M	0.51	1.98385596003844	neutral	39957377
PD62031a	6	203397	26017148	1	1	M	0.51	1.98385596003844	neutral	25813752
PD62031a	6	26017235	26368115	0	0	M	0.51	1.98385596003844	loss	350881
PD62031a	6	26370235	26638275	1	0	M	0.51	1.98385596003844	loss	268041
PD62031a	6	27132233	27147705	0	0	M	0.51	1.98385596003844	loss	15473
PD62031a	6	27247827	27324974	2	1	M	0.51	1.98385596003844	gain	77148
PD62031a	6	27325149	27814232	1	0	M	0.51	1.98385596003844	loss	489084
PD62031a	6	27814235	27893904	0	0	M	0.51	1.98385596003844	loss	79670
PD62031a	6	27911277	32637511	1	1	M	0.51	1.98385596003844	neutral	4726235
PD62031a	6	32637518	33593087	1	0	M	0.51	1.98385596003844	loss	955570
PD62031a	6	33593119	106451851	1	1	M	0.51	1.98385596003844	neutral	72858733
PD62031a	6	106511264	106539286	0	0	M	0.51	1.98385596003844	loss	28023
PD62031a	6	106539367	170584376	1	1	M	0.51	1.98385596003844	neutral	64045010
PD62031a	7	193222	43619779	1	1	M	0.51	1.98385596003844	neutral	43426558
PD62031a	7	43623465	43648635	0	0	M	0.51	1.98385596003844	loss	25171
PD62031a	7	43771096	100405149	1	1	M	0.51	1.98385596003844	neutral	56634054
PD62031a	7	100406771	100575429	1	0	M	0.51	1.98385596003844	loss	168659
PD62031a	7	100575559	100952551	1	1	M	0.51	1.98385596003844	neutral	376993
PD62031a	7	100958932	101058007	2	2	M	0.51	1.98385596003844	gain	99076
PD62031a	7	101058052	150959828	1	1	M	0.51	1.98385596003844	neutral	49901777
PD62031a	7	150974681	150996597	1	0	M	0.51	1.98385596003844	loss	21917
PD62031a	7	150996614	159233344	1	1	M	0.51	1.98385596003844	neutral	8236731
PD62031a	8	232977	33509735	1	1	M	0.51	1.98385596003844	neutral	33276759
PD62031a	8	33509857	33550931	0	0	M	0.51	1.98385596003844	loss	41075
PD62031a	8	33551162	145054093	1	1	M	0.51	1.98385596003844	neutral	111502932
PD62031a	9	154795	138177303	1	1	M	0.51	1.98385596003844	neutral	138022509
PD62031a	10	49134	133625894	1	1	M	0.51	1.98385596003844	neutral	133576761
PD62031a	11	197291	320411	1	0	M	0.51	1.98385596003844	loss	123121
PD62031a	11	369796	619671	1	1	M	0.51	1.98385596003844	neutral	249876
PD62031a	11	619761	636706	2	2	M	0.51	1.98385596003844	gain	16946
PD62031a	11	637451	6319733	1	1	M	0.51	1.98385596003844	neutral	5682283
PD62031a	11	6320018	6720097	1	0	M	0.51	1.98385596003844	loss	400080
PD62031a	11	6767901	62560566	1	1	M	0.51	1.98385596003844	neutral	55792666
PD62031a	11	62566624	62856531	1	0	M	0.51	1.98385596003844	loss	289908
PD62031a	11	62870849	65132390	1	1	M	0.51	1.98385596003844	neutral	2261542
PD62031a	11	65132686	65133670	0	0	M	0.51	1.98385596003844	loss	985
PD62031a	11	65170212	65466338	2	0	M	0.51	1.98385596003844	neutral	296127
PD62031a	11	65497787	65506289	0	0	M	0.51	1.98385596003844	loss	8503
PD62031a	11	65525114	66515549	1	0	M	0.51	1.98385596003844	loss	990436
PD62031a	11	66515633	134986843	1	1	M	0.51	1.98385596003844	neutral	68471211
PD62031a	12	66973	558756	1	1	M	0.51	1.98385596003844	neutral	491784
PD62031a	12	559189	643107	1	0	M	0.51	1.98385596003844	loss	83919
PD62031a	12	643161	6960179	1	1	M	0.51	1.98385596003844	neutral	6317019
PD62031a	12	6960264	6974291	0	0	M	0.51	1.98385596003844	loss	14028
PD62031a	12	6975270	133234532	1	1	M	0.51	1.98385596003844	neutral	126259263
PD62031a	13	19026300	114325924	1	1	M	0.51	1.98385596003844	neutral	95299625
PD62031a	14	19097607	24100074	1	1	M	0.51	1.98385596003844	neutral	5002468
PD62031a	14	24100195	24194648	1	0	M	0.51	1.98385596003844	loss	94454
PD62031a	14	24195032	105707884	1	1	M	0.51	1.98385596003844	neutral	81512853
PD62031a	14	105707924	105855427	1	0	M	0.51	1.98385596003844	loss	147504
PD62031a	14	105855447	105856156	0	0	M	0.51	1.98385596003844	loss	710
PD62031a	14	105859607	106874913	1	1	M	0.51	1.98385596003844	neutral	1015307
PD62031a	15	19964758	43696327	1	1	M	0.51	1.98385596003844	neutral	23731570
PD62031a	15	43696375	43766134	2	1	M	0.51	1.98385596003844	gain	69760
PD62031a	15	43766740	66520503	1	1	M	0.51	1.98385596003844	neutral	22753764
PD62031a	15	66520658	81225631	2	1	M	0.51	1.98385596003844	gain	14704974
PD62031a	15	81265704	81290527	1	0	M	0.51	1.98385596003844	loss	24824
PD62031a	15	81291679	92796479	2	1	M	0.51	1.98385596003844	gain	11504801
PD62031a	15	92796518	92904992	0	0	M	0.51	1.98385596003844	loss	108475
PD62031a	15	92924481	101849608	2	1	M	0.51	1.98385596003844	gain	8925128
PD62031a	16	47541	67457677	1	1	M	0.51	1.98385596003844	neutral	67410137
PD62031a	16	67480876	67658583	1	0	M	0.51	1.98385596003844	loss	177708
PD62031a	16	67658860	90075852	1	1	M	0.51	1.98385596003844	neutral	22416993
PD62031a	17	156162	2690790	1	1	M	0.51	1.98385596003844	neutral	2534629
PD62031a	17	2691601	2694423	2	1	M	0.51	1.98385596003844	gain	2823
PD62031a	17	2694429	63657973	1	1	M	0.51	1.98385596003844	neutral	60963545
PD62031a	17	63667032	64537014	1	0	M	0.51	1.98385596003844	loss	869983
PD62031a	17	64546379	76084362	1	1	M	0.51	1.98385596003844	neutral	11537984
PD62031a	17	76084461	76270241	1	0	M	0.51	1.98385596003844	loss	185781
PD62031a	17	76270513	83135891	1	1	M	0.51	1.98385596003844	neutral	6865379
PD62031a	18	120645	49590450	1	1	M	0.51	1.98385596003844	neutral	49469806
PD62031a	18	49785143	80202756	1	0	M	0.51	1.98385596003844	loss	30417614
PD62031a	19	281468	8698356	1	1	M	0.51	1.98385596003844	neutral	8416889
PD62031a	19	8698472	10058629	2	1	M	0.51	1.98385596003844	gain	1360158
PD62031a	19	10058801	39329602	1	1	M	0.51	1.98385596003844	neutral	29270802
PD62031a	19	39329668	39409613	1	0	M	0.51	1.98385596003844	loss	79946
PD62031a	19	39409649	49202092	1	1	M	0.51	1.98385596003844	neutral	9792444
PD62031a	19	49202158	49211114	2	1	M	0.51	1.98385596003844	gain	8957
PD62031a	19	49211240	58572521	1	1	M	0.51	1.98385596003844	neutral	9361282
PD62031a	20	87623	59207095	1	1	M	0.51	1.98385596003844	neutral	59119473
PD62031a	20	59253079	59321077	1	0	M	0.51	1.98385596003844	loss	67999
PD62031a	20	59321176	64273629	1	1	M	0.51	1.98385596003844	neutral	4952454
PD62031a	21	9068512	46664392	1	1	M	0.51	1.98385596003844	neutral	37595881
PD62031a	22	16572142	50780662	1	1	M	0.51	1.98385596003844	neutral	34208521
PD62031a	X	284193	2774703	2	0	M	0.51	1.98385596003844	gain	2490511
PD62031a	X	2781927	136511853	1	0	M	0.51	1.98385596003844	neutral	133729927
PD62031a	X	136512040	136879545	0	0	M	0.51	1.98385596003844	loss	367506
PD62031a	X	137030450	155545046	1	0	M	0.51	1.98385596003844	neutral	18514597
PD62031a	X	155773979	156005413	3	0	M	0.51	1.98385596003844	gain	231435
PD62031c	1	826681	110603640	1	1	M	0.49	2.18479139422063	neutral	109776960
PD62031c	1	110604165	111766348	1	0	M	0.49	2.18479139422063	loss	1162184
PD62031c	1	111766350	121568263	1	1	M	0.49	2.18479139422063	neutral	9801914
PD62031c	1	143544307	151365491	1	0	M	0.49	2.18479139422063	loss	7821185
PD62031c	1	151365578	160425010	1	1	M	0.49	2.18479139422063	neutral	9059433
PD62031c	1	160425140	160490754	1	0	M	0.49	2.18479139422063	loss	65615
PD62031c	1	160490774	169597154	1	1	M	0.49	2.18479139422063	neutral	9106381
PD62031c	1	169603107	169708883	0	0	M	0.49	2.18479139422063	loss	105777
PD62031c	1	169710412	248918428	1	1	M	0.49	2.18479139422063	neutral	79208017
PD62031c	2	41404	230207854	1	1	M	0.49	2.18479139422063	neutral	230166451
PD62031c	2	230207893	230542046	1	0	M	0.49	2.18479139422063	loss	334154
PD62031c	2	230542116	242004549	1	1	M	0.49	2.18479139422063	neutral	11462434
PD62031c	3	197664	198038561	1	1	M	0.49	2.18479139422063	neutral	197840898
PD62031c	4	85813	190025891	1	1	M	0.49	2.18479139422063	neutral	189940079
PD62031c	5	140238	96803892	1	1	M	0.49	2.18479139422063	neutral	96663655
PD62031c	5	96814196	97013841	1	0	M	0.49	2.18479139422063	loss	199646
PD62031c	5	97014870	140788502	1	1	M	0.49	2.18479139422063	neutral	43773633
PD62031c	5	140788503	141491858	2	1	M	0.49	2.18479139422063	gain	703356
PD62031c	5	141491971	181260906	1	1	M	0.49	2.18479139422063	neutral	39768936
PD62031c	6	203397	26017776	2	1	M	0.49	2.18479139422063	gain	25814380
PD62031c	6	26020440	27324974	1	0	M	0.49	2.18479139422063	loss	1304535
PD62031c	6	27325149	27814232	2	0	M	0.49	2.18479139422063	neutral	489084
PD62031c	6	27814235	27911422	1	0	M	0.49	2.18479139422063	loss	97188
PD62031c	6	27911511	31154787	2	1	M	0.49	2.18479139422063	gain	3243277
PD62031c	6	31156714	32666431	1	1	M	0.49	2.18479139422063	neutral	1509718
PD62031c	6	32666432	32745241	0	0	M	0.49	2.18479139422063	loss	78810
PD62031c	6	32745253	32813180	2	1	M	0.49	2.18479139422063	gain	67928
PD62031c	6	32813299	33574746	1	1	M	0.49	2.18479139422063	neutral	761448
PD62031c	6	33575339	106451851	2	1	M	0.49	2.18479139422063	gain	72876513
PD62031c	6	106511264	106555811	1	0	M	0.49	2.18479139422063	loss	44548
PD62031c	6	106555935	170584376	2	1	M	0.49	2.18479139422063	gain	64028442
PD62031c	7	193222	100405149	1	1	M	0.49	2.18479139422063	neutral	100211928
PD62031c	7	100406771	100575429	1	0	M	0.49	2.18479139422063	loss	168659
PD62031c	7	100575559	159233344	1	1	M	0.49	2.18479139422063	neutral	58657786
PD62031c	8	232977	145054093	2	1	M	0.49	2.18479139422063	gain	144821117
PD62031c	9	154795	129807117	1	1	M	0.49	2.18479139422063	neutral	129652323
PD62031c	9	129807163	129875963	1	0	M	0.49	2.18479139422063	loss	68801
PD62031c	9	129876145	138177303	1	1	M	0.49	2.18479139422063	neutral	8301159
PD62031c	10	49134	61766135	1	1	M	0.49	2.18479139422063	neutral	61717002
PD62031c	10	61901581	62241293	0	0	M	0.49	2.18479139422063	loss	339713
PD62031c	10	62245952	133625894	1	1	M	0.49	2.18479139422063	neutral	71379943
PD62031c	11	197291	418601	1	0	M	0.49	2.18479139422063	loss	221311
PD62031c	11	418652	134986843	1	1	M	0.49	2.18479139422063	neutral	134568192
PD62031c	12	66973	6960179	2	0	M	0.49	2.18479139422063	neutral	6893207
PD62031c	12	6960264	6974291	1	0	M	0.49	2.18479139422063	loss	14028
PD62031c	12	6975270	9437568	2	0	M	0.49	2.18479139422063	neutral	2462299
PD62031c	12	9507417	9881690	0	0	M	0.49	2.18479139422063	loss	374274
PD62031c	12	9881731	133234532	2	0	M	0.49	2.18479139422063	neutral	123352802
PD62031c	13	19026300	114325924	2	1	M	0.49	2.18479139422063	gain	95299625
PD62031c	14	19097607	105970810	1	1	M	0.49	2.18479139422063	neutral	86873204
PD62031c	14	105970988	106874913	1	0	M	0.49	2.18479139422063	loss	903926
PD62031c	15	19964758	66527919	1	1	M	0.49	2.18479139422063	neutral	46563162
PD62031c	15	66528836	81279867	2	1	M	0.49	2.18479139422063	gain	14751032
PD62031c	15	81282607	81290527	1	0	M	0.49	2.18479139422063	loss	7921
PD62031c	15	81291679	101849608	2	1	M	0.49	2.18479139422063	gain	20557930
PD62031c	16	47541	67480876	2	1	M	0.49	2.18479139422063	gain	67433336
PD62031c	16	67480940	67658583	1	1	M	0.49	2.18479139422063	neutral	177644
PD62031c	16	67658860	90075852	2	1	M	0.49	2.18479139422063	gain	22416993
PD62031c	17	156162	63688851	1	1	M	0.49	2.18479139422063	neutral	63532690
PD62031c	17	63689520	64571939	1	0	M	0.49	2.18479139422063	loss	882420
PD62031c	17	64578457	83135891	1	1	M	0.49	2.18479139422063	neutral	18557435
PD62031c	18	120645	49792141	1	1	M	0.49	2.18479139422063	neutral	49671497
PD62031c	18	49792256	80202756	1	0	M	0.49	2.18479139422063	loss	30410501
PD62031c	19	281468	35119107	1	1	M	0.49	2.18479139422063	neutral	34837640
PD62031c	19	35119133	35228354	1	0	M	0.49	2.18479139422063	loss	109222
PD62031c	19	35228425	58572521	1	1	M	0.49	2.18479139422063	neutral	23344097
PD62031c	20	87623	25775103	2	0	M	0.49	2.18479139422063	neutral	25687481
PD62031c	20	25775188	25848734	3	0	M	0.49	2.18479139422063	gain	73547
PD62031c	20	25919472	64273629	2	2	M	0.49	2.18479139422063	gain	38354158
PD62031c	21	9068512	46664392	1	1	M	0.49	2.18479139422063	neutral	37595881
PD62031c	22	16572142	50780662	1	1	M	0.49	2.18479139422063	neutral	34208521
PD62031c	X	284193	2781986	3	0	M	0.49	2.18479139422063	gain	2497794
PD62031c	X	2782048	136548622	2	0	M	0.49	2.18479139422063	gain	133766575
PD62031c	X	136550741	136879545	1	0	M	0.49	2.18479139422063	neutral	328805
PD62031c	X	137030450	153880761	2	0	M	0.49	2.18479139422063	gain	16850312
PD62031c	X	153883715	155545046	1	0	M	0.49	2.18479139422063	neutral	1661332
PD62031c	X	155773979	156005413	4	0	M	0.49	2.18479139422063	gain	231435
PD62031d	1	826681	110339481	1	1	M	0.45	1.97998569080668	neutral	109512801
PD62031d	1	110339599	111766348	1	0	M	0.45	1.97998569080668	loss	1426750
PD62031d	1	111766350	160420931	1	1	M	0.45	1.97998569080668	neutral	48654582
PD62031d	1	160421119	160490754	1	0	M	0.45	1.97998569080668	loss	69636
PD62031d	1	160490774	169594892	1	1	M	0.45	1.97998569080668	neutral	9104119
PD62031d	1	169594929	169708883	0	0	M	0.45	1.97998569080668	loss	113955
PD62031d	1	169710412	248918428	1	1	M	0.45	1.97998569080668	neutral	79208017
PD62031d	2	41404	224885606	1	1	M	0.45	1.97998569080668	neutral	224844203
PD62031d	2	224885870	224983933	1	0	M	0.45	1.97998569080668	loss	98064
PD62031d	2	225010441	230393594	1	1	M	0.45	1.97998569080668	neutral	5383154
PD62031d	2	230393607	230511259	1	0	M	0.45	1.97998569080668	loss	117653
PD62031d	2	230515012	242004549	1	1	M	0.45	1.97998569080668	neutral	11489538
PD62031d	3	197664	198038561	1	1	M	0.45	1.97998569080668	neutral	197840898
PD62031d	4	85813	190025891	1	1	M	0.45	1.97998569080668	neutral	189940079
PD62031d	5	140238	96803892	1	1	M	0.45	1.97998569080668	neutral	96663655
PD62031d	5	96814196	96912627	0	0	M	0.45	1.97998569080668	loss	98432
PD62031d	5	96912792	134969956	1	1	M	0.45	1.97998569080668	neutral	38057165
PD62031d	5	134970033	135008807	2	1	M	0.45	1.97998569080668	gain	38775
PD62031d	5	135008883	181260906	1	1	M	0.45	1.97998569080668	neutral	46252024
PD62031d	6	203397	26017282	1	1	M	0.45	1.97998569080668	neutral	25813886
PD62031d	6	26017314	26093069	0	0	M	0.45	1.97998569080668	loss	75756
PD62031d	6	26093075	26430922	1	0	M	0.45	1.97998569080668	loss	337848
PD62031d	6	26430997	30108087	1	1	M	0.45	1.97998569080668	neutral	3677091
PD62031d	6	30108126	30186292	2	1	M	0.45	1.97998569080668	gain	78167
PD62031d	6	30186422	31970674	1	0	M	0.45	1.97998569080668	loss	1784253
PD62031d	6	31970858	170584376	1	1	M	0.45	1.97998569080668	neutral	138613519
PD62031d	7	193222	100405149	1	1	M	0.45	1.97998569080668	neutral	100211928
PD62031d	7	100406771	100575429	1	0	M	0.45	1.97998569080668	loss	168659
PD62031d	7	100575559	150477017	1	1	M	0.45	1.97998569080668	neutral	49901459
PD62031d	7	150477186	150749915	0	0	M	0.45	1.97998569080668	loss	272730
PD62031d	7	150749939	159233344	1	1	M	0.45	1.97998569080668	neutral	8483406
PD62031d	8	232977	145054093	1	1	M	0.45	1.97998569080668	neutral	144821117
PD62031d	9	154795	138177303	1	1	M	0.45	1.97998569080668	neutral	138022509
PD62031d	10	49134	133625894	1	1	M	0.45	1.97998569080668	neutral	133576761
PD62031d	11	197291	372589	1	0	M	0.45	1.97998569080668	loss	175299
PD62031d	11	372669	117820548	1	1	M	0.45	1.97998569080668	neutral	117447880
PD62031d	11	117820637	119346570	1	0	M	0.45	1.97998569080668	loss	1525934
PD62031d	11	119357133	134986843	1	1	M	0.45	1.97998569080668	neutral	15629711
PD62031d	12	66973	558082	1	1	M	0.45	1.97998569080668	neutral	491110
PD62031d	12	558188	643107	1	0	M	0.45	1.97998569080668	loss	84920
PD62031d	12	643161	9607731	1	1	M	0.45	1.97998569080668	neutral	8964571
PD62031d	12	9669658	9827660	0	0	M	0.45	1.97998569080668	loss	158003
PD62031d	12	9832251	133234532	1	1	M	0.45	1.97998569080668	neutral	123402282
PD62031d	13	19026300	114325924	1	1	M	0.45	1.97998569080668	neutral	95299625
PD62031d	14	19097607	22112809	1	1	M	0.45	1.97998569080668	neutral	3015203
PD62031d	14	22112820	22492859	2	2	M	0.45	1.97998569080668	gain	380040
PD62031d	14	22492867	22558859	0	0	M	0.45	1.97998569080668	loss	65993
PD62031d	14	22564938	105708068	1	1	M	0.45	1.97998569080668	neutral	83143131
PD62031d	14	105708181	106874913	1	0	M	0.45	1.97998569080668	loss	1166733
PD62031d	15	19964758	66582412	1	1	M	0.45	1.97998569080668	neutral	46617655
PD62031d	15	66664421	81279508	2	1	M	0.45	1.97998569080668	gain	14615088
PD62031d	15	81279555	81290527	1	0	M	0.45	1.97998569080668	loss	10973
PD62031d	15	81291679	101849608	2	1	M	0.45	1.97998569080668	gain	20557930
PD62031d	16	47541	90075852	1	1	M	0.45	1.97998569080668	neutral	90028312
PD62031d	17	156162	63634847	1	1	M	0.45	1.97998569080668	neutral	63478686
PD62031d	17	63645969	64546379	1	0	M	0.45	1.97998569080668	loss	900411
PD62031d	17	64546386	83135891	1	1	M	0.45	1.97998569080668	neutral	18589506
PD62031d	18	120645	49836697	1	1	M	0.45	1.97998569080668	neutral	49716053
PD62031d	18	49837557	80202756	1	0	M	0.45	1.97998569080668	loss	30365200
PD62031d	19	281468	10514187	2	0	M	0.45	1.97998569080668	neutral	10232720
PD62031d	19	10514391	49202092	1	1	M	0.45	1.97998569080668	neutral	38687702
PD62031d	19	49202158	49211582	2	1	M	0.45	1.97998569080668	gain	9425
PD62031d	19	49290252	58572521	1	1	M	0.45	1.97998569080668	neutral	9282270
PD62031d	20	87623	64273629	1	1	M	0.45	1.97998569080668	neutral	64186007
PD62031d	21	9068512	46664392	1	1	M	0.45	1.97998569080668	neutral	37595881
PD62031d	22	16572142	50780662	1	1	M	0.45	1.97998569080668	neutral	34208521
PD62031d	X	284193	2774703	2	0	M	0.45	1.97998569080668	gain	2490511
PD62031d	X	2781927	155524613	1	0	M	0.45	1.97998569080668	neutral	152742687
PD62031d	X	155545046	156005413	2	0	M	0.45	1.97998569080668	gain	460368
PD62033a	1	826681	248918428	1	1	M	1	2.02093701202659	neutral	248091748
PD62033a	2	41393	242004549	1	1	M	1	2.02093701202659	neutral	241963157
PD62033a	3	197630	198038561	1	1	M	1	2.02093701202659	neutral	197840932
PD62033a	4	85813	190025891	1	1	M	1	2.02093701202659	neutral	189940079
PD62033a	5	140238	181260906	1	1	M	1	2.02093701202659	neutral	181120669
PD62033a	6	203397	170584376	1	1	M	1	2.02093701202659	neutral	170380980
PD62033a	7	193222	159233344	1	1	M	1	2.02093701202659	neutral	159040123
PD62033a	8	232977	145054093	2	1	M	1	2.02093701202659	gain	144821117
PD62033a	9	154795	138177317	1	1	M	1	2.02093701202659	neutral	138022523
PD62033a	10	49156	133625894	1	1	M	1	2.02093701202659	neutral	133576739
PD62033a	11	197291	134986843	1	1	M	1	2.02093701202659	neutral	134789553
PD62033a	12	66973	133234349	1	1	M	1	2.02093701202659	neutral	133167377
PD62033a	13	19026300	114325924	1	1	M	1	2.02093701202659	neutral	95299625
PD62033a	14	19097559	106874913	1	1	M	1	2.02093701202659	neutral	87777355
PD62033a	15	19964758	101849608	1	1	M	1	2.02093701202659	neutral	81884851
PD62033a	16	47541	90094793	1	1	M	1	2.02093701202659	neutral	90047253
PD62033a	17	156162	83135891	1	1	M	1	2.02093701202659	neutral	82979730
PD62033a	18	117381	80202756	1	1	M	1	2.02093701202659	neutral	80085376
PD62033a	19	281376	58572521	1	1	M	1	2.02093701202659	neutral	58291146
PD62033a	20	87623	64273492	1	1	M	1	2.02093701202659	neutral	64185870
PD62033a	21	9068512	46664392	1	1	M	1	2.02093701202659	neutral	37595881
PD62033a	22	16572142	50780662	1	1	M	1	2.02093701202659	neutral	34208521
PD62033a	X	284193	2774703	1	1	M	1	2.02093701202659	gain	2490511
PD62033a	X	2781927	155545046	1	0	M	1	2.02093701202659	neutral	152763120
PD62033a	X	155773979	156005413	2	0	M	1	2.02093701202659	gain	231435
PD62033c	1	826681	248918428	1	1	M	1	1.98425487686506	neutral	248091748
PD62033c	2	41393	242004549	1	1	M	1	1.98425487686506	neutral	241963157
PD62033c	3	197630	198038561	1	1	M	1	1.98425487686506	neutral	197840932
PD62033c	4	85813	190025891	1	1	M	1	1.98425487686506	neutral	189940079
PD62033c	5	140238	181260906	1	1	M	1	1.98425487686506	neutral	181120669
PD62033c	6	203397	170584376	1	1	M	1	1.98425487686506	neutral	170380980
PD62033c	7	193222	159233344	1	1	M	1	1.98425487686506	neutral	159040123
PD62033c	8	232977	145054093	1	1	M	1	1.98425487686506	neutral	144821117
PD62033c	9	154795	138177317	1	1	M	1	1.98425487686506	neutral	138022523
PD62033c	10	49156	133625894	1	1	M	1	1.98425487686506	neutral	133576739
PD62033c	11	197291	134986843	1	1	M	1	1.98425487686506	neutral	134789553
PD62033c	12	66973	133234349	1	1	M	1	1.98425487686506	neutral	133167377
PD62033c	13	19026300	114325924	1	1	M	1	1.98425487686506	neutral	95299625
PD62033c	14	19097559	106874913	1	1	M	1	1.98425487686506	neutral	87777355
PD62033c	15	19964758	101849608	1	1	M	1	1.98425487686506	neutral	81884851
PD62033c	16	47541	90094793	1	1	M	1	1.98425487686506	neutral	90047253
PD62033c	17	156162	83135891	1	1	M	1	1.98425487686506	neutral	82979730
PD62033c	18	117381	80202756	1	1	M	1	1.98425487686506	neutral	80085376
PD62033c	19	281376	58572521	1	1	M	1	1.98425487686506	neutral	58291146
PD62033c	20	87623	64273492	1	1	M	1	1.98425487686506	neutral	64185870
PD62033c	21	9068512	46664392	1	1	M	1	1.98425487686506	neutral	37595881
PD62033c	22	16572142	50780662	1	1	M	1	1.98425487686506	neutral	34208521
PD62033c	X	284193	2774703	2	0	M	1	1.98425487686506	gain	2490511
PD62033c	X	2781927	155545046	1	0	M	1	1.98425487686506	neutral	152763120
PD62033c	X	155773979	156005413	2	0	M	1	1.98425487686506	gain	231435
PD62033d	1	826681	200120743	1	1	M	1	2.0211414601798	neutral	199294063
PD62033d	1	200120744	200214032	2	1	M	1	2.0211414601798	gain	93289
PD62033d	1	200214270	248918428	1	1	M	1	2.0211414601798	neutral	48704159
PD62033d	2	41393	242004549	1	1	M	1	2.0211414601798	neutral	241963157
PD62033d	3	197630	198038561	1	1	M	1	2.0211414601798	neutral	197840932
PD62033d	4	85813	190025891	1	1	M	1	2.0211414601798	neutral	189940079
PD62033d	5	140238	181260906	1	1	M	1	2.0211414601798	neutral	181120669
PD62033d	6	203397	170584376	1	1	M	1	2.0211414601798	neutral	170380980
PD62033d	7	193222	159233344	1	1	M	1	2.0211414601798	neutral	159040123
PD62033d	8	232977	145054093	2	1	M	1	2.0211414601798	gain	144821117
PD62033d	9	154795	138177317	1	1	M	1	2.0211414601798	neutral	138022523
PD62033d	10	49156	133625894	1	1	M	1	2.0211414601798	neutral	133576739
PD62033d	11	197291	134986843	1	1	M	1	2.0211414601798	neutral	134789553
PD62033d	12	66973	133234349	1	1	M	1	2.0211414601798	neutral	133167377
PD62033d	13	19026300	114325924	1	1	M	1	2.0211414601798	neutral	95299625
PD62033d	14	19097559	106874913	1	1	M	1	2.0211414601798	neutral	87777355
PD62033d	15	19964758	101849608	1	1	M	1	2.0211414601798	neutral	81884851
PD62033d	16	47541	90094793	1	1	M	1	2.0211414601798	neutral	90047253
PD62033d	17	156162	83135891	1	1	M	1	2.0211414601798	neutral	82979730
PD62033d	18	117381	80202756	1	1	M	1	2.0211414601798	neutral	80085376
PD62033d	19	281376	58572521	1	1	M	1	2.0211414601798	neutral	58291146
PD62033d	20	87623	64273492	1	1	M	1	2.0211414601798	neutral	64185870
PD62033d	21	9068512	46664392	1	1	M	1	2.0211414601798	neutral	37595881
PD62033d	22	16572142	50780662	1	1	M	1	2.0211414601798	neutral	34208521
PD62033d	X	284193	2243119	1	1	M	1	2.0211414601798	gain	1958927
PD62033d	X	2266729	2752241	2	1	M	1	2.0211414601798	gain	485513
PD62033d	X	2770446	2774703	2	0	M	1	2.0211414601798	gain	4258
PD62033d	X	2781927	155545046	1	0	M	1	2.0211414601798	neutral	152763120
PD62033d	X	155773979	156005413	2	0	M	1	2.0211414601798	gain	231435
PD62034a	1	826681	30715242	1	0	F	0.81	1.97103659022328	loss	29888562
PD62034a	1	30716054	248918428	1	1	F	0.81	1.97103659022328	neutral	218202375
PD62034a	2	41366	242004549	1	1	F	0.81	1.97103659022328	neutral	241963184
PD62034a	3	197664	198038794	1	1	F	0.81	1.97103659022328	neutral	197841131
PD62034a	4	85813	190025891	1	1	F	0.81	1.97103659022328	neutral	189940079
PD62034a	5	140238	50795336	1	1	F	0.81	1.97103659022328	neutral	50655099
PD62034a	5	50796951	180015475	2	0	F	0.81	1.97103659022328	neutral	129218525
PD62034a	5	180040721	180136368	1	0	F	0.81	1.97103659022328	loss	95648
PD62034a	5	180136369	181260906	2	0	F	0.81	1.97103659022328	neutral	1124538
PD62034a	6	203397	93358263	1	1	F	0.81	1.97103659022328	neutral	93154867
PD62034a	6	93410474	124355504	1	0	F	0.81	1.97103659022328	loss	30945031
PD62034a	6	124437824	170584376	1	1	F	0.81	1.97103659022328	neutral	46146553
PD62034a	7	193222	159233344	1	1	F	0.81	1.97103659022328	neutral	159040123
PD62034a	8	232977	145054093	1	1	F	0.81	1.97103659022328	neutral	144821117
PD62034a	9	154795	138177328	1	1	F	0.81	1.97103659022328	neutral	138022534
PD62034a	10	49156	133625473	1	1	F	0.81	1.97103659022328	neutral	133576318
PD62034a	11	197291	134986843	1	1	F	0.81	1.97103659022328	neutral	134789553
PD62034a	12	66973	133234349	1	1	F	0.81	1.97103659022328	neutral	133167377
PD62034a	13	19026300	114325924	1	1	F	0.81	1.97103659022328	neutral	95299625
PD62034a	14	19733402	106874913	1	1	F	0.81	1.97103659022328	neutral	87141512
PD62034a	15	19964758	101849608	1	1	F	0.81	1.97103659022328	neutral	81884851
PD62034a	16	47354	90094880	1	1	F	0.81	1.97103659022328	neutral	90047527
PD62034a	17	156162	83135891	1	1	F	0.81	1.97103659022328	neutral	82979730
PD62034a	18	117381	80202756	1	1	F	0.81	1.97103659022328	neutral	80085376
PD62034a	19	281376	58572521	1	1	F	0.81	1.97103659022328	neutral	58291146
PD62034a	20	87623	64273492	1	1	F	0.81	1.97103659022328	neutral	64185870
PD62034a	21	9068512	46664392	1	1	F	0.81	1.97103659022328	neutral	37595881
PD62034a	22	16572142	50780662	1	1	F	0.81	1.97103659022328	neutral	34208521
PD62034a	X	284193	156005528	1	1	F	0.81	1.97103659022328	neutral	155721336
PD62034c	1	826681	248918428	1	1	F	0.64	2.1865705401858	neutral	248091748
PD62034c	2	41366	242004549	1	1	F	0.64	2.1865705401858	neutral	241963184
PD62034c	3	197664	198038794	2	1	F	0.64	2.1865705401858	gain	197841131
PD62034c	4	85813	190025891	1	1	F	0.64	2.1865705401858	neutral	189940079
PD62034c	5	140238	39394311	2	1	F	0.64	2.1865705401858	gain	39254074
PD62034c	5	40680862	50826734	1	1	F	0.64	2.1865705401858	neutral	10145873
PD62034c	5	50826827	181260906	2	0	F	0.64	2.1865705401858	neutral	130434080
PD62034c	6	203397	100605850	1	1	F	0.64	2.1865705401858	neutral	100402454
PD62034c	6	100606869	100652907	1	0	F	0.64	2.1865705401858	loss	46039
PD62034c	6	100652921	170584376	1	1	F	0.64	2.1865705401858	neutral	69931456
PD62034c	7	193222	159233344	1	1	F	0.64	2.1865705401858	neutral	159040123
PD62034c	8	232977	15730852	2	0	F	0.64	2.1865705401858	neutral	15497876
PD62034c	8	15733357	30867619	1	0	F	0.64	2.1865705401858	loss	15134263
PD62034c	8	30874978	36804198	1	1	F	0.64	2.1865705401858	neutral	5929221
PD62034c	8	36804212	39465910	3	1	F	0.64	2.1865705401858	gain	2661699
PD62034c	8	39467674	58838373	2	1	F	0.64	2.1865705401858	gain	19370700
PD62034c	8	58939294	125436547	2	0	F	0.64	2.1865705401858	neutral	66497254
PD62034c	8	126556557	129749306	7	2	F	0.64	2.1865705401858	gain	3192750
PD62034c	8	129749398	145054093	2	0	F	0.64	2.1865705401858	neutral	15304696
PD62034c	9	154795	138177328	1	1	F	0.64	2.1865705401858	neutral	138022534
PD62034c	10	49156	133625473	1	1	F	0.64	2.1865705401858	neutral	133576318
PD62034c	11	197291	134986843	1	1	F	0.64	2.1865705401858	neutral	134789553
PD62034c	12	66973	133234349	1	1	F	0.64	2.1865705401858	neutral	133167377
PD62034c	13	19026300	114325924	2	1	F	0.64	2.1865705401858	gain	95299625
PD62034c	14	19733402	106874913	1	1	F	0.64	2.1865705401858	neutral	87141512
PD62034c	15	19964758	20669517	1	0	F	0.64	2.1865705401858	loss	704760
PD62034c	15	20669534	101849608	2	0	F	0.64	2.1865705401858	neutral	81180075
PD62034c	16	47354	21275686	1	1	F	0.64	2.1865705401858	neutral	21228333
PD62034c	16	21278244	90094880	2	1	F	0.64	2.1865705401858	gain	68816637
PD62034c	17	156162	21285145	1	0	F	0.64	2.1865705401858	loss	21128984
PD62034c	17	21291318	22204097	1	1	F	0.64	2.1865705401858	neutral	912780
PD62034c	17	22204104	83135891	2	1	F	0.64	2.1865705401858	gain	60931788
PD62034c	18	117381	80202756	1	0	F	0.64	2.1865705401858	loss	80085376
PD62034c	19	281376	15673251	1	1	F	0.64	2.1865705401858	neutral	15391876
PD62034c	19	15673306	15673560	1	0	F	0.64	2.1865705401858	loss	255
PD62034c	19	15673567	58572521	1	1	F	0.64	2.1865705401858	neutral	42898955
PD62034c	20	87623	19970936	1	0	F	0.64	2.1865705401858	loss	19883314
PD62034c	20	19971016	23986208	2	1	F	0.64	2.1865705401858	gain	4015193
PD62034c	20	24543147	64273492	4	1	F	0.64	2.1865705401858	gain	39730346
PD62034c	21	9068512	46664392	1	1	F	0.64	2.1865705401858	neutral	37595881
PD62034c	22	16572142	50780662	1	1	F	0.64	2.1865705401858	neutral	34208521
PD62034c	X	284193	156005528	2	1	F	0.64	2.1865705401858	gain	155721336
PD62036a	1	826681	248918428	1	1	M	1	1.98428659624671	neutral	248091748
PD62036a	2	41509	242004549	1	1	M	1	1.98428659624671	neutral	241963041
PD62036a	3	197664	198038561	1	1	M	1	1.98428659624671	neutral	197840898
PD62036a	4	85813	190025891	1	1	M	1	1.98428659624671	neutral	189940079
PD62036a	5	140238	148089666	1	1	M	1	1.98428659624671	neutral	147949429
PD62036a	5	148091116	148270005	2	1	M	1	1.98428659624671	gain	178890
PD62036a	5	148274227	181260906	1	1	M	1	1.98428659624671	neutral	32986680
PD62036a	6	203397	170584609	1	1	M	1	1.98428659624671	neutral	170381213
PD62036a	7	193222	159233344	1	1	M	1	1.98428659624671	neutral	159040123
PD62036a	8	232977	145054093	1	1	M	1	1.98428659624671	neutral	144821117
PD62036a	9	154795	138177328	1	1	M	1	1.98428659624671	neutral	138022534
PD62036a	10	49092	133625894	1	1	M	1	1.98428659624671	neutral	133576803
PD62036a	11	197291	134986843	1	1	M	1	1.98428659624671	neutral	134789553
PD62036a	12	66973	133234349	1	1	M	1	1.98428659624671	neutral	133167377
PD62036a	13	19026300	114325924	1	1	M	1	1.98428659624671	neutral	95299625
PD62036a	14	19097460	106874913	1	1	M	1	1.98428659624671	neutral	87777454
PD62036a	15	19964758	101849608	1	1	M	1	1.98428659624671	neutral	81884851
PD62036a	16	47354	90094866	1	1	M	1	1.98428659624671	neutral	90047513
PD62036a	17	156162	83135891	1	1	M	1	1.98428659624671	neutral	82979730
PD62036a	18	120645	80202756	1	1	M	1	1.98428659624671	neutral	80082112
PD62036a	19	281360	58572521	1	1	M	1	1.98428659624671	neutral	58291162
PD62036a	20	87623	64273629	1	1	M	1	1.98428659624671	neutral	64186007
PD62036a	21	9068512	46664392	1	1	M	1	1.98428659624671	neutral	37595881
PD62036a	22	16572142	50780662	1	1	M	1	1.98428659624671	neutral	34208521
PD62036a	X	284193	1629967	1	1	M	1	1.98428659624671	gain	1345775
PD62036a	X	1630000	2789693	2	0	M	1	1.98428659624671	gain	1159694
PD62036a	X	2794620	155545046	1	0	M	1	1.98428659624671	neutral	152750427
PD62036a	X	155773979	156005413	2	0	M	1	1.98428659624671	gain	231435
PD62036c	1	826681	46665435	2	2	M	0.55	3.58365683754903	neutral	45838755
PD62036c	1	46665534	47143728	3	2	M	0.55	3.58365683754903	gain	478195
PD62036c	1	47143735	248918428	2	2	M	0.55	3.58365683754903	neutral	201774694
PD62036c	2	41509	242004549	2	2	M	0.55	3.58365683754903	neutral	241963041
PD62036c	3	197664	57296210	2	2	M	0.55	3.58365683754903	neutral	57098547
PD62036c	3	57296505	57428693	3	3	M	0.55	3.58365683754903	gain	132189
PD62036c	3	57428707	198038561	2	2	M	0.55	3.58365683754903	neutral	140609855
PD62036c	4	85813	67492383	2	2	M	0.55	3.58365683754903	neutral	67406571
PD62036c	4	67492905	190025891	2	0	M	0.55	3.58365683754903	loss	122532987
PD62036c	5	140238	57482408	2	2	M	0.55	3.58365683754903	neutral	57342171
PD62036c	5	57482654	140808284	2	0	M	0.55	3.58365683754903	loss	83325631
PD62036c	5	140808288	141096063	3	0	M	0.55	3.58365683754903	loss	287776
PD62036c	5	141096081	181260906	2	0	M	0.55	3.58365683754903	loss	40164826
PD62036c	6	203397	26017314	2	2	M	0.55	3.58365683754903	neutral	25813918
PD62036c	6	26017370	26368051	1	0	M	0.55	3.58365683754903	loss	350682
PD62036c	6	26368115	32660662	2	2	M	0.55	3.58365683754903	neutral	6292548
PD62036c	6	32660695	32666787	3	0	M	0.55	3.58365683754903	loss	6093
PD62036c	6	32741532	32761957	7	0	M	0.55	3.58365683754903	gain	20426
PD62036c	6	32763342	169239651	2	2	M	0.55	3.58365683754903	neutral	136476310
PD62036c	6	169239806	170584609	2	1	M	0.55	3.58365683754903	loss	1344804
PD62036c	7	193222	100722039	2	2	M	0.55	3.58365683754903	neutral	100528818
PD62036c	7	100722678	100773851	3	3	M	0.55	3.58365683754903	gain	51174
PD62036c	7	100773857	159233344	2	2	M	0.55	3.58365683754903	neutral	58459488
PD62036c	8	232977	1952826	2	1	M	0.55	3.58365683754903	loss	1719850
PD62036c	8	1952944	143921196	2	2	M	0.55	3.58365683754903	neutral	141968253
PD62036c	8	143921376	143927808	4	4	M	0.55	3.58365683754903	gain	6433
PD62036c	8	143927875	145054093	2	2	M	0.55	3.58365683754903	neutral	1126219
PD62036c	9	154795	138177328	2	2	M	0.55	3.58365683754903	neutral	138022534
PD62036c	10	49092	5212884	2	2	M	0.55	3.58365683754903	neutral	5163793
PD62036c	10	5212946	5395516	3	2	M	0.55	3.58365683754903	gain	182571
PD62036c	10	5395544	133625894	2	2	M	0.55	3.58365683754903	neutral	128230351
PD62036c	11	197291	59109551	2	2	M	0.55	3.58365683754903	neutral	58912261
PD62036c	11	59124511	134986843	2	0	M	0.55	3.58365683754903	loss	75862333
PD62036c	12	66973	56473179	2	2	M	0.55	3.58365683754903	neutral	56406207
PD62036c	12	56474515	133234349	2	1	M	0.55	3.58365683754903	loss	76759835
PD62036c	13	19026300	113547427	3	2	M	0.55	3.58365683754903	gain	94521128
PD62036c	13	113548210	114325924	2	1	M	0.55	3.58365683754903	loss	777715
PD62036c	14	19097460	103764609	2	1	M	0.55	3.58365683754903	loss	84667150
PD62036c	14	103778657	106874913	2	2	M	0.55	3.58365683754903	neutral	3096257
PD62036c	15	19964758	20245187	3	1	M	0.55	3.58365683754903	neutral	280430
PD62036c	15	20245190	20671295	3	2	M	0.55	3.58365683754903	gain	426106
PD62036c	15	22225178	101849608	2	1	M	0.55	3.58365683754903	loss	79624431
PD62036c	16	47354	1065720	2	1	M	0.55	3.58365683754903	loss	1018367
PD62036c	16	1065769	1210659	3	2	M	0.55	3.58365683754903	gain	144891
PD62036c	16	1210663	35448034	2	1	M	0.55	3.58365683754903	loss	34237372
PD62036c	16	46474402	90094866	2	2	M	0.55	3.58365683754903	neutral	43620465
PD62036c	17	156162	7632841	2	0	M	0.55	3.58365683754903	loss	7476680
PD62036c	17	7633142	7771256	3	0	M	0.55	3.58365683754903	loss	138115
PD62036c	17	7771466	41514663	2	0	M	0.55	3.58365683754903	loss	33743198
PD62036c	17	41514687	41727813	3	0	M	0.55	3.58365683754903	loss	213127
PD62036c	17	41727839	83135891	2	0	M	0.55	3.58365683754903	loss	41408053
PD62036c	18	120645	15006053	2	1	M	0.55	3.58365683754903	loss	14885409
PD62036c	18	20951491	80202756	2	2	M	0.55	3.58365683754903	neutral	59251266
PD62036c	19	281360	6430155	2	0	M	0.55	3.58365683754903	loss	6148796
PD62036c	19	6430230	12076923	3	2	M	0.55	3.58365683754903	gain	5646694
PD62036c	19	12077046	12381141	2	2	M	0.55	3.58365683754903	neutral	304096
PD62036c	19	12381165	51824188	3	2	M	0.55	3.58365683754903	gain	39443024
PD62036c	19	51824531	54219496	2	2	M	0.55	3.58365683754903	neutral	2394966
PD62036c	19	54219837	56221520	3	2	M	0.55	3.58365683754903	gain	2001684
PD62036c	19	56222005	58572521	2	2	M	0.55	3.58365683754903	neutral	2350517
PD62036c	20	87623	64273629	2	2	M	0.55	3.58365683754903	neutral	64186007
PD62036c	21	9068512	46664392	2	1	M	0.55	3.58365683754903	loss	37595881
PD62036c	22	16572142	28163607	2	2	M	0.55	3.58365683754903	neutral	11591466
PD62036c	22	28163735	29292230	2	0	M	0.55	3.58365683754903	loss	1128496
PD62036c	22	29292643	33384094	2	2	M	0.55	3.58365683754903	neutral	4091452
PD62036c	22	33432082	35424261	1	0	M	0.55	3.58365683754903	loss	1992180
PD62036c	22	35546694	50780662	2	2	M	0.55	3.58365683754903	neutral	15233969
PD62036c	X	284193	311662	2	0	M	0.55	3.58365683754903	neutral	27470
PD62036c	X	312418	634584	5	0	M	0.55	3.58365683754903	gain	322167
PD62036c	X	634603	2740742	3	0	M	0.55	3.58365683754903	gain	2106140
PD62036c	X	2740756	140017306	2	0	M	0.55	3.58365683754903	neutral	137276551
PD62036c	X	140017669	141906122	3	0	M	0.55	3.58365683754903	gain	1888454
PD62036c	X	141906194	155524613	2	0	M	0.55	3.58365683754903	neutral	13618420
PD62036c	X	155545046	155898177	3	0	M	0.55	3.58365683754903	gain	353132
PD62036c	X	155898234	156005413	4	0	M	0.55	3.58365683754903	gain	107180
PD62037a	1	69511	1419540	1	1	M	1	1.98216770811226	neutral	1350030
PD62037a	1	1419595	1522770	2	1	M	1	1.98216770811226	gain	103176
PD62037a	1	1522857	88981735	1	1	M	1	1.98216770811226	neutral	87458879
PD62037a	1	88982936	89009397	1	0	M	1	1.98216770811226	loss	26462
PD62037a	1	89009452	119895954	1	1	M	1	1.98216770811226	neutral	30886503
PD62037a	1	119896204	121568263	2	0	M	1	1.98216770811226	neutral	1672060
PD62037a	1	143544124	145926584	1	1	M	1	1.98216770811226	neutral	2382461
PD62037a	1	145926792	145996373	1	0	M	1	1.98216770811226	loss	69582
PD62037a	1	146018429	248918428	1	1	M	1	1.98216770811226	neutral	102900000
PD62037a	2	41393	88729146	1	1	M	1	1.98216770811226	neutral	88687754
PD62037a	2	88729470	88885928	1	0	M	1	1.98216770811226	loss	156459
PD62037a	2	88885942	242004549	1	1	M	1	1.98216770811226	neutral	153118608
PD62037a	3	197664	50349279	1	1	M	1	1.98216770811226	neutral	50151616
PD62037a	3	50349908	50367321	1	0	M	1	1.98216770811226	loss	17414
PD62037a	3	50367594	198038561	1	1	M	1	1.98216770811226	neutral	147670968
PD62037a	4	85813	10026120	1	1	M	1	1.98216770811226	neutral	9940308
PD62037a	4	10075496	10444820	1	0	M	1	1.98216770811226	loss	369325
PD62037a	4	10445268	190025891	1	1	M	1	1.98216770811226	neutral	179580624
PD62037a	5	140238	181260906	1	1	M	1	1.98216770811226	neutral	181120669
PD62037a	6	203397	26017282	1	1	M	1	1.98216770811226	neutral	25813886
PD62037a	6	26017314	26365199	1	0	M	1	1.98216770811226	loss	347886
PD62037a	6	26365358	27472365	1	1	M	1	1.98216770811226	neutral	1107008
PD62037a	6	27807473	27911511	1	0	M	1	1.98216770811226	loss	104039
PD62037a	6	27911582	29890630	1	1	M	1	1.98216770811226	neutral	1979049
PD62037a	6	29942547	29945672	1	0	M	1	1.98216770811226	loss	3126
PD62037a	6	29975065	31170600	2	0	M	1	1.98216770811226	neutral	1195536
PD62037a	6	31197661	31357279	1	0	M	1	1.98216770811226	loss	159619
PD62037a	6	31403553	32460169	2	0	M	1	1.98216770811226	neutral	1056617
PD62037a	6	32460207	32666699	1	0	M	1	1.98216770811226	loss	206493
PD62037a	6	32666708	32813371	3	0	M	1	1.98216770811226	gain	146664
PD62037a	6	32813572	170584376	1	1	M	1	1.98216770811226	neutral	137770805
PD62037a	7	193222	74112045	1	1	M	1	1.98216770811226	neutral	73918824
PD62037a	7	74112129	74388973	2	1	M	1	1.98216770811226	gain	276845
PD62037a	7	74389016	100737280	1	1	M	1	1.98216770811226	neutral	26348265
PD62037a	7	100737428	100867817	2	1	M	1	1.98216770811226	gain	130390
PD62037a	7	100867997	100890209	1	0	M	1	1.98216770811226	loss	22213
PD62037a	7	100891017	101009103	2	1	M	1	1.98216770811226	gain	118087
PD62037a	7	101012232	159233344	1	1	M	1	1.98216770811226	neutral	58221113
PD62037a	8	232977	143925888	1	1	M	1	1.98216770811226	neutral	143692912
PD62037a	8	143926722	143935035	1	0	M	1	1.98216770811226	loss	8314
PD62037a	8	143935188	145054093	1	1	M	1	1.98216770811226	neutral	1118906
PD62037a	9	154795	138177328	1	1	M	1	1.98216770811226	neutral	138022534
PD62037a	10	49134	133625894	1	1	M	1	1.98216770811226	neutral	133576761
PD62037a	11	197291	65079716	1	1	M	1	1.98216770811226	neutral	64882426
PD62037a	11	65083833	65088821	1	0	M	1	1.98216770811226	loss	4989
PD62037a	11	65089011	65853252	1	1	M	1	1.98216770811226	neutral	764242
PD62037a	11	65853330	65920104	1	0	M	1	1.98216770811226	loss	66775
PD62037a	11	65920198	66315792	1	1	M	1	1.98216770811226	neutral	395595
PD62037a	11	66315798	66316496	1	0	M	1	1.98216770811226	loss	699
PD62037a	11	66316685	70661552	1	1	M	1	1.98216770811226	neutral	4344868
PD62037a	11	70698679	71118844	2	1	M	1	1.98216770811226	gain	420166
PD62037a	11	71118855	122981641	1	1	M	1	1.98216770811226	neutral	51862787
PD62037a	11	123057914	123074659	1	0	M	1	1.98216770811226	loss	16746
PD62037a	11	123074859	134202760	1	1	M	1	1.98216770811226	neutral	11127902
PD62037a	11	134202875	134282308	1	0	M	1	1.98216770811226	loss	79434
PD62037a	11	134282316	134986843	1	1	M	1	1.98216770811226	neutral	704528
PD62037a	12	66973	6936737	1	1	M	1	1.98216770811226	neutral	6869765
PD62037a	12	6936740	6971024	1	0	M	1	1.98216770811226	loss	34285
PD62037a	12	6974291	133234349	1	1	M	1	1.98216770811226	neutral	126260059
PD62037a	13	19026300	114325924	1	1	M	1	1.98216770811226	neutral	95299625
PD62037a	14	19733402	22494697	1	1	M	1	1.98216770811226	neutral	2761296
PD62037a	14	22494850	22589172	1	0	M	1	1.98216770811226	loss	94323
PD62037a	14	22589178	49846274	1	1	M	1	1.98216770811226	neutral	27257097
PD62037a	14	49846305	50002878	1	0	M	1	1.98216770811226	loss	156574
PD62037a	14	50002910	105855988	1	1	M	1	1.98216770811226	neutral	55853079
PD62037a	14	105856024	105864357	1	0	M	1	1.98216770811226	loss	8334
PD62037a	14	105864508	105881513	2	1	M	1	1.98216770811226	gain	17006
PD62037a	14	105881530	106874913	1	1	M	1	1.98216770811226	neutral	993384
PD62037a	15	19964758	43535189	1	1	M	1	1.98216770811226	neutral	23570432
PD62037a	15	43558683	43732696	3	0	M	1	1.98216770811226	gain	174014
PD62037a	15	43736954	81278736	1	1	M	1	1.98216770811226	neutral	37541783
PD62037a	15	81278810	81322585	1	0	M	1	1.98216770811226	loss	43776
PD62037a	15	81322821	101849608	1	1	M	1	1.98216770811226	neutral	20526788
PD62037a	16	47541	29802913	1	1	M	1	1.98216770811226	neutral	29755373
PD62037a	16	29802941	29811133	1	0	M	1	1.98216770811226	loss	8193
PD62037a	16	29811520	67341792	1	1	M	1	1.98216770811226	neutral	37530273
PD62037a	16	67341846	67443047	2	1	M	1	1.98216770811226	gain	101202
PD62037a	16	67452420	81156735	1	1	M	1	1.98216770811226	neutral	13704316
PD62037a	16	81156786	81215111	2	1	M	1	1.98216770811226	gain	58326
PD62037a	16	81215140	90094880	1	1	M	1	1.98216770811226	neutral	8879741
PD62037a	17	156162	7823347	1	1	M	1	1.98216770811226	neutral	7667186
PD62037a	17	7823985	7890654	1	0	M	1	1.98216770811226	loss	66670
PD62037a	17	7890786	8115749	1	1	M	1	1.98216770811226	neutral	224964
PD62037a	17	8116742	8190006	1	0	M	1	1.98216770811226	loss	73265
PD62037a	17	8190161	64505955	1	1	M	1	1.98216770811226	neutral	56315795
PD62037a	17	64505962	64507282	1	0	M	1	1.98216770811226	loss	1321
PD62037a	17	64509970	83135891	1	1	M	1	1.98216770811226	neutral	18625922
PD62037a	18	120645	80202756	1	1	M	1	1.98216770811226	neutral	80082112
PD62037a	19	281376	4268515	1	1	M	1	1.98216770811226	neutral	3987140
PD62037a	19	4268546	4297921	2	1	M	1	1.98216770811226	gain	29376
PD62037a	19	4297950	35831368	1	1	M	1	1.98216770811226	neutral	31533419
PD62037a	19	35831414	35869738	2	1	M	1	1.98216770811226	gain	38325
PD62037a	19	35870907	38425892	1	1	M	1	1.98216770811226	neutral	2554986
PD62037a	19	38426096	38458323	2	1	M	1	1.98216770811226	gain	32228
PD62037a	19	38458462	40850292	1	1	M	1	1.98216770811226	neutral	2391831
PD62037a	19	40850341	41197888	2	1	M	1	1.98216770811226	gain	347548
PD62037a	19	41198399	42589382	1	1	M	1	1.98216770811226	neutral	1390984
PD62037a	19	42589566	43026321	2	1	M	1	1.98216770811226	gain	436756
PD62037a	19	43026340	50324103	1	1	M	1	1.98216770811226	neutral	7297764
PD62037a	19	50333728	50333874	1	0	M	1	1.98216770811226	loss	147
PD62037a	19	50333944	53571727	1	1	M	1	1.98216770811226	neutral	3237784
PD62037a	19	53571773	53577967	1	0	M	1	1.98216770811226	loss	6195
PD62037a	19	53601256	53754151	2	1	M	1	1.98216770811226	gain	152896
PD62037a	19	53756714	58514261	1	1	M	1	1.98216770811226	neutral	4757548
PD62037a	19	58514318	58572521	1	0	M	1	1.98216770811226	loss	58204
PD62037a	20	87623	64273629	1	1	M	1	1.98216770811226	neutral	64186007
PD62037a	21	9068512	46664523	1	1	M	1	1.98216770811226	neutral	37596012
PD62037a	22	16572142	50780662	1	1	M	1	1.98216770811226	neutral	34208521
PD62037a	X	284193	2774703	2	0	M	1	1.98216770811226	gain	2490511
PD62037a	X	2781927	155545046	1	0	M	1	1.98216770811226	neutral	152763120
PD62037a	X	155773979	156005413	2	0	M	1	1.98216770811226	gain	231435
PD62037c	1	69511	26035357	1	1	M	0.56	1.97354211925486	neutral	25965847
PD62037c	1	26038883	26161664	2	1	M	0.56	1.97354211925486	gain	122782
PD62037c	1	26161673	119895954	1	1	M	0.56	1.97354211925486	neutral	93734282
PD62037c	1	119896204	121568263	1	0	M	0.56	1.97354211925486	loss	1672060
PD62037c	1	143544124	248918428	1	1	M	0.56	1.97354211925486	neutral	105374305
PD62037c	2	41393	88812490	1	1	M	0.56	1.97354211925486	neutral	88771098
PD62037c	2	88857435	88886089	0	0	M	0.56	1.97354211925486	loss	28655
PD62037c	2	88886095	218745155	1	1	M	0.56	1.97354211925486	neutral	129859061
PD62037c	2	218745272	219022231	2	1	M	0.56	1.97354211925486	gain	276960
PD62037c	2	219022328	242004549	1	1	M	0.56	1.97354211925486	neutral	22982222
PD62037c	3	197664	48609111	1	1	M	0.56	1.97354211925486	neutral	48411448
PD62037c	3	48609118	48633095	2	1	M	0.56	1.97354211925486	gain	23978
PD62037c	3	48633394	50349279	1	1	M	0.56	1.97354211925486	neutral	1715886
PD62037c	3	50349908	50365898	0	0	M	0.56	1.97354211925486	loss	15991
PD62037c	3	50367321	198038561	1	1	M	0.56	1.97354211925486	neutral	147671241
PD62037c	4	85813	190025891	1	1	M	0.56	1.97354211925486	neutral	189940079
PD62037c	5	140238	151212938	1	1	M	0.56	1.97354211925486	neutral	151072701
PD62037c	5	151215512	151277480	1	0	M	0.56	1.97354211925486	loss	61969
PD62037c	5	151277569	181260906	1	1	M	0.56	1.97354211925486	neutral	29983338
PD62037c	6	203397	26017235	1	1	M	0.56	1.97354211925486	neutral	25813839
PD62037c	6	26017282	26285531	0	0	M	0.56	1.97354211925486	loss	268250
PD62037c	6	26285639	27911511	1	0	M	0.56	1.97354211925486	loss	1625873
PD62037c	6	27911582	29890494	1	1	M	0.56	1.97354211925486	neutral	1978913
PD62037c	6	29890513	29945322	0	0	M	0.56	1.97354211925486	loss	54810
PD62037c	6	29945334	31170600	2	0	M	0.56	1.97354211925486	neutral	1225267
PD62037c	6	31197661	31357279	0	0	M	0.56	1.97354211925486	loss	159619
PD62037c	6	31403553	32460225	2	0	M	0.56	1.97354211925486	neutral	1056673
PD62037c	6	32641261	32641349	0	0	M	0.56	1.97354211925486	loss	89
PD62037c	6	32641370	32666699	1	0	M	0.56	1.97354211925486	loss	25330
PD62037c	6	32666708	170584376	1	1	M	0.56	1.97354211925486	neutral	137917669
PD62037c	7	193222	74112045	1	1	M	0.56	1.97354211925486	neutral	73918824
PD62037c	7	74112129	74388973	2	1	M	0.56	1.97354211925486	gain	276845
PD62037c	7	74389016	100736324	1	1	M	0.56	1.97354211925486	neutral	26347309
PD62037c	7	100736522	100867817	2	1	M	0.56	1.97354211925486	gain	131296
PD62037c	7	100867997	100896581	1	0	M	0.56	1.97354211925486	loss	28585
PD62037c	7	100896703	101018507	2	1	M	0.56	1.97354211925486	gain	121805
PD62037c	7	101018742	142802699	1	1	M	0.56	1.97354211925486	neutral	41783958
PD62037c	7	142802725	142813406	1	0	M	0.56	1.97354211925486	loss	10682
PD62037c	7	142863497	159233344	1	1	M	0.56	1.97354211925486	neutral	16369848
PD62037c	8	232977	10610118	1	1	M	0.56	1.97354211925486	neutral	10377142
PD62037c	8	10610119	10725996	2	1	M	0.56	1.97354211925486	gain	115878
PD62037c	8	10726104	143926730	1	1	M	0.56	1.97354211925486	neutral	133200627
PD62037c	8	143926768	143992718	1	0	M	0.56	1.97354211925486	loss	65951
PD62037c	8	143992920	145054093	1	1	M	0.56	1.97354211925486	neutral	1061174
PD62037c	9	154795	138177328	1	1	M	0.56	1.97354211925486	neutral	138022534
PD62037c	10	49134	133625894	1	1	M	0.56	1.97354211925486	neutral	133576761
PD62037c	11	197291	617452	1	0	M	0.56	1.97354211925486	loss	420162
PD62037c	11	617507	65079716	1	1	M	0.56	1.97354211925486	neutral	64462210
PD62037c	11	65083833	66316496	1	0	M	0.56	1.97354211925486	loss	1232664
PD62037c	11	66316685	70661552	1	1	M	0.56	1.97354211925486	neutral	4344868
PD62037c	11	70698679	71435149	2	1	M	0.56	1.97354211925486	gain	736471
PD62037c	11	71435183	123058021	1	1	M	0.56	1.97354211925486	neutral	51622839
PD62037c	11	123058065	123073708	0	0	M	0.56	1.97354211925486	loss	15644
PD62037c	11	123074659	134986843	1	1	M	0.56	1.97354211925486	neutral	11912185
PD62037c	12	66973	6937980	1	1	M	0.56	1.97354211925486	neutral	6871008
PD62037c	12	6938398	6974291	0	0	M	0.56	1.97354211925486	loss	35894
PD62037c	12	6975270	7210337	1	1	M	0.56	1.97354211925486	neutral	235068
PD62037c	12	7304476	7503619	2	1	M	0.56	1.97354211925486	gain	199144
PD62037c	12	7503667	49188276	1	1	M	0.56	1.97354211925486	neutral	41684610
PD62037c	12	49188402	49189036	0	0	M	0.56	1.97354211925486	loss	635
PD62037c	12	49227942	133234349	1	1	M	0.56	1.97354211925486	neutral	84006408
PD62037c	13	19026300	114325924	1	1	M	0.56	1.97354211925486	neutral	95299625
PD62037c	14	19733402	20243838	2	1	M	0.56	1.97354211925486	gain	510437
PD62037c	14	20289569	24431942	1	1	M	0.56	1.97354211925486	neutral	4142374
PD62037c	14	24432043	24501543	1	0	M	0.56	1.97354211925486	loss	69501
PD62037c	14	24501586	103764609	1	1	M	0.56	1.97354211925486	neutral	79263024
PD62037c	14	103778657	104166985	2	1	M	0.56	1.97354211925486	gain	388329
PD62037c	14	104166988	105625335	1	1	M	0.56	1.97354211925486	neutral	1458348
PD62037c	14	105625360	105864261	0	0	M	0.56	1.97354211925486	loss	238902
PD62037c	14	105864263	105881513	1	1	M	0.56	1.97354211925486	neutral	17251
PD62037c	14	105881530	106874913	1	0	M	0.56	1.97354211925486	loss	993384
PD62037c	15	19964758	22572910	2	1	M	0.56	1.97354211925486	gain	2608153
PD62037c	15	22572924	81279025	1	1	M	0.56	1.97354211925486	neutral	58706102
PD62037c	15	81279508	81339352	1	0	M	0.56	1.97354211925486	loss	59845
PD62037c	15	81339522	101849608	1	1	M	0.56	1.97354211925486	neutral	20510087
PD62037c	16	47541	29355883	1	1	M	0.56	1.97354211925486	neutral	29308343
PD62037c	16	29613209	29811529	1	0	M	0.56	1.97354211925486	loss	198321
PD62037c	16	29811552	81156735	1	1	M	0.56	1.97354211925486	neutral	51345184
PD62037c	16	81156786	81215111	2	1	M	0.56	1.97354211925486	gain	58326
PD62037c	16	81215140	90094880	1	1	M	0.56	1.97354211925486	neutral	8879741
PD62037c	17	156162	7819439	1	1	M	0.56	1.97354211925486	neutral	7663278
PD62037c	17	7823347	7889067	1	0	M	0.56	1.97354211925486	loss	65721
PD62037c	17	7889147	8117819	1	1	M	0.56	1.97354211925486	neutral	228673
PD62037c	17	8118038	8190006	0	0	M	0.56	1.97354211925486	loss	71969
PD62037c	17	8190161	64505955	1	1	M	0.56	1.97354211925486	neutral	56315795
PD62037c	17	64505962	64510305	0	0	M	0.56	1.97354211925486	loss	4344
PD62037c	17	64514379	76948754	1	1	M	0.56	1.97354211925486	neutral	12434376
PD62037c	17	77089148	78175727	1	0	M	0.56	1.97354211925486	loss	1086580
PD62037c	17	78182460	83135891	1	1	M	0.56	1.97354211925486	neutral	4953432
PD62037c	18	120645	72867313	1	1	M	0.56	1.97354211925486	neutral	72746669
PD62037c	18	73774840	80202756	1	0	M	0.56	1.97354211925486	loss	6427917
PD62037c	19	281376	3964063	1	1	M	0.56	1.97354211925486	neutral	3682688
PD62037c	19	3964450	3976551	2	1	M	0.56	1.97354211925486	gain	12102
PD62037c	19	3976601	4013324	1	0	M	0.56	1.97354211925486	loss	36724
PD62037c	19	4013391	11867315	1	1	M	0.56	1.97354211925486	neutral	7853925
PD62037c	19	11867842	12112880	1	0	M	0.56	1.97354211925486	loss	245039
PD62037c	19	12112888	40850292	1	1	M	0.56	1.97354211925486	neutral	28737405
PD62037c	19	40850341	40900156	2	1	M	0.56	1.97354211925486	gain	49816
PD62037c	19	40908432	41197888	2	2	M	0.56	1.97354211925486	gain	289457
PD62037c	19	41198399	42589578	1	1	M	0.56	1.97354211925486	neutral	1391180
PD62037c	19	42593712	43026321	2	2	M	0.56	1.97354211925486	gain	432610
PD62037c	19	43026340	50323963	1	1	M	0.56	1.97354211925486	neutral	7297624
PD62037c	19	50323969	50333874	1	0	M	0.56	1.97354211925486	loss	9906
PD62037c	19	50333944	53577967	1	1	M	0.56	1.97354211925486	neutral	3244024
PD62037c	19	53601256	53754151	2	2	M	0.56	1.97354211925486	gain	152896
PD62037c	19	53756714	56815353	1	1	M	0.56	1.97354211925486	neutral	3058640
PD62037c	19	56815384	57193946	2	1	M	0.56	1.97354211925486	gain	378563
PD62037c	19	57194057	58517700	1	1	M	0.56	1.97354211925486	neutral	1323644
PD62037c	19	58517766	58572521	1	0	M	0.56	1.97354211925486	loss	54756
PD62037c	20	87623	64273629	1	1	M	0.56	1.97354211925486	neutral	64186007
PD62037c	21	9068512	46664523	1	1	M	0.56	1.97354211925486	neutral	37596012
PD62037c	22	16572142	50780662	1	1	M	0.56	1.97354211925486	neutral	34208521
PD62037c	X	284193	2789693	2	0	M	0.56	1.97354211925486	gain	2505501
PD62037c	X	2794620	155545046	1	0	M	0.56	1.97354211925486	neutral	152750427
PD62037c	X	155773979	156005413	2	0	M	0.56	1.97354211925486	gain	231435
PD62037d	1	69511	31369473	1	1	M	0.72	1.97135859185548	neutral	31299963
PD62037d	1	31372824	31736783	2	1	M	0.72	1.97135859185548	gain	363960
PD62037d	1	31737562	43243338	1	1	M	0.72	1.97135859185548	neutral	11505777
PD62037d	1	43254107	43273080	2	1	M	0.72	1.97135859185548	gain	18974
PD62037d	1	43273089	119916781	1	1	M	0.72	1.97135859185548	neutral	76643693
PD62037d	1	119917600	121568263	1	0	M	0.72	1.97135859185548	loss	1650664
PD62037d	1	143544124	248918428	1	1	M	0.72	1.97135859185548	neutral	105374305
PD62037d	2	41393	88812490	1	1	M	0.72	1.97135859185548	neutral	88771098
PD62037d	2	88857435	88886048	1	0	M	0.72	1.97135859185548	loss	28614
PD62037d	2	88886089	218745155	1	1	M	0.72	1.97135859185548	neutral	129859067
PD62037d	2	218745272	219022231	2	1	M	0.72	1.97135859185548	gain	276960
PD62037d	2	219022328	230910828	1	1	M	0.72	1.97135859185548	neutral	11888501
PD62037d	2	230910988	231256459	2	1	M	0.72	1.97135859185548	gain	345472
PD62037d	2	231256694	241071610	1	1	M	0.72	1.97135859185548	neutral	9814917
PD62037d	2	241071669	241138679	1	0	M	0.72	1.97135859185548	loss	67011
PD62037d	2	241138870	242004549	1	1	M	0.72	1.97135859185548	neutral	865680
PD62037d	3	197664	48609111	1	1	M	0.72	1.97135859185548	neutral	48411448
PD62037d	3	48609118	48654189	2	1	M	0.72	1.97135859185548	gain	45072
PD62037d	3	48655407	198038561	1	1	M	0.72	1.97135859185548	neutral	149383155
PD62037d	4	85813	190025891	2	0	M	0.72	1.97135859185548	neutral	189940079
PD62037d	5	140238	55128506	2	0	M	0.72	1.97135859185548	neutral	54988269
PD62037d	5	55128529	55173093	1	0	M	0.72	1.97135859185548	loss	44565
PD62037d	5	55220358	181260906	2	0	M	0.72	1.97135859185548	neutral	126040549
PD62037d	6	203397	26017437	1	0	M	0.72	1.97135859185548	loss	25814041
PD62037d	6	26017447	26365199	0	0	M	0.72	1.97135859185548	loss	347753
PD62037d	6	26365358	29890630	1	0	M	0.72	1.97135859185548	loss	3525273
PD62037d	6	29942547	29943260	0	0	M	0.72	1.97135859185548	loss	714
PD62037d	6	29943279	32641261	1	0	M	0.72	1.97135859185548	loss	2697983
PD62037d	6	32641265	32666670	0	0	M	0.72	1.97135859185548	loss	25406
PD62037d	6	32666690	33080603	1	0	M	0.72	1.97135859185548	loss	413914
PD62037d	6	33080680	33129007	0	0	M	0.72	1.97135859185548	loss	48328
PD62037d	6	33129180	54389910	1	0	M	0.72	1.97135859185548	loss	21260731
PD62037d	6	54870143	170584376	1	1	M	0.72	1.97135859185548	neutral	115714234
PD62037d	7	193222	900659	2	1	M	0.72	1.97135859185548	gain	707438
PD62037d	7	900704	997650	3	2	M	0.72	1.97135859185548	gain	96947
PD62037d	7	997734	142005715	2	1	M	0.72	1.97135859185548	gain	141007982
PD62037d	7	142005740	142130931	3	1	M	0.72	1.97135859185548	gain	125192
PD62037d	7	142130935	142802699	2	1	M	0.72	1.97135859185548	gain	671765
PD62037d	7	142802725	142813350	1	0	M	0.72	1.97135859185548	loss	10626
PD62037d	7	142813406	150466749	2	1	M	0.72	1.97135859185548	gain	7653344
PD62037d	7	150466764	150749637	1	1	M	0.72	1.97135859185548	neutral	282874
PD62037d	7	150749704	159233344	2	1	M	0.72	1.97135859185548	gain	8483641
PD62037d	8	232977	11543154	1	1	M	0.72	1.97135859185548	neutral	11310178
PD62037d	8	11543171	11564621	1	0	M	0.72	1.97135859185548	loss	21451
PD62037d	8	11564661	144291829	1	1	M	0.72	1.97135859185548	neutral	132727169
PD62037d	8	144291909	144396562	3	2	M	0.72	1.97135859185548	gain	104654
PD62037d	8	144396654	145054093	1	1	M	0.72	1.97135859185548	neutral	657440
PD62037d	9	154795	12704775	1	0	M	0.72	1.97135859185548	loss	12549981
PD62037d	9	12708013	13247725	0	0	M	0.72	1.97135859185548	loss	539713
PD62037d	9	13250275	21026818	1	0	M	0.72	1.97135859185548	loss	7776544
PD62037d	9	21029331	22029446	0	0	M	0.72	1.97135859185548	loss	1000116
PD62037d	9	22029548	138177328	1	0	M	0.72	1.97135859185548	loss	116147781
PD62037d	10	49134	133554948	1	1	M	0.72	1.97135859185548	neutral	133505815
PD62037d	10	133554958	133625894	2	1	M	0.72	1.97135859185548	gain	70937
PD62037d	11	197291	134986843	2	0	M	0.72	1.97135859185548	neutral	134789553
PD62037d	12	66973	133234349	1	1	M	0.72	1.97135859185548	neutral	133167377
PD62037d	13	19026300	114325924	2	1	M	0.72	1.97135859185548	gain	95299625
PD62037d	14	19733402	21924081	1	0	M	0.72	1.97135859185548	loss	2190680
PD62037d	14	21924107	21924669	0	0	M	0.72	1.97135859185548	loss	563
PD62037d	14	21941349	22507784	1	0	M	0.72	1.97135859185548	loss	566436
PD62037d	14	22508481	22589172	0	0	M	0.72	1.97135859185548	loss	80692
PD62037d	14	22589178	105855988	1	0	M	0.72	1.97135859185548	loss	83266811
PD62037d	14	105856024	105864257	0	0	M	0.72	1.97135859185548	loss	8234
PD62037d	14	105864260	106874913	1	0	M	0.72	1.97135859185548	loss	1010654
PD62037d	15	19964758	40458372	1	1	M	0.72	1.97135859185548	neutral	20493615
PD62037d	15	40458478	40816042	1	0	M	0.72	1.97135859185548	loss	357565
PD62037d	15	40816351	45270330	1	1	M	0.72	1.97135859185548	neutral	4453980
PD62037d	15	45272236	45364049	1	0	M	0.72	1.97135859185548	loss	91814
PD62037d	15	45364081	101849608	1	1	M	0.72	1.97135859185548	neutral	56485528
PD62037d	16	47541	6483619	2	1	M	0.72	1.97135859185548	gain	6436079
PD62037d	16	6654427	29810547	1	1	M	0.72	1.97135859185548	neutral	23156121
PD62037d	16	29811133	29861436	2	1	M	0.72	1.97135859185548	gain	50304
PD62037d	16	29862943	67341792	1	1	M	0.72	1.97135859185548	neutral	37478850
PD62037d	16	67341846	67457677	2	1	M	0.72	1.97135859185548	gain	115832
PD62037d	16	67480876	90094880	1	1	M	0.72	1.97135859185548	neutral	22614005
PD62037d	17	156162	8124275	1	0	M	0.72	1.97135859185548	loss	7968114
PD62037d	17	8141107	8187387	0	0	M	0.72	1.97135859185548	loss	46281
PD62037d	17	8188963	10825641	1	0	M	0.72	1.97135859185548	loss	2636679
PD62037d	17	11242098	40994137	1	1	M	0.72	1.97135859185548	neutral	29752040
PD62037d	17	40994183	41084543	2	1	M	0.72	1.97135859185548	gain	90361
PD62037d	17	41084696	43377550	1	1	M	0.72	1.97135859185548	neutral	2292855
PD62037d	17	43377567	75614856	2	0	M	0.72	1.97135859185548	neutral	32237290
PD62037d	17	75614885	75743905	3	0	M	0.72	1.97135859185548	gain	129021
PD62037d	17	75748838	83135891	2	0	M	0.72	1.97135859185548	neutral	7387054
PD62037d	18	120645	80202756	1	1	M	0.72	1.97135859185548	neutral	80082112
PD62037d	19	281376	4511364	1	0	M	0.72	1.97135859185548	loss	4229989
PD62037d	19	4511441	4513547	0	0	M	0.72	1.97135859185548	loss	2107
PD62037d	19	4516552	29529845	1	0	M	0.72	1.97135859185548	loss	25013294
PD62037d	19	29530116	36236539	3	1	M	0.72	1.97135859185548	gain	6706424
PD62037d	19	36237218	37773813	2	1	M	0.72	1.97135859185548	gain	1536596
PD62037d	19	37824016	39540136	3	1	M	0.72	1.97135859185548	gain	1716121
PD62037d	19	39602471	40850292	1	1	M	0.72	1.97135859185548	neutral	1247822
PD62037d	19	40850341	41197888	2	1	M	0.72	1.97135859185548	gain	347548
PD62037d	19	41198399	41709863	1	1	M	0.72	1.97135859185548	neutral	511465
PD62037d	19	41709898	41762330	2	2	M	0.72	1.97135859185548	gain	52433
PD62037d	19	41797734	43071877	1	1	M	0.72	1.97135859185548	neutral	1274144
PD62037d	19	43072012	46298416	2	1	M	0.72	1.97135859185548	gain	3226405
PD62037d	19	46298461	46339626	3	1	M	0.72	1.97135859185548	gain	41166
PD62037d	19	46347051	51341816	2	1	M	0.72	1.97135859185548	gain	4994766
PD62037d	19	51342117	53576886	1	1	M	0.72	1.97135859185548	neutral	2234770
PD62037d	19	53576890	53577967	1	0	M	0.72	1.97135859185548	loss	1078
PD62037d	19	53601256	54364274	2	1	M	0.72	1.97135859185548	gain	763019
PD62037d	19	54364364	54415248	1	1	M	0.72	1.97135859185548	neutral	50885
PD62037d	19	54415715	56467156	2	1	M	0.72	1.97135859185548	gain	2051442
PD62037d	19	56470013	58572521	1	1	M	0.72	1.97135859185548	neutral	2102509
PD62037d	20	87623	13887748	1	1	M	0.72	1.97135859185548	neutral	13800126
PD62037d	20	13888099	30399311	2	1	M	0.72	1.97135859185548	gain	16511213
PD62037d	20	31257640	33002880	4	1	M	0.72	1.97135859185548	gain	1745241
PD62037d	20	33002939	33060059	3	1	M	0.72	1.97135859185548	gain	57121
PD62037d	20	33060129	56366212	4	1	M	0.72	1.97135859185548	gain	23306084
PD62037d	20	56366369	64273629	3	1	M	0.72	1.97135859185548	gain	7907261
PD62037d	21	9068512	14967215	1	1	M	0.72	1.97135859185548	neutral	5898704
PD62037d	21	14967249	15830493	1	0	M	0.72	1.97135859185548	loss	863245
PD62037d	21	15831322	34523734	1	1	M	0.72	1.97135859185548	neutral	18692413
PD62037d	21	34525095	39420840	1	0	M	0.72	1.97135859185548	loss	4895746
PD62037d	21	39420856	46664523	1	1	M	0.72	1.97135859185548	neutral	7243668
PD62037d	22	16572142	50780662	1	0	M	0.72	1.97135859185548	loss	34208521
PD62037d	X	284193	2774703	2	0	M	0.72	1.97135859185548	gain	2490511
PD62037d	X	2781927	155545046	1	0	M	0.72	1.97135859185548	neutral	152763120
PD62037d	X	155773979	156005413	2	0	M	0.72	1.97135859185548	gain	231435
PD62037e	1	69511	1419214	2	2	M	0.5	3.49568692328444	gain	1349704
PD62037e	1	1419307	1522770	3	3	M	0.5	3.49568692328444	gain	103464
PD62037e	1	1522857	2609617	2	2	M	0.5	3.49568692328444	gain	1086761
PD62037e	1	2609694	3394493	3	2	M	0.5	3.49568692328444	gain	784800
PD62037e	1	3394505	15734003	2	2	M	0.5	3.49568692328444	gain	12339499
PD62037e	1	15736819	15807689	9	0	M	0.5	3.49568692328444	gain	70871
PD62037e	1	15848163	21756430	2	2	M	0.5	3.49568692328444	gain	5908268
PD62037e	1	21756456	21855473	3	2	M	0.5	3.49568692328444	gain	99018
PD62037e	1	21855621	21980985	3	3	M	0.5	3.49568692328444	gain	125365
PD62037e	1	21981029	25565111	2	2	M	0.5	3.49568692328444	gain	3584083
PD62037e	1	25565283	25832097	2	1	M	0.5	3.49568692328444	neutral	266815
PD62037e	1	25835209	107757161	2	2	M	0.5	3.49568692328444	gain	81921953
PD62037e	1	107757162	108154934	1	0	M	0.5	3.49568692328444	loss	397773
PD62037e	1	108155151	119917623	2	2	M	0.5	3.49568692328444	gain	11762473
PD62037e	1	119918630	121568263	2	0	M	0.5	3.49568692328444	loss	1649634
PD62037e	1	143544124	151442269	2	1	M	0.5	3.49568692328444	neutral	7898146
PD62037e	1	151518551	151574464	3	3	M	0.5	3.49568692328444	gain	55914
PD62037e	1	151574822	152219817	2	2	M	0.5	3.49568692328444	gain	644996
PD62037e	1	152219829	152351638	1	1	M	0.5	3.49568692328444	loss	131810
PD62037e	1	152351670	206937104	2	1	M	0.5	3.49568692328444	neutral	54585435
PD62037e	1	206937293	207131724	3	3	M	0.5	3.49568692328444	gain	194432
PD62037e	1	207131800	248918428	2	2	M	0.5	3.49568692328444	gain	41786629
PD62037e	2	41393	86052714	2	1	M	0.5	3.49568692328444	neutral	86011322
PD62037e	2	86052775	86130495	1	1	M	0.5	3.49568692328444	loss	77721
PD62037e	2	86130610	88812343	2	1	M	0.5	3.49568692328444	neutral	2681734
PD62037e	2	88812479	88860510	0	0	M	0.5	3.49568692328444	loss	48032
PD62037e	2	88860519	90221219	2	0	M	0.5	3.49568692328444	loss	1360701
PD62037e	2	91578606	127608841	2	1	M	0.5	3.49568692328444	neutral	36030236
PD62037e	2	127609483	127628177	1	0	M	0.5	3.49568692328444	loss	18695
PD62037e	2	127628247	127848080	1	1	M	0.5	3.49568692328444	loss	219834
PD62037e	2	127848233	176188891	2	1	M	0.5	3.49568692328444	neutral	48340659
PD62037e	2	176188996	177521275	3	2	M	0.5	3.49568692328444	gain	1332280
PD62037e	2	177521432	177663746	1	0	M	0.5	3.49568692328444	loss	142315
PD62037e	2	177663872	218278059	2	1	M	0.5	3.49568692328444	neutral	40614188
PD62037e	2	218278385	218341923	2	2	M	0.5	3.49568692328444	gain	63539
PD62037e	2	218342015	227147485	2	1	M	0.5	3.49568692328444	neutral	8805471
PD62037e	2	227147498	227536591	3	2	M	0.5	3.49568692328444	gain	389094
PD62037e	2	227550258	242004549	2	1	M	0.5	3.49568692328444	neutral	14454292
PD62037e	3	197664	9844079	2	1	M	0.5	3.49568692328444	neutral	9646416
PD62037e	3	9854575	9893410	3	3	M	0.5	3.49568692328444	gain	38836
PD62037e	3	9893434	62203121	2	1	M	0.5	3.49568692328444	neutral	52309688
PD62037e	3	62203362	62592661	3	2	M	0.5	3.49568692328444	gain	389300
PD62037e	3	62592766	123700886	2	1	M	0.5	3.49568692328444	neutral	61108121
PD62037e	3	123700935	198038561	2	2	M	0.5	3.49568692328444	gain	74337627
PD62037e	4	85813	441642	2	0	M	0.5	3.49568692328444	loss	355830
PD62037e	4	441685	500299	1	0	M	0.5	3.49568692328444	loss	58615
PD62037e	4	500399	15040362	3	0	M	0.5	3.49568692328444	neutral	14539964
PD62037e	4	15040518	15478938	1	0	M	0.5	3.49568692328444	loss	438421
PD62037e	4	15479421	190025891	4	0	M	0.5	3.49568692328444	gain	174546471
PD62037e	5	140238	181260906	3	0	M	0.5	3.49568692328444	neutral	181120669
PD62037e	6	203397	26017776	2	0	M	0.5	3.49568692328444	loss	25814380
PD62037e	6	26020440	26370254	0	0	M	0.5	3.49568692328444	loss	349815
PD62037e	6	26370344	30068833	2	0	M	0.5	3.49568692328444	loss	3698490
PD62037e	6	30069217	30196561	4	0	M	0.5	3.49568692328444	gain	127345
PD62037e	6	30196690	31010747	2	0	M	0.5	3.49568692328444	loss	814058
PD62037e	6	31025411	31029990	0	0	M	0.5	3.49568692328444	loss	4580
PD62037e	6	31030039	31170600	3	0	M	0.5	3.49568692328444	neutral	140562
PD62037e	6	31197661	31616064	1	0	M	0.5	3.49568692328444	loss	418404
PD62037e	6	31616154	46746861	2	0	M	0.5	3.49568692328444	loss	15130708
PD62037e	6	46749793	47574218	3	0	M	0.5	3.49568692328444	neutral	824426
PD62037e	6	47576458	53516141	2	0	M	0.5	3.49568692328444	loss	5939684
PD62037e	6	53520677	53896349	1	1	M	0.5	3.49568692328444	loss	375673
PD62037e	6	53896438	109307939	2	2	M	0.5	3.49568692328444	gain	55411502
PD62037e	6	109307952	109352888	4	3	M	0.5	3.49568692328444	gain	44937
PD62037e	6	109368228	170584376	2	2	M	0.5	3.49568692328444	gain	61216149
PD62037e	7	193222	37950376	4	1	M	0.5	3.49568692328444	gain	37757155
PD62037e	7	37950414	45915093	3	1	M	0.5	3.49568692328444	gain	7964680
PD62037e	7	45916533	57470007	4	1	M	0.5	3.49568692328444	gain	11553475
PD62037e	7	63449933	64991180	2	1	M	0.5	3.49568692328444	neutral	1541248
PD62037e	7	64991278	100893967	4	1	M	0.5	3.49568692328444	gain	35902690
PD62037e	7	100894050	101009103	8	3	M	0.5	3.49568692328444	gain	115054
PD62037e	7	101012232	142093721	4	1	M	0.5	3.49568692328444	gain	41081490
PD62037e	7	142094463	142130931	8	3	M	0.5	3.49568692328444	gain	36469
PD62037e	7	142130935	142802699	4	1	M	0.5	3.49568692328444	gain	671765
PD62037e	7	142802725	142863555	1	0	M	0.5	3.49568692328444	loss	60831
PD62037e	7	142863619	150398183	4	1	M	0.5	3.49568692328444	gain	7534565
PD62037e	7	150398222	150749637	3	1	M	0.5	3.49568692328444	gain	351416
PD62037e	7	150749704	159233344	4	1	M	0.5	3.49568692328444	gain	8483641
PD62037e	8	232977	22139541	2	1	M	0.5	3.49568692328444	neutral	21906565
PD62037e	8	22139645	22290314	2	2	M	0.5	3.49568692328444	gain	150670
PD62037e	8	22304669	143925331	2	1	M	0.5	3.49568692328444	neutral	121620663
PD62037e	8	143925372	143935035	1	1	M	0.5	3.49568692328444	loss	9664
PD62037e	8	143935188	145054093	2	1	M	0.5	3.49568692328444	neutral	1118906
PD62037e	9	154795	12704745	2	0	M	0.5	3.49568692328444	loss	12549951
PD62037e	9	12704775	13247520	0	0	M	0.5	3.49568692328444	loss	542746
PD62037e	9	13247673	42796064	2	0	M	0.5	3.49568692328444	loss	29548392
PD62037e	9	62801194	76905794	3	0	M	0.5	3.49568692328444	neutral	14104601
PD62037e	9	76905897	91757145	2	0	M	0.5	3.49568692328444	loss	14851249
PD62037e	9	91757418	92047342	3	0	M	0.5	3.49568692328444	neutral	289925
PD62037e	9	92047804	130393699	2	0	M	0.5	3.49568692328444	loss	38345896
PD62037e	9	130393761	130433393	4	1	M	0.5	3.49568692328444	gain	39633
PD62037e	9	130433399	138177328	2	0	M	0.5	3.49568692328444	loss	7743930
PD62037e	10	49134	113615769	2	2	M	0.5	3.49568692328444	gain	113566636
PD62037e	10	113615779	113766418	3	3	M	0.5	3.49568692328444	gain	150640
PD62037e	10	113766786	133625894	2	2	M	0.5	3.49568692328444	gain	19859109
PD62037e	11	197291	59615287	3	0	M	0.5	3.49568692328444	neutral	59417997
PD62037e	11	59615481	59658957	4	0	M	0.5	3.49568692328444	gain	43477
PD62037e	11	59659222	60172118	5	0	M	0.5	3.49568692328444	gain	512897
PD62037e	11	60172885	61121774	2	0	M	0.5	3.49568692328444	loss	948890
PD62037e	11	61121926	61125934	1	0	M	0.5	3.49568692328444	loss	4009
PD62037e	11	61132229	64739617	3	0	M	0.5	3.49568692328444	neutral	3607389
PD62037e	11	64739843	64806410	1	0	M	0.5	3.49568692328444	loss	66568
PD62037e	11	64807576	70661552	3	0	M	0.5	3.49568692328444	neutral	5853977
PD62037e	11	70698679	71435795	5	0	M	0.5	3.49568692328444	gain	737117
PD62037e	11	71435816	118957108	3	0	M	0.5	3.49568692328444	neutral	47521293
PD62037e	11	118957113	118958241	2	0	M	0.5	3.49568692328444	loss	1129
PD62037e	11	118971839	120008628	3	0	M	0.5	3.49568692328444	neutral	1036790
PD62037e	11	120008716	120121919	5	0	M	0.5	3.49568692328444	gain	113204
PD62037e	11	120122120	134986843	3	0	M	0.5	3.49568692328444	neutral	14864724
PD62037e	12	66973	6935803	2	1	M	0.5	3.49568692328444	neutral	6868831
PD62037e	12	6935973	6970170	1	0	M	0.5	3.49568692328444	loss	34198
PD62037e	12	6970400	7322603	2	1	M	0.5	3.49568692328444	neutral	352204
PD62037e	12	7323349	7503619	2	2	M	0.5	3.49568692328444	gain	180271
PD62037e	12	7503667	49544303	2	1	M	0.5	3.49568692328444	neutral	42040637
PD62037e	12	49548840	49793962	2	0	M	0.5	3.49568692328444	loss	245123
PD62037e	12	49794608	52321269	2	2	M	0.5	3.49568692328444	gain	2526662
PD62037e	12	52361169	52904795	2	1	M	0.5	3.49568692328444	neutral	543627
PD62037e	12	52904798	52951512	3	3	M	0.5	3.49568692328444	gain	46715
PD62037e	12	52951650	70524361	2	1	M	0.5	3.49568692328444	neutral	17572712
PD62037e	12	70524405	71633454	4	2	M	0.5	3.49568692328444	gain	1109050
PD62037e	12	71634147	133234349	2	1	M	0.5	3.49568692328444	neutral	61600203
PD62037e	13	19026300	77018792	4	2	M	0.5	3.49568692328444	gain	57992493
PD62037e	13	77021490	77171531	3	1	M	0.5	3.49568692328444	gain	150042
PD62037e	13	77171538	77288091	2	1	M	0.5	3.49568692328444	neutral	116554
PD62037e	13	77288136	98724057	5	2	M	0.5	3.49568692328444	gain	21435922
PD62037e	13	98724091	98846648	5	3	M	0.5	3.49568692328444	gain	122558
PD62037e	13	98846701	99015728	3	1	M	0.5	3.49568692328444	gain	169028
PD62037e	13	99086118	114325924	4	2	M	0.5	3.49568692328444	gain	15239807
PD62037e	14	19733402	21853079	2	0	M	0.5	3.49568692328444	loss	2119678
PD62037e	14	21853084	21924669	1	0	M	0.5	3.49568692328444	loss	71586
PD62037e	14	21941349	24634310	2	0	M	0.5	3.49568692328444	loss	2692962
PD62037e	14	24812629	24818222	5	1	M	0.5	3.49568692328444	gain	5594
PD62037e	14	24818227	35534220	2	0	M	0.5	3.49568692328444	loss	10715994
PD62037e	14	35534412	36371761	3	0	M	0.5	3.49568692328444	neutral	837350
PD62037e	14	36473704	105625203	2	0	M	0.5	3.49568692328444	loss	69151500
PD62037e	14	105625218	105864509	0	0	M	0.5	3.49568692328444	loss	239292
PD62037e	14	105864514	105881513	2	0	M	0.5	3.49568692328444	loss	17000
PD62037e	14	105881530	106874913	1	0	M	0.5	3.49568692328444	loss	993384
PD62037e	15	19964758	25083635	2	1	M	0.5	3.49568692328444	neutral	5118878
PD62037e	15	25083655	25245718	1	1	M	0.5	3.49568692328444	loss	162064
PD62037e	15	25247188	40435519	2	1	M	0.5	3.49568692328444	neutral	15188332
PD62037e	15	40458372	40816042	2	0	M	0.5	3.49568692328444	loss	357671
PD62037e	15	40816351	44633542	2	2	M	0.5	3.49568692328444	gain	3817192
PD62037e	15	44651377	44754760	1	0	M	0.5	3.49568692328444	loss	103384
PD62037e	15	44754927	44758968	2	1	M	0.5	3.49568692328444	neutral	4042
PD62037e	15	44759620	44767853	1	0	M	0.5	3.49568692328444	loss	8234
PD62037e	15	44827003	45113125	5	0	M	0.5	3.49568692328444	gain	286123
PD62037e	15	45113187	45118079	2	2	M	0.5	3.49568692328444	gain	4893
PD62037e	15	45119201	81282745	2	1	M	0.5	3.49568692328444	neutral	36163545
PD62037e	15	81282828	81319229	1	0	M	0.5	3.49568692328444	loss	36402
PD62037e	15	81319296	101849608	2	2	M	0.5	3.49568692328444	gain	20530313
PD62037e	16	47541	6019944	4	2	M	0.5	3.49568692328444	gain	5972404
PD62037e	16	6020013	18854613	2	2	M	0.5	3.49568692328444	gain	12834601
PD62037e	16	18854807	19071899	4	3	M	0.5	3.49568692328444	gain	217093
PD62037e	16	19071978	23710959	3	2	M	0.5	3.49568692328444	gain	4638982
PD62037e	16	23710986	23757645	4	4	M	0.5	3.49568692328444	gain	46660
PD62037e	16	23836151	29802941	2	1	M	0.5	3.49568692328444	neutral	5966791
PD62037e	16	29803027	29808317	0	0	M	0.5	3.49568692328444	loss	5291
PD62037e	16	29808389	29905672	3	2	M	0.5	3.49568692328444	gain	97284
PD62037e	16	29905673	29978323	4	3	M	0.5	3.49568692328444	gain	72651
PD62037e	16	29978411	57079429	2	2	M	0.5	3.49568692328444	gain	27101019
PD62037e	16	57081005	57235019	2	1	M	0.5	3.49568692328444	neutral	154015
PD62037e	16	57235142	67341792	2	2	M	0.5	3.49568692328444	gain	10106651
PD62037e	16	67341846	67457668	3	3	M	0.5	3.49568692328444	gain	115823
PD62037e	16	67457677	75451769	2	2	M	0.5	3.49568692328444	gain	7994093
PD62037e	16	75464206	75546026	3	3	M	0.5	3.49568692328444	gain	81821
PD62037e	16	75555772	89856278	2	2	M	0.5	3.49568692328444	gain	14300507
PD62037e	16	89858453	89859283	4	4	M	0.5	3.49568692328444	gain	831
PD62037e	16	89860512	90094880	2	2	M	0.5	3.49568692328444	gain	234369
PD62037e	17	156162	8150040	2	0	M	0.5	3.49568692328444	loss	7993879
PD62037e	17	8150347	8189834	0	0	M	0.5	3.49568692328444	loss	39488
PD62037e	17	8189922	10646069	2	0	M	0.5	3.49568692328444	loss	2456148
PD62037e	17	10647388	19415898	2	2	M	0.5	3.49568692328444	gain	8768511
PD62037e	17	19415971	19649163	3	3	M	0.5	3.49568692328444	gain	233193
PD62037e	17	19649172	40834777	2	2	M	0.5	3.49568692328444	gain	21185606
PD62037e	17	40834780	40983183	4	4	M	0.5	3.49568692328444	gain	148404
PD62037e	17	40983705	43214073	2	2	M	0.5	3.49568692328444	gain	2230369
PD62037e	17	43215749	50394874	4	0	M	0.5	3.49568692328444	gain	7179126
PD62037e	17	50394903	50523183	5	0	M	0.5	3.49568692328444	gain	128281
PD62037e	17	50523591	64505955	4	0	M	0.5	3.49568692328444	gain	13982365
PD62037e	17	64505962	64561496	2	0	M	0.5	3.49568692328444	loss	55535
PD62037e	17	64562677	72849888	4	0	M	0.5	3.49568692328444	gain	8287212
PD62037e	17	72947825	73350804	5	0	M	0.5	3.49568692328444	gain	402980
PD62037e	17	73352447	75750178	4	0	M	0.5	3.49568692328444	gain	2397732
PD62037e	17	75750289	75757359	2	0	M	0.5	3.49568692328444	loss	7071
PD62037e	17	75757366	76924981	4	0	M	0.5	3.49568692328444	gain	1167616
PD62037e	17	76924990	78160963	2	0	M	0.5	3.49568692328444	loss	1235974
PD62037e	17	78161012	83135891	4	0	M	0.5	3.49568692328444	gain	4974880
PD62037e	18	120645	80202756	2	2	M	0.5	3.49568692328444	gain	80082112
PD62037e	19	281376	4510926	2	0	M	0.5	3.49568692328444	loss	4229551
PD62037e	19	4510954	4513547	1	0	M	0.5	3.49568692328444	loss	2594
PD62037e	19	4516552	11867315	2	0	M	0.5	3.49568692328444	loss	7350764
PD62037e	19	11867842	12381141	1	0	M	0.5	3.49568692328444	loss	513300
PD62037e	19	12381165	19732962	2	0	M	0.5	3.49568692328444	loss	7351798
PD62037e	19	19758070	24162377	1	0	M	0.5	3.49568692328444	loss	4404308
PD62037e	19	29076139	32843787	3	2	M	0.5	3.49568692328444	gain	3767649
PD62037e	19	32843870	33002328	4	4	M	0.5	3.49568692328444	gain	158459
PD62037e	19	33002356	38308923	3	2	M	0.5	3.49568692328444	gain	5306568
PD62037e	19	38309145	38737255	3	3	M	0.5	3.49568692328444	gain	428111
PD62037e	19	38737548	38817634	14	0	M	0.5	3.49568692328444	gain	80087
PD62037e	19	38831051	39915116	3	2	M	0.5	3.49568692328444	gain	1084066
PD62037e	19	39915150	39924790	4	3	M	0.5	3.49568692328444	gain	9641
PD62037e	19	39926982	40076253	2	0	M	0.5	3.49568692328444	loss	149272
PD62037e	19	40081864	40850292	2	2	M	0.5	3.49568692328444	gain	768429
PD62037e	19	40850341	40900156	3	3	M	0.5	3.49568692328444	gain	49816
PD62037e	19	40908432	41709863	3	2	M	0.5	3.49568692328444	gain	801432
PD62037e	19	41709898	41762330	4	4	M	0.5	3.49568692328444	gain	52433
PD62037e	19	41797734	44500303	2	2	M	0.5	3.49568692328444	gain	2702570
PD62037e	19	44506188	46298416	4	3	M	0.5	3.49568692328444	gain	1792229
PD62037e	19	46298461	46347051	6	5	M	0.5	3.49568692328444	gain	48591
PD62037e	19	46347058	46755417	3	2	M	0.5	3.49568692328444	gain	408360
PD62037e	19	46755585	50244277	3	3	M	0.5	3.49568692328444	gain	3488693
PD62037e	19	50244332	50323024	4	4	M	0.5	3.49568692328444	gain	78693
PD62037e	19	50323312	50333874	2	2	M	0.5	3.49568692328444	gain	10563
PD62037e	19	50333944	51104162	3	2	M	0.5	3.49568692328444	gain	770219
PD62037e	19	51104250	52431658	2	2	M	0.5	3.49568692328444	gain	1327409
PD62037e	19	52431666	52715839	2	1	M	0.5	3.49568692328444	neutral	284174
PD62037e	19	52715852	53577967	2	2	M	0.5	3.49568692328444	gain	862116
PD62037e	19	53601256	53754151	5	5	M	0.5	3.49568692328444	gain	152896
PD62037e	19	53756714	54364274	3	2	M	0.5	3.49568692328444	gain	607561
PD62037e	19	54364364	54415075	2	1	M	0.5	3.49568692328444	neutral	50712
PD62037e	19	54415222	54462127	4	3	M	0.5	3.49568692328444	gain	46906
PD62037e	19	54462206	54574683	3	2	M	0.5	3.49568692328444	gain	112478
PD62037e	19	54574685	54634060	1	1	M	0.5	3.49568692328444	loss	59376
PD62037e	19	54634075	54866808	2	2	M	0.5	3.49568692328444	gain	232734
PD62037e	19	54866819	57705081	3	3	M	0.5	3.49568692328444	gain	2838263
PD62037e	19	57708733	58572521	2	2	M	0.5	3.49568692328444	gain	863789
PD62037e	20	87623	5967664	2	2	M	0.5	3.49568692328444	gain	5880042
PD62037e	20	5967894	9563102	4	2	M	0.5	3.49568692328444	gain	3595209
PD62037e	20	9563124	10412514	2	1	M	0.5	3.49568692328444	neutral	849391
PD62037e	20	10412791	10413099	7	0	M	0.5	3.49568692328444	gain	309
PD62037e	20	10413398	30399251	4	2	M	0.5	3.49568692328444	gain	19985854
PD62037e	20	30399253	33002880	6	2	M	0.5	3.49568692328444	gain	2603628
PD62037e	20	33002939	33060059	3	1	M	0.5	3.49568692328444	gain	57121
PD62037e	20	33060129	48734494	6	2	M	0.5	3.49568692328444	gain	15674366
PD62037e	20	48734558	48827599	3	1	M	0.5	3.49568692328444	gain	93042
PD62037e	20	48827762	59850475	6	2	M	0.5	3.49568692328444	gain	11022714
PD62037e	20	59864246	59983078	8	3	M	0.5	3.49568692328444	gain	118833
PD62037e	20	59984599	64273629	6	2	M	0.5	3.49568692328444	gain	4289031
PD62037e	21	9068512	15849667	2	1	M	0.5	3.49568692328444	neutral	6781156
PD62037e	21	15849754	17605053	3	3	M	0.5	3.49568692328444	gain	1755300
PD62037e	21	17609124	35047623	2	1	M	0.5	3.49568692328444	neutral	17438500
PD62037e	21	35047715	39396815	2	0	M	0.5	3.49568692328444	loss	4349101
PD62037e	21	39396915	46664523	2	2	M	0.5	3.49568692328444	gain	7267609
PD62037e	22	16572142	21975762	2	0	M	0.5	3.49568692328444	loss	5403621
PD62037e	22	22030986	22196078	0	0	M	0.5	3.49568692328444	loss	165093
PD62037e	22	22196110	46370060	2	0	M	0.5	3.49568692328444	loss	24173951
PD62037e	22	46370098	46391935	6	0	M	0.5	3.49568692328444	gain	21838
PD62037e	22	46394110	50780662	2	0	M	0.5	3.49568692328444	loss	4386553
PD62037e	X	284193	2797384	6	0	M	0.5	3.49568692328444	gain	2513192
PD62037e	X	2806719	37840974	2	0	M	0.5	3.49568692328444	gain	35034256
PD62037e	X	37841104	38381483	4	0	M	0.5	3.49568692328444	gain	540380
PD62037e	X	38401213	155545002	2	0	M	0.5	3.49568692328444	gain	117143790
PD62037e	X	155545046	156005413	3	0	M	0.5	3.49568692328444	gain	460368
PD62038a	1	69511	160637150	1	1	M	0.33	1.96603135516159	neutral	160567640
PD62038a	1	160637179	160711741	1	0	M	0.33	1.96603135516159	loss	74563
PD62038a	1	160739267	248918428	1	1	M	0.33	1.96603135516159	neutral	88179162
PD62038a	2	41404	6910296	2	0	M	0.33	1.96603135516159	neutral	6868893
PD62038a	2	6936348	242004549	1	1	M	0.33	1.96603135516159	neutral	235068202
PD62038a	3	197664	198038561	1	1	M	0.33	1.96603135516159	neutral	197840898
PD62038a	4	85813	190025891	1	1	M	0.33	1.96603135516159	neutral	189940079
PD62038a	5	140238	181260906	1	1	M	0.33	1.96603135516159	neutral	181120669
PD62038a	6	203397	170584376	1	1	M	0.33	1.96603135516159	neutral	170380980
PD62038a	7	193222	150791793	1	1	M	0.33	1.96603135516159	neutral	150598572
PD62038a	7	150791981	150793288	3	2	M	0.33	1.96603135516159	gain	1308
PD62038a	7	150793336	159233344	1	1	M	0.33	1.96603135516159	neutral	8440009
PD62038a	8	232977	11852528	1	0	M	0.33	1.96603135516159	loss	11619552
PD62038a	8	11852665	124543292	1	1	M	0.33	1.96603135516159	neutral	112690628
PD62038a	8	124547174	124555948	0	0	M	0.33	1.96603135516159	loss	8775
PD62038a	8	124555950	145054093	1	1	M	0.33	1.96603135516159	neutral	20498144
PD62038a	9	154795	138177317	1	1	M	0.33	1.96603135516159	neutral	138022523
PD62038a	10	49156	69250619	1	1	M	0.33	1.96603135516159	neutral	69201464
PD62038a	10	69250664	72375969	5	1	M	0.33	1.96603135516159	gain	3125306
PD62038a	10	72379442	74708294	9	1	M	0.33	1.96603135516159	gain	2328853
PD62038a	10	74708343	76324342	5	1	M	0.33	1.96603135516159	gain	1616000
PD62038a	10	76324343	81878195	14	1	M	0.33	1.96603135516159	gain	5553853
PD62038a	10	82232727	93698384	1	0	M	0.33	1.96603135516159	loss	11465658
PD62038a	10	93698396	133625894	1	1	M	0.33	1.96603135516159	neutral	39927499
PD62038a	11	197291	60951460	1	1	M	0.33	1.96603135516159	neutral	60754170
PD62038a	11	60971922	61132460	0	0	M	0.33	1.96603135516159	loss	160539
PD62038a	11	61132546	134986843	1	1	M	0.33	1.96603135516159	neutral	73854298
PD62038a	12	66973	133234349	1	1	M	0.33	1.96603135516159	neutral	133167377
PD62038a	13	19026300	114325924	1	1	M	0.33	1.96603135516159	neutral	95299625
PD62038a	14	19097559	21895063	1	1	M	0.33	1.96603135516159	neutral	2797505
PD62038a	14	21895066	21924598	0	0	M	0.33	1.96603135516159	loss	29533
PD62038a	14	21924631	22551978	1	1	M	0.33	1.96603135516159	neutral	627348
PD62038a	14	22552004	22565284	1	0	M	0.33	1.96603135516159	loss	13281
PD62038a	14	22575102	105855988	1	1	M	0.33	1.96603135516159	neutral	83280887
PD62038a	14	105856024	105864734	1	0	M	0.33	1.96603135516159	loss	8711
PD62038a	14	105865128	105881512	2	2	M	0.33	1.96603135516159	gain	16385
PD62038a	14	105881513	106874913	1	1	M	0.33	1.96603135516159	neutral	993401
PD62038a	15	19964758	81269556	1	1	M	0.33	1.96603135516159	neutral	61304799
PD62038a	15	81278664	81297160	0	0	M	0.33	1.96603135516159	loss	18497
PD62038a	15	81299298	101849608	1	1	M	0.33	1.96603135516159	neutral	20550311
PD62038a	16	47354	90094880	1	1	M	0.33	1.96603135516159	neutral	90047527
PD62038a	17	156162	21304625	1	0	M	0.33	1.96603135516159	loss	21148464
PD62038a	17	21304980	41041167	1	1	M	0.33	1.96603135516159	neutral	19736188
PD62038a	17	41041225	41315728	0	0	M	0.33	1.96603135516159	loss	274504
PD62038a	17	41315766	83135891	1	1	M	0.33	1.96603135516159	neutral	41820126
PD62038a	18	120645	80202756	1	1	M	0.33	1.96603135516159	neutral	80082112
PD62038a	19	281376	41686940	1	1	M	0.33	1.96603135516159	neutral	41405565
PD62038a	19	41688028	41811243	3	1	M	0.33	1.96603135516159	gain	123216
PD62038a	19	41811262	58572521	1	1	M	0.33	1.96603135516159	neutral	16761260
PD62038a	20	87623	64273492	1	1	M	0.33	1.96603135516159	neutral	64185870
PD62038a	21	9068512	43029806	1	1	M	0.33	1.96603135516159	neutral	33961295
PD62038a	21	43029807	46664533	1	0	M	0.33	1.96603135516159	loss	3634727
PD62038a	22	16572142	50780662	1	0	M	0.33	1.96603135516159	loss	34208521
PD62038a	X	284193	2740742	1	0	M	0.33	1.96603135516159	neutral	2456550
PD62038a	X	2740756	2774703	3	0	M	0.33	1.96603135516159	gain	33948
PD62038a	X	2781927	155524613	1	0	M	0.33	1.96603135516159	neutral	152742687
PD62038a	X	155773979	155898177	2	0	M	0.33	1.96603135516159	gain	124199
PD62038a	X	155898234	156005413	3	0	M	0.33	1.96603135516159	gain	107180
PD62038c	1	69511	160637150	1	1	M	0.35	1.94490498914825	neutral	160567640
PD62038c	1	160637179	160831280	1	0	M	0.35	1.94490498914825	loss	194102
PD62038c	1	160831382	248918428	1	1	M	0.35	1.94490498914825	neutral	88087047
PD62038c	2	41404	230201006	1	1	M	0.35	1.94490498914825	neutral	230159603
PD62038c	2	230202589	230759970	1	0	M	0.35	1.94490498914825	loss	557382
PD62038c	2	230793355	242004549	1	1	M	0.35	1.94490498914825	neutral	11211195
PD62038c	3	197664	198038561	1	1	M	0.35	1.94490498914825	neutral	197840898
PD62038c	4	85813	48167758	1	0	M	0.35	1.94490498914825	loss	48081946
PD62038c	4	48167967	67624301	1	1	M	0.35	1.94490498914825	neutral	19456335
PD62038c	4	67624326	94249610	2	2	M	0.35	1.94490498914825	gain	26625285
PD62038c	4	94249688	151588825	1	1	M	0.35	1.94490498914825	neutral	57339138
PD62038c	4	151588978	190025891	1	0	M	0.35	1.94490498914825	loss	38436914
PD62038c	5	140238	35727852	1	1	M	0.35	1.94490498914825	neutral	35587615
PD62038c	5	35727887	35789658	0	0	M	0.35	1.94490498914825	loss	61772
PD62038c	5	35789754	50399934	1	1	M	0.35	1.94490498914825	neutral	14610181
PD62038c	5	50402124	181260906	1	0	M	0.35	1.94490498914825	loss	130858783
PD62038c	6	203397	46625535	1	1	M	0.35	1.94490498914825	neutral	46422139
PD62038c	6	46631035	49636620	2	2	M	0.35	1.94490498914825	gain	3005586
PD62038c	6	49636730	167917261	1	1	M	0.35	1.94490498914825	neutral	118280532
PD62038c	6	167917314	168059165	2	2	M	0.35	1.94490498914825	gain	141852
PD62038c	6	168059234	170584376	1	1	M	0.35	1.94490498914825	neutral	2525143
PD62038c	7	193222	150470770	1	1	M	0.35	1.94490498914825	neutral	150277549
PD62038c	7	150470948	150749983	0	0	M	0.35	1.94490498914825	loss	279036
PD62038c	7	150790615	150793288	2	2	M	0.35	1.94490498914825	gain	2674
PD62038c	7	150793336	159233344	1	1	M	0.35	1.94490498914825	neutral	8440009
PD62038c	8	232977	94128175	1	1	M	0.35	1.94490498914825	neutral	93895199
PD62038c	8	94128176	121614739	2	1	M	0.35	1.94490498914825	gain	27486564
PD62038c	8	121615065	124539086	1	0	M	0.35	1.94490498914825	loss	2924022
PD62038c	8	124539123	124865309	0	0	M	0.35	1.94490498914825	loss	326187
PD62038c	8	124865321	127947763	5	1	M	0.35	1.94490498914825	gain	3082443
PD62038c	8	127960475	138594192	2	1	M	0.35	1.94490498914825	gain	10633718
PD62038c	8	138596832	145054093	1	0	M	0.35	1.94490498914825	loss	6457262
PD62038c	9	154795	42796064	1	1	M	0.35	1.94490498914825	neutral	42641270
PD62038c	9	62801194	114307758	2	1	M	0.35	1.94490498914825	gain	51506565
PD62038c	9	114309224	138177317	1	1	M	0.35	1.94490498914825	neutral	23868094
PD62038c	10	49156	30849648	1	1	M	0.35	1.94490498914825	neutral	30800493
PD62038c	10	30849815	31521895	1	0	M	0.35	1.94490498914825	loss	672081
PD62038c	10	31524045	133625894	1	1	M	0.35	1.94490498914825	neutral	102101850
PD62038c	11	197291	617593	1	1	M	0.35	1.94490498914825	neutral	420303
PD62038c	11	617705	1258493	2	1	M	0.35	1.94490498914825	gain	640789
PD62038c	11	1259008	60951460	1	1	M	0.35	1.94490498914825	neutral	59692453
PD62038c	11	60971922	61132295	0	0	M	0.35	1.94490498914825	loss	160374
PD62038c	11	61132343	115178533	1	1	M	0.35	1.94490498914825	neutral	54046191
PD62038c	11	115178591	116760845	2	1	M	0.35	1.94490498914825	gain	1582255
PD62038c	11	116760974	134986843	1	1	M	0.35	1.94490498914825	neutral	18225870
PD62038c	12	66973	133234349	1	1	M	0.35	1.94490498914825	neutral	133167377
PD62038c	13	19026300	114325924	1	1	M	0.35	1.94490498914825	neutral	95299625
PD62038c	14	19097559	21894839	1	1	M	0.35	1.94490498914825	neutral	2797281
PD62038c	14	21894900	22105302	1	0	M	0.35	1.94490498914825	loss	210403
PD62038c	14	22105303	22486322	2	2	M	0.35	1.94490498914825	gain	381020
PD62038c	14	22488500	105855988	1	1	M	0.35	1.94490498914825	neutral	83367489
PD62038c	14	105856024	105863869	1	0	M	0.35	1.94490498914825	loss	7846
PD62038c	14	105864153	106874913	1	1	M	0.35	1.94490498914825	neutral	1010761
PD62038c	15	19964758	81269556	1	1	M	0.35	1.94490498914825	neutral	61304799
PD62038c	15	81278664	81297160	0	0	M	0.35	1.94490498914825	loss	18497
PD62038c	15	81299298	101849608	1	1	M	0.35	1.94490498914825	neutral	20550311
PD62038c	16	47354	90094880	1	1	M	0.35	1.94490498914825	neutral	90047527
PD62038c	17	156162	7237602	1	1	M	0.35	1.94490498914825	neutral	7081441
PD62038c	17	7237821	22204172	1	0	M	0.35	1.94490498914825	loss	14966352
PD62038c	17	22204935	32605267	1	1	M	0.35	1.94490498914825	neutral	10400333
PD62038c	17	32653756	32659148	2	1	M	0.35	1.94490498914825	gain	5393
PD62038c	17	32659167	41302798	1	1	M	0.35	1.94490498914825	neutral	8643632
PD62038c	17	41307750	41349438	0	0	M	0.35	1.94490498914825	loss	41689
PD62038c	17	41350381	75828181	1	1	M	0.35	1.94490498914825	neutral	34477801
PD62038c	17	75828224	78133258	1	0	M	0.35	1.94490498914825	loss	2305035
PD62038c	17	78133261	83135891	1	1	M	0.35	1.94490498914825	neutral	5002631
PD62038c	18	120645	6890435	1	1	M	0.35	1.94490498914825	neutral	6769791
PD62038c	18	6895010	6927354	2	2	M	0.35	1.94490498914825	gain	32345
PD62038c	18	6928139	80202756	1	1	M	0.35	1.94490498914825	neutral	73274618
PD62038c	19	281376	43353892	1	1	M	0.35	1.94490498914825	neutral	43072517
PD62038c	19	43353914	43379289	3	2	M	0.35	1.94490498914825	gain	25376
PD62038c	19	43406497	49171920	1	1	M	0.35	1.94490498914825	neutral	5765424
PD62038c	19	49171976	49200283	2	1	M	0.35	1.94490498914825	gain	28308
PD62038c	19	49200490	58572521	1	1	M	0.35	1.94490498914825	neutral	9372032
PD62038c	20	87623	64273492	1	1	M	0.35	1.94490498914825	neutral	64185870
PD62038c	21	9068512	43797658	1	1	M	0.35	1.94490498914825	neutral	34729147
PD62038c	21	43797678	46664533	1	0	M	0.35	1.94490498914825	loss	2866856
PD62038c	22	16572142	50780662	1	1	M	0.35	1.94490498914825	neutral	34208521
PD62038c	X	284193	2740742	2	0	M	0.35	1.94490498914825	gain	2456550
PD62038c	X	2740756	2774703	3	0	M	0.35	1.94490498914825	gain	33948
PD62038c	X	2781927	155524613	1	0	M	0.35	1.94490498914825	neutral	152742687
PD62038c	X	155773979	155898177	3	0	M	0.35	1.94490498914825	gain	124199
PD62038c	X	155898234	156005413	4	0	M	0.35	1.94490498914825	gain	107180
PD62038d	1	69511	9610579	1	1	M	0.37	1.84618218997099	neutral	9541069
PD62038d	1	9610680	9755314	0	0	M	0.37	1.84618218997099	loss	144635
PD62038d	1	9755341	160637150	1	1	M	0.37	1.84618218997099	neutral	150881810
PD62038d	1	160637179	160832683	0	0	M	0.37	1.84618218997099	loss	195505
PD62038d	1	160833945	248918428	2	1	M	0.37	1.84618218997099	gain	88084484
PD62038d	2	41404	189066517	1	1	M	0.37	1.84618218997099	neutral	189025114
PD62038d	2	189066730	189451046	2	1	M	0.37	1.84618218997099	gain	384317
PD62038d	2	189451658	230202874	1	1	M	0.37	1.84618218997099	neutral	40751217
PD62038d	2	230207809	230541854	0	0	M	0.37	1.84618218997099	loss	334046
PD62038d	2	230541965	241030511	1	1	M	0.37	1.84618218997099	neutral	10488547
PD62038d	2	241033806	241132986	1	0	M	0.37	1.84618218997099	loss	99181
PD62038d	2	241133084	242004549	1	1	M	0.37	1.84618218997099	neutral	871466
PD62038d	3	197664	6861532	1	0	M	0.37	1.84618218997099	loss	6663869
PD62038d	3	6861610	198038561	1	1	M	0.37	1.84618218997099	neutral	191176952
PD62038d	4	85813	49062016	1	0	M	0.37	1.84618218997099	loss	48976204
PD62038d	4	51848241	95335522	2	1	M	0.37	1.84618218997099	gain	43487282
PD62038d	4	95548650	151716077	1	1	M	0.37	1.84618218997099	neutral	56167428
PD62038d	4	151717001	190025891	1	0	M	0.37	1.84618218997099	loss	38308891
PD62038d	5	140238	50399934	1	1	M	0.37	1.84618218997099	neutral	50259697
PD62038d	5	50402124	181260906	1	0	M	0.37	1.84618218997099	loss	130858783
PD62038d	6	203397	564009	1	0	M	0.37	1.84618218997099	loss	360613
PD62038d	6	564015	32188891	1	1	M	0.37	1.84618218997099	neutral	31624877
PD62038d	6	32189621	33701571	1	0	M	0.37	1.84618218997099	loss	1511951
PD62038d	6	33711452	167917261	1	1	M	0.37	1.84618218997099	neutral	134205810
PD62038d	6	167917314	168059165	2	2	M	0.37	1.84618218997099	gain	141852
PD62038d	6	168059234	170584376	1	1	M	0.37	1.84618218997099	neutral	2525143
PD62038d	7	193222	100113533	1	1	M	0.37	1.84618218997099	neutral	99920312
PD62038d	7	100113586	100213020	1	0	M	0.37	1.84618218997099	loss	99435
PD62038d	7	100213072	100399831	0	0	M	0.37	1.84618218997099	loss	186760
PD62038d	7	100400984	100576243	1	0	M	0.37	1.84618218997099	loss	175260
PD62038d	7	100577077	150470770	1	1	M	0.37	1.84618218997099	neutral	49893694
PD62038d	7	150470948	150749983	0	0	M	0.37	1.84618218997099	loss	279036
PD62038d	7	150790615	150793288	3	2	M	0.37	1.84618218997099	gain	2674
PD62038d	7	150793336	159233344	1	1	M	0.37	1.84618218997099	neutral	8440009
PD62038d	8	232977	36931139	1	0	M	0.37	1.84618218997099	loss	36698163
PD62038d	8	36932821	58146669	2	1	M	0.37	1.84618218997099	gain	21213849
PD62038d	8	58411437	60208977	1	0	M	0.37	1.84618218997099	loss	1797541
PD62038d	8	60226868	81840100	2	1	M	0.37	1.84618218997099	gain	21613233
PD62038d	8	84705965	100584258	1	1	M	0.37	1.84618218997099	neutral	15878294
PD62038d	8	100584266	101666744	2	2	M	0.37	1.84618218997099	gain	1082479
PD62038d	8	101666759	102529484	2	1	M	0.37	1.84618218997099	gain	862726
PD62038d	8	102529489	123970151	1	1	M	0.37	1.84618218997099	neutral	21440663
PD62038d	8	123973456	124865309	0	0	M	0.37	1.84618218997099	loss	891854
PD62038d	8	124865321	135647183	7	1	M	0.37	1.84618218997099	gain	10781863
PD62038d	8	138132523	145054093	1	0	M	0.37	1.84618218997099	loss	6921571
PD62038d	9	154795	463938	1	0	M	0.37	1.84618218997099	loss	309144
PD62038d	9	463961	712156	2	2	M	0.37	1.84618218997099	gain	248196
PD62038d	9	712283	138177317	1	1	M	0.37	1.84618218997099	neutral	137465035
PD62038d	10	49156	133625894	1	1	M	0.37	1.84618218997099	neutral	133576739
PD62038d	11	197291	373905	1	0	M	0.37	1.84618218997099	loss	176615
PD62038d	11	373943	60951460	1	1	M	0.37	1.84618218997099	neutral	60577518
PD62038d	11	60971922	61132295	0	0	M	0.37	1.84618218997099	loss	160374
PD62038d	11	61132343	62516342	1	1	M	0.37	1.84618218997099	neutral	1384000
PD62038d	11	62516389	67645368	1	0	M	0.37	1.84618218997099	loss	5128980
PD62038d	11	67645767	134986843	1	1	M	0.37	1.84618218997099	neutral	67341077
PD62038d	12	66973	52042060	1	1	M	0.37	1.84618218997099	neutral	51975088
PD62038d	12	52043776	52520369	2	2	M	0.37	1.84618218997099	gain	476594
PD62038d	12	52544400	133234349	1	1	M	0.37	1.84618218997099	neutral	80689950
PD62038d	13	19026300	31229371	1	1	M	0.37	1.84618218997099	neutral	12203072
PD62038d	13	31246956	32124184	2	2	M	0.37	1.84618218997099	gain	877229
PD62038d	13	32124208	101579360	1	1	M	0.37	1.84618218997099	neutral	69455153
PD62038d	13	101579453	108659411	1	0	M	0.37	1.84618218997099	loss	7079959
PD62038d	13	108659427	114325924	2	2	M	0.37	1.84618218997099	gain	5666498
PD62038d	14	19097559	21888330	1	0	M	0.37	1.84618218997099	loss	2790772
PD62038d	14	21888371	22070845	0	0	M	0.37	1.84618218997099	loss	182475
PD62038d	14	22070853	22494878	2	1	M	0.37	1.84618218997099	gain	424026
PD62038d	14	22495897	98926614	1	0	M	0.37	1.84618218997099	loss	76430718
PD62038d	14	99174568	99271323	0	0	M	0.37	1.84618218997099	loss	96756
PD62038d	14	99398633	105855988	1	0	M	0.37	1.84618218997099	loss	6457356
PD62038d	14	105856024	105865193	0	0	M	0.37	1.84618218997099	loss	9170
PD62038d	14	105865198	106874913	1	0	M	0.37	1.84618218997099	loss	1009716
PD62038d	15	19964758	81269556	1	0	M	0.37	1.84618218997099	loss	61304799
PD62038d	15	81278664	81297160	0	0	M	0.37	1.84618218997099	loss	18497
PD62038d	15	81299298	101849608	1	0	M	0.37	1.84618218997099	loss	20550311
PD62038d	16	47354	90094880	1	1	M	0.37	1.84618218997099	neutral	90047527
PD62038d	17	156162	4889611	1	1	M	0.37	1.84618218997099	neutral	4733450
PD62038d	17	4889757	22299688	1	0	M	0.37	1.84618218997099	loss	17409932
PD62038d	17	22299735	63601405	1	1	M	0.37	1.84618218997099	neutral	41301671
PD62038d	17	63604489	63942816	1	0	M	0.37	1.84618218997099	loss	338328
PD62038d	17	63942899	83135891	1	1	M	0.37	1.84618218997099	neutral	19192993
PD62038d	18	120645	15006053	1	0	M	0.37	1.84618218997099	loss	14885409
PD62038d	18	20954783	31592074	1	1	M	0.37	1.84618218997099	neutral	10637292
PD62038d	18	31592770	80202756	1	0	M	0.37	1.84618218997099	loss	48609987
PD62038d	19	281376	35140659	1	1	M	0.37	1.84618218997099	neutral	34859284
PD62038d	19	35141023	39863538	1	0	M	0.37	1.84618218997099	loss	4722516
PD62038d	19	39863612	49211475	1	1	M	0.37	1.84618218997099	neutral	9347864
PD62038d	19	49211564	58572521	1	0	M	0.37	1.84618218997099	loss	9360958
PD62038d	20	87623	3218698	1	1	M	0.37	1.84618218997099	neutral	3131076
PD62038d	20	3218727	32434677	2	1	M	0.37	1.84618218997099	gain	29215951
PD62038d	20	32434934	64273492	1	1	M	0.37	1.84618218997099	neutral	31838559
PD62038d	21	9068512	32319217	1	0	M	0.37	1.84618218997099	loss	23250706
PD62038d	21	32319236	46664533	1	1	M	0.37	1.84618218997099	neutral	14345298
PD62038d	22	16572142	22819650	1	1	M	0.37	1.84618218997099	neutral	6247509
PD62038d	22	22819705	22918202	1	0	M	0.37	1.84618218997099	loss	98498
PD62038d	22	22918335	39017699	1	1	M	0.37	1.84618218997099	neutral	16099365
PD62038d	22	39017743	40679539	1	0	M	0.37	1.84618218997099	loss	1661797
PD62038d	22	40679691	50780662	1	1	M	0.37	1.84618218997099	neutral	10100972
PD62038d	X	284193	359889	1	0	M	0.37	1.84618218997099	neutral	75697
PD62038d	X	361331	1303943	1	1	M	0.37	1.84618218997099	gain	942613
PD62038d	X	1303975	155898177	1	0	M	0.37	1.84618218997099	neutral	154594203
PD62038d	X	155898234	156005413	3	0	M	0.37	1.84618218997099	gain	107180
PD62038e	1	69511	248918428	1	1	M	0.63	1.99728343392538	neutral	248848918
PD62038e	2	41404	242004549	1	1	M	0.63	1.99728343392538	neutral	241963146
PD62038e	3	197664	198038561	1	1	M	0.63	1.99728343392538	neutral	197840898
PD62038e	4	85813	190025891	1	1	M	0.63	1.99728343392538	neutral	189940079
PD62038e	5	140238	181260906	1	1	M	0.63	1.99728343392538	neutral	181120669
PD62038e	6	203397	24806384	1	1	M	0.63	1.99728343392538	neutral	24602988
PD62038e	6	24806479	25113626	1	0	M	0.63	1.99728343392538	loss	307148
PD62038e	6	25113703	170584376	1	1	M	0.63	1.99728343392538	neutral	145470674
PD62038e	7	193222	159233344	1	1	M	0.63	1.99728343392538	neutral	159040123
PD62038e	8	232977	145054093	1	1	M	0.63	1.99728343392538	neutral	144821117
PD62038e	9	154795	463783	1	0	M	0.63	1.99728343392538	loss	308989
PD62038e	9	463938	712156	2	1	M	0.63	1.99728343392538	gain	248219
PD62038e	9	712283	129852826	1	1	M	0.63	1.99728343392538	neutral	129140544
PD62038e	9	129856299	129870590	1	0	M	0.63	1.99728343392538	loss	14292
PD62038e	9	129873374	138177317	1	1	M	0.63	1.99728343392538	neutral	8303944
PD62038e	10	49156	69250664	1	1	M	0.63	1.99728343392538	neutral	69201509
PD62038e	10	69257191	76324342	3	1	M	0.63	1.99728343392538	gain	7067152
PD62038e	10	76324343	82232727	6	1	M	0.63	1.99728343392538	gain	5908385
PD62038e	10	82232809	133625894	1	1	M	0.63	1.99728343392538	neutral	51393086
PD62038e	11	197291	373905	1	0	M	0.63	1.99728343392538	loss	176615
PD62038e	11	373943	134986843	1	1	M	0.63	1.99728343392538	neutral	134612901
PD62038e	12	66973	133234349	1	1	M	0.63	1.99728343392538	neutral	133167377
PD62038e	13	19026300	114325924	1	1	M	0.63	1.99728343392538	neutral	95299625
PD62038e	14	19097559	106874913	1	1	M	0.63	1.99728343392538	neutral	87777355
PD62038e	15	19964758	81265823	1	1	M	0.63	1.99728343392538	neutral	61301066
PD62038e	15	81269450	81297160	1	0	M	0.63	1.99728343392538	loss	27711
PD62038e	15	81299298	101849608	1	1	M	0.63	1.99728343392538	neutral	20550311
PD62038e	16	47354	90094880	1	1	M	0.63	1.99728343392538	neutral	90047527
PD62038e	17	156162	83135891	1	1	M	0.63	1.99728343392538	neutral	82979730
PD62038e	18	120645	80202756	1	1	M	0.63	1.99728343392538	neutral	80082112
PD62038e	19	281376	58572521	1	1	M	0.63	1.99728343392538	neutral	58291146
PD62038e	20	87623	64273492	1	1	M	0.63	1.99728343392538	neutral	64185870
PD62038e	21	9068512	46664533	1	1	M	0.63	1.99728343392538	neutral	37596022
PD62038e	22	16572142	50780662	1	1	M	0.63	1.99728343392538	neutral	34208521
PD62038e	X	284193	284212	2	0	M	0.63	1.99728343392538	gain	20
PD62038e	X	284272	155511727	1	0	M	0.63	1.99728343392538	neutral	155227456
PD62038e	X	155514051	155898177	2	0	M	0.63	1.99728343392538	gain	384127
PD62038e	X	155898234	156005413	1	0	M	0.63	1.99728343392538	neutral	107180
PD62039a	1	826681	35479179	1	1	F	0.75	2.996204489418	loss	34652499
PD62039a	1	35506648	160420910	2	1	F	0.75	2.996204489418	neutral	124914263
PD62039a	1	160420920	160801971	1	1	F	0.75	2.996204489418	loss	381052
PD62039a	1	160813555	248918428	2	1	F	0.75	2.996204489418	neutral	88104874
PD62039a	2	41509	242004549	2	1	F	0.75	2.996204489418	neutral	241963041
PD62039a	3	197937	90234494	2	0	F	0.75	2.996204489418	loss	90036558
PD62039a	3	93874275	198038561	2	2	F	0.75	2.996204489418	gain	104164287
PD62039a	4	85813	186597593	1	1	F	0.75	2.996204489418	loss	186511781
PD62039a	4	186597657	186708682	2	1	F	0.75	2.996204489418	neutral	111026
PD62039a	4	186708694	190025891	1	1	F	0.75	2.996204489418	loss	3317198
PD62039a	5	140238	45695935	2	1	F	0.75	2.996204489418	neutral	45555698
PD62039a	5	45696119	149899424	2	0	F	0.75	2.996204489418	loss	104203306
PD62039a	5	149899467	150167303	3	0	F	0.75	2.996204489418	neutral	267837
PD62039a	5	150182719	157095458	2	0	F	0.75	2.996204489418	loss	6912740
PD62039a	5	157098824	157472712	1	0	F	0.75	2.996204489418	loss	373889
PD62039a	5	157472861	181260906	2	0	F	0.75	2.996204489418	loss	23788046
PD62039a	6	203397	30103530	2	1	F	0.75	2.996204489418	neutral	29900134
PD62039a	6	30103553	30172139	3	2	F	0.75	2.996204489418	gain	68587
PD62039a	6	30172194	56463971	2	1	F	0.75	2.996204489418	neutral	26291778
PD62039a	6	56464555	56605469	3	1	F	0.75	2.996204489418	gain	140915
PD62039a	6	56605491	170584376	2	1	F	0.75	2.996204489418	neutral	113978886
PD62039a	7	193222	150572384	2	2	F	0.75	2.996204489418	gain	150379163
PD62039a	7	150572442	150749983	2	1	F	0.75	2.996204489418	neutral	177542
PD62039a	7	150790615	159233344	2	2	F	0.75	2.996204489418	gain	8442730
PD62039a	8	232977	24956289	2	1	F	0.75	2.996204489418	neutral	24723313
PD62039a	8	25184822	25308861	3	2	F	0.75	2.996204489418	gain	124040
PD62039a	8	25310590	115667831	2	1	F	0.75	2.996204489418	neutral	90357242
PD62039a	8	116644942	144312483	3	2	F	0.75	2.996204489418	gain	27667542
PD62039a	8	144312728	144354636	4	3	F	0.75	2.996204489418	gain	41909
PD62039a	8	144354867	145054093	4	2	F	0.75	2.996204489418	gain	699227
PD62039a	9	154795	138177328	2	2	F	0.75	2.996204489418	gain	138022534
PD62039a	10	49134	11493284	1	1	F	0.75	2.996204489418	loss	11444151
PD62039a	10	11501167	54020155	2	1	F	0.75	2.996204489418	neutral	42518989
PD62039a	10	54020318	54369306	3	1	F	0.75	2.996204489418	gain	348989
PD62039a	10	54527809	119804311	2	0	F	0.75	2.996204489418	loss	65276503
PD62039a	10	119805503	127987268	3	2	F	0.75	2.996204489418	gain	8181766
PD62039a	10	128040842	133625894	2	2	F	0.75	2.996204489418	gain	5585053
PD62039a	11	197291	1081750	2	1	F	0.75	2.996204489418	neutral	884460
PD62039a	11	1081761	1099723	3	2	F	0.75	2.996204489418	gain	17963
PD62039a	11	1099733	1197584	3	1	F	0.75	2.996204489418	gain	97852
PD62039a	11	1197868	50287785	2	1	F	0.75	2.996204489418	neutral	49089918
PD62039a	11	54591521	61331600	1	1	F	0.75	2.996204489418	loss	6740080
PD62039a	11	61332864	61637122	2	1	F	0.75	2.996204489418	neutral	304259
PD62039a	11	61637152	69810617	1	1	F	0.75	2.996204489418	loss	8173466
PD62039a	11	69810705	71147105	2	1	F	0.75	2.996204489418	neutral	1336401
PD62039a	11	71147159	126358508	1	1	F	0.75	2.996204489418	loss	55211350
PD62039a	11	126406030	126429194	3	2	F	0.75	2.996204489418	gain	23165
PD62039a	11	126431554	134986843	1	1	F	0.75	2.996204489418	loss	8555290
PD62039a	12	66973	6442733	3	1	F	0.75	2.996204489418	gain	6375761
PD62039a	12	6442882	133234349	2	1	F	0.75	2.996204489418	neutral	126791468
PD62039a	13	19026300	114325924	3	2	F	0.75	2.996204489418	gain	95299625
PD62039a	14	19097607	105855427	2	1	F	0.75	2.996204489418	neutral	86757821
PD62039a	14	105855447	105864674	1	0	F	0.75	2.996204489418	loss	9228
PD62039a	14	105864675	105881512	3	2	F	0.75	2.996204489418	gain	16838
PD62039a	14	105881513	106874913	2	1	F	0.75	2.996204489418	neutral	993401
PD62039a	15	19964758	101849544	2	1	F	0.75	2.996204489418	neutral	81884787
PD62039a	16	47541	87644400	2	2	F	0.75	2.996204489418	gain	87596860
PD62039a	16	87644412	90094900	2	1	F	0.75	2.996204489418	neutral	2450489
PD62039a	17	156162	19740352	3	0	F	0.75	2.996204489418	neutral	19584191
PD62039a	17	19740359	41026883	2	0	F	0.75	2.996204489418	loss	21286525
PD62039a	17	41026898	41366604	1	0	F	0.75	2.996204489418	loss	339707
PD62039a	17	41367856	83135891	2	0	F	0.75	2.996204489418	loss	41768036
PD62039a	18	120645	31413061	1	1	F	0.75	2.996204489418	loss	31292417
PD62039a	18	31413220	31846686	2	1	F	0.75	2.996204489418	neutral	433467
PD62039a	18	31846706	80202756	1	1	F	0.75	2.996204489418	loss	48356051
PD62039a	19	281360	14381454	1	1	F	0.75	2.996204489418	loss	14100095
PD62039a	19	14381460	15629410	2	1	F	0.75	2.996204489418	neutral	1247951
PD62039a	19	15629458	15696521	3	2	F	0.75	2.996204489418	gain	67064
PD62039a	19	15696910	58572521	2	1	F	0.75	2.996204489418	neutral	42875612
PD62039a	20	87623	31559471	3	2	F	0.75	2.996204489418	gain	31471849
PD62039a	20	31559698	64273492	4	2	F	0.75	2.996204489418	gain	32713795
PD62039a	21	9068512	10718441	2	1	F	0.75	2.996204489418	neutral	1649930
PD62039a	21	10718480	46664523	2	0	F	0.75	2.996204489418	loss	35946044
PD62039a	22	16572142	20064620	1	0	F	0.75	2.996204489418	loss	3492479
PD62039a	22	20086407	26630322	5	0	F	0.75	2.996204489418	gain	6543916
PD62039a	22	27049921	48544555	2	0	F	0.75	2.996204489418	loss	21494635
PD62039a	22	48544611	50780662	1	0	F	0.75	2.996204489418	loss	2236052
PD62039a	X	284193	57910069	1	1	F	0.75	2.996204489418	loss	57625877
PD62039a	X	63299430	66616027	4	0	F	0.75	2.996204489418	gain	3316598
PD62039a	X	67545470	156005528	2	0	F	0.75	2.996204489418	loss	88460059
PD62039c	1	826681	36099135	2	1	F	0.39	3.98227057956565	loss	35272455
PD62039c	1	36099217	248918428	2	2	F	0.39	3.98227057956565	neutral	212819212
PD62039c	2	41509	242004549	2	2	F	0.39	3.98227057956565	neutral	241963041
PD62039c	3	197937	89450329	3	1	F	0.39	3.98227057956565	neutral	89252393
PD62039c	3	89450365	198038561	3	2	F	0.39	3.98227057956565	gain	108588197
PD62039c	4	85813	190025891	2	1	F	0.39	3.98227057956565	loss	189940079
PD62039c	5	140238	45695935	3	2	F	0.39	3.98227057956565	gain	45555698
PD62039c	5	45696119	181260906	3	0	F	0.39	3.98227057956565	loss	135564788
PD62039c	6	203397	70791791	3	1	F	0.39	3.98227057956565	neutral	70588395
PD62039c	6	70836999	138307378	2	1	F	0.39	3.98227057956565	loss	67470380
PD62039c	6	138307438	138571677	3	2	F	0.39	3.98227057956565	gain	264240
PD62039c	6	138571850	170584376	2	1	F	0.39	3.98227057956565	loss	32012527
PD62039c	7	193222	159233344	3	2	F	0.39	3.98227057956565	gain	159040123
PD62039c	8	232977	115667831	2	2	F	0.39	3.98227057956565	neutral	115434855
PD62039c	8	116644942	145054093	4	3	F	0.39	3.98227057956565	gain	28409152
PD62039c	9	154795	136763781	3	2	F	0.39	3.98227057956565	gain	136608987
PD62039c	9	136764270	138177328	3	3	F	0.39	3.98227057956565	gain	1413059
PD62039c	10	49134	37216314	2	2	F	0.39	3.98227057956565	neutral	37167181
PD62039c	10	37217757	119872627	3	1	F	0.39	3.98227057956565	neutral	82654871
PD62039c	10	119892754	122620093	3	3	F	0.39	3.98227057956565	gain	2727340
PD62039c	10	122620199	133625894	2	2	F	0.39	3.98227057956565	neutral	11005696
PD62039c	11	197291	42253660	2	2	F	0.39	3.98227057956565	neutral	42056370
PD62039c	11	42253775	46720939	4	1	F	0.39	3.98227057956565	gain	4467165
PD62039c	11	46723375	134986843	2	1	F	0.39	3.98227057956565	loss	88263469
PD62039c	12	66973	133234349	2	2	F	0.39	3.98227057956565	neutral	133167377
PD62039c	13	19026300	114325924	3	3	F	0.39	3.98227057956565	gain	95299625
PD62039c	14	19097607	22105303	2	2	F	0.39	3.98227057956565	neutral	3007697
PD62039c	14	22105305	22492775	4	3	F	0.39	3.98227057956565	gain	387471
PD62039c	14	22492859	22557706	2	1	F	0.39	3.98227057956565	loss	64848
PD62039c	14	22558582	105864251	2	2	F	0.39	3.98227057956565	neutral	83305670
PD62039c	14	105864254	106874913	3	2	F	0.39	3.98227057956565	gain	1010660
PD62039c	15	19964758	101849544	2	2	F	0.39	3.98227057956565	neutral	81884787
PD62039c	16	47541	67326766	3	2	F	0.39	3.98227057956565	gain	67279226
PD62039c	16	67327021	67483152	4	3	F	0.39	3.98227057956565	gain	156132
PD62039c	16	67483276	90094900	2	2	F	0.39	3.98227057956565	neutral	22611625
PD62039c	17	156162	83135891	3	0	F	0.39	3.98227057956565	loss	82979730
PD62039c	18	120645	80202756	2	1	F	0.39	3.98227057956565	loss	80082112
PD62039c	19	281360	14707847	2	1	F	0.39	3.98227057956565	loss	14426488
PD62039c	19	14708294	19543708	3	2	F	0.39	3.98227057956565	gain	4835415
PD62039c	19	19544402	58572521	3	1	F	0.39	3.98227057956565	neutral	39028120
PD62039c	20	87623	64273492	3	3	F	0.39	3.98227057956565	gain	64185870
PD62039c	21	9068512	42850199	3	0	F	0.39	3.98227057956565	loss	33781688
PD62039c	21	42850292	46664523	2	0	F	0.39	3.98227057956565	loss	3814232
PD62039c	22	16572142	20064620	1	0	F	0.39	3.98227057956565	loss	3492479
PD62039c	22	20086407	26625625	6	0	F	0.39	3.98227057956565	gain	6539219
PD62039c	22	26628294	47627492	3	0	F	0.39	3.98227057956565	loss	20999199
PD62039c	22	47627548	50780662	1	0	F	0.39	3.98227057956565	loss	3153115
PD62039c	X	284193	57910069	2	1	F	0.39	3.98227057956565	loss	57625877
PD62039c	X	63299430	156005528	3	0	F	0.39	3.98227057956565	loss	92706099
PD62039d	1	826681	17000374	1	1	F	0.31	1.99501420794604	neutral	16173694
PD62039d	1	17000567	17093504	2	2	F	0.31	1.99501420794604	gain	92938
PD62039d	1	17093626	21568242	1	1	F	0.31	1.99501420794604	neutral	4474617
PD62039d	1	21570274	21619121	2	2	F	0.31	1.99501420794604	gain	48848
PD62039d	1	21619903	248918428	1	1	F	0.31	1.99501420794604	neutral	227298526
PD62039d	2	41509	218393997	1	1	F	0.31	1.99501420794604	neutral	218352489
PD62039d	2	218394046	218424329	3	2	F	0.31	1.99501420794604	gain	30284
PD62039d	2	218425551	238127807	1	1	F	0.31	1.99501420794604	neutral	19702257
PD62039d	2	238128632	242004549	1	0	F	0.31	1.99501420794604	loss	3875918
PD62039d	3	197937	198038561	1	1	F	0.31	1.99501420794604	neutral	197840625
PD62039d	4	85813	8286753	1	0	F	0.31	1.99501420794604	loss	8200941
PD62039d	4	8286794	190025891	1	1	F	0.31	1.99501420794604	neutral	181739098
PD62039d	5	140238	140786397	1	1	F	0.31	1.99501420794604	neutral	140646160
PD62039d	5	140786647	140848406	0	0	F	0.31	1.99501420794604	loss	61760
PD62039d	5	140848414	140848825	3	0	F	0.31	1.99501420794604	gain	412
PD62039d	5	140848841	140927686	0	0	F	0.31	1.99501420794604	loss	78846
PD62039d	5	140927699	181260906	1	1	F	0.31	1.99501420794604	neutral	40333208
PD62039d	6	203397	29828715	1	1	F	0.31	1.99501420794604	neutral	29625319
PD62039d	6	29828860	37286909	2	1	F	0.31	1.99501420794604	gain	7458050
PD62039d	6	37286957	170584376	1	1	F	0.31	1.99501420794604	neutral	133297420
PD62039d	7	193222	159233344	1	1	F	0.31	1.99501420794604	neutral	159040123
PD62039d	8	232977	17589846	1	0	F	0.31	1.99501420794604	loss	17356870
PD62039d	8	17589872	145054093	1	1	F	0.31	1.99501420794604	neutral	127464222
PD62039d	9	154795	138177328	1	1	F	0.31	1.99501420794604	neutral	138022534
PD62039d	10	49134	129467281	1	1	F	0.31	1.99501420794604	neutral	129418148
PD62039d	10	129467378	133625894	1	0	F	0.31	1.99501420794604	loss	4158517
PD62039d	11	197291	134986843	1	1	F	0.31	1.99501420794604	neutral	134789553
PD62039d	12	66973	133234349	1	1	F	0.31	1.99501420794604	neutral	133167377
PD62039d	13	19026300	114325924	2	1	F	0.31	1.99501420794604	gain	95299625
PD62039d	14	19097607	105855427	1	1	F	0.31	1.99501420794604	neutral	86757821
PD62039d	14	105855447	105865320	0	0	F	0.31	1.99501420794604	loss	9874
PD62039d	14	105865324	106874913	1	1	F	0.31	1.99501420794604	neutral	1009590
PD62039d	15	19964758	29094286	1	0	F	0.31	1.99501420794604	loss	9129529
PD62039d	15	29094390	101849544	1	1	F	0.31	1.99501420794604	neutral	72755155
PD62039d	16	47541	725947	1	1	F	0.31	1.99501420794604	neutral	678407
PD62039d	16	725954	1564146	1	0	F	0.31	1.99501420794604	loss	838193
PD62039d	16	1564239	90094900	1	1	F	0.31	1.99501420794604	neutral	88530662
PD62039d	17	156162	40184676	1	1	F	0.31	1.99501420794604	neutral	40028515
PD62039d	17	40188713	40364027	2	2	F	0.31	1.99501420794604	gain	175315
PD62039d	17	40389572	41009123	1	0	F	0.31	1.99501420794604	loss	619552
PD62039d	17	41026604	41477830	0	0	F	0.31	1.99501420794604	loss	451227
PD62039d	17	41477853	49844089	1	1	F	0.31	1.99501420794604	neutral	8366237
PD62039d	17	49846081	51266297	4	0	F	0.31	1.99501420794604	gain	1420217
PD62039d	17	51266388	83135891	1	1	F	0.31	1.99501420794604	neutral	31869504
PD62039d	18	120645	15006053	1	1	F	0.31	1.99501420794604	neutral	14885409
PD62039d	18	20954783	80202756	1	0	F	0.31	1.99501420794604	loss	59247974
PD62039d	19	281360	1109216	1	1	F	0.31	1.99501420794604	neutral	827857
PD62039d	19	1109323	1254318	2	2	F	0.31	1.99501420794604	gain	144996
PD62039d	19	1254343	54042160	1	1	F	0.31	1.99501420794604	neutral	52787818
PD62039d	19	54042277	54874377	2	2	F	0.31	1.99501420794604	gain	832101
PD62039d	19	54875336	58572521	1	1	F	0.31	1.99501420794604	neutral	3697186
PD62039d	20	87623	63359587	1	1	F	0.31	1.99501420794604	neutral	63271965
PD62039d	20	63361072	63493321	0	0	F	0.31	1.99501420794604	loss	132250
PD62039d	20	63493378	64273492	1	1	F	0.31	1.99501420794604	neutral	780115
PD62039d	21	9068512	43630332	1	1	F	0.31	1.99501420794604	neutral	34561821
PD62039d	21	43633332	46664523	1	0	F	0.31	1.99501420794604	loss	3031192
PD62039d	22	16572142	36763952	1	1	F	0.31	1.99501420794604	neutral	20191811
PD62039d	22	36764067	37011068	2	1	F	0.31	1.99501420794604	gain	247002
PD62039d	22	37011129	50780662	1	1	F	0.31	1.99501420794604	neutral	13769534
PD62039d	X	284193	156005528	1	1	F	0.31	1.99501420794604	neutral	155721336
PD62039e	1	826681	248918428	1	1	F	0.39	1.94353661285568	neutral	248091748
PD62039e	2	41509	242004549	1	1	F	0.39	1.94353661285568	neutral	241963041
PD62039e	3	197937	198038561	1	1	F	0.39	1.94353661285568	neutral	197840625
PD62039e	4	85813	190025891	1	1	F	0.39	1.94353661285568	neutral	189940079
PD62039e	5	140238	157098824	1	1	F	0.39	1.94353661285568	neutral	156958587
PD62039e	5	157098868	157162837	0	0	F	0.39	1.94353661285568	loss	63970
PD62039e	5	157162890	181260906	1	0	F	0.39	1.94353661285568	loss	24098017
PD62039e	6	203397	32197715	1	1	F	0.39	1.94353661285568	neutral	31994319
PD62039e	6	32198603	33164453	1	0	F	0.39	1.94353661285568	loss	965851
PD62039e	6	33164829	170584376	1	1	F	0.39	1.94353661285568	neutral	137419548
PD62039e	7	193222	57470007	2	1	F	0.39	1.94353661285568	gain	57276786
PD62039e	7	63449933	159233344	1	1	F	0.39	1.94353661285568	neutral	95783412
PD62039e	8	232977	145054093	1	1	F	0.39	1.94353661285568	neutral	144821117
PD62039e	9	154795	138177328	1	1	F	0.39	1.94353661285568	neutral	138022534
PD62039e	10	49134	133625894	1	1	F	0.39	1.94353661285568	neutral	133576761
PD62039e	11	197291	134986843	1	1	F	0.39	1.94353661285568	neutral	134789553
PD62039e	12	66973	133234349	1	1	F	0.39	1.94353661285568	neutral	133167377
PD62039e	13	19026300	114325924	2	1	F	0.39	1.94353661285568	gain	95299625
PD62039e	14	19097607	105855427	1	1	F	0.39	1.94353661285568	neutral	86757821
PD62039e	14	105855447	105864251	0	0	F	0.39	1.94353661285568	loss	8805
PD62039e	14	105864254	105864693	2	0	F	0.39	1.94353661285568	neutral	440
PD62039e	14	105864723	106874913	2	1	F	0.39	1.94353661285568	gain	1010191
PD62039e	15	19964758	101849544	1	1	F	0.39	1.94353661285568	neutral	81884787
PD62039e	16	47541	90094900	1	1	F	0.39	1.94353661285568	neutral	90047360
PD62039e	17	156162	83135891	1	0	F	0.39	1.94353661285568	loss	82979730
PD62039e	18	120645	15006053	1	1	F	0.39	1.94353661285568	neutral	14885409
PD62039e	18	20954783	80202756	1	0	F	0.39	1.94353661285568	loss	59247974
PD62039e	19	281360	58572521	1	1	F	0.39	1.94353661285568	neutral	58291162
PD62039e	20	87623	64273492	2	1	F	0.39	1.94353661285568	gain	64185870
PD62039e	21	9068512	42518600	1	1	F	0.39	1.94353661285568	neutral	33450089
PD62039e	21	42525875	46664523	1	0	F	0.39	1.94353661285568	loss	4138649
PD62039e	22	16572142	50780662	1	0	F	0.39	1.94353661285568	loss	34208521
PD62039e	X	284193	57910069	1	0	F	0.39	1.94353661285568	loss	57625877
PD62039e	X	63299430	156005413	2	0	F	0.39	1.94353661285568	neutral	92705984
PD62040c	1	69511	103573791	1	1	M	0.3	2.06349843281783	neutral	103504281
PD62040c	1	103575230	121568263	3	1	M	0.3	2.06349843281783	gain	17993034
PD62040c	1	143544307	169560616	1	1	M	0.3	2.06349843281783	neutral	26016310
PD62040c	1	169560735	169798892	1	0	M	0.3	2.06349843281783	loss	238158
PD62040c	1	169798939	248918428	2	1	M	0.3	2.06349843281783	gain	79119490
PD62040c	2	41509	242004549	1	1	M	0.3	2.06349843281783	neutral	241963041
PD62040c	3	197630	198038561	1	1	M	0.3	2.06349843281783	neutral	197840932
PD62040c	4	85813	190025891	1	1	M	0.3	2.06349843281783	neutral	189940079
PD62040c	5	140359	157288643	1	1	M	0.3	2.06349843281783	neutral	157148285
PD62040c	5	157288689	157326276	0	0	M	0.3	2.06349843281783	loss	37588
PD62040c	5	157330679	181198672	1	1	M	0.3	2.06349843281783	neutral	23867994
PD62040c	5	181199030	181260906	0	0	M	0.3	2.06349843281783	loss	61877
PD62040c	6	203397	25983549	2	1	M	0.3	2.06349843281783	gain	25780153
PD62040c	6	26017148	26285531	0	0	M	0.3	2.06349843281783	loss	268384
PD62040c	6	26285639	27472225	1	0	M	0.3	2.06349843281783	loss	1186587
PD62040c	6	27472365	27893904	0	0	M	0.3	2.06349843281783	loss	421540
PD62040c	6	27911277	32407041	1	1	M	0.3	2.06349843281783	neutral	4495765
PD62040c	6	32407088	33117276	2	0	M	0.3	2.06349843281783	neutral	710189
PD62040c	6	33118333	78714815	2	1	M	0.3	2.06349843281783	gain	45596483
PD62040c	6	78867506	170584376	1	1	M	0.3	2.06349843281783	neutral	91716871
PD62040c	7	193222	57470007	1	1	M	0.3	2.06349843281783	neutral	57276786
PD62040c	7	63449933	100952010	2	1	M	0.3	2.06349843281783	gain	37502078
PD62040c	7	100952551	101049277	3	2	M	0.3	2.06349843281783	gain	96727
PD62040c	7	101049399	142762884	2	1	M	0.3	2.06349843281783	gain	41713486
PD62040c	7	142796491	142802699	0	0	M	0.3	2.06349843281783	loss	6209
PD62040c	7	142802725	159233344	1	1	M	0.3	2.06349843281783	neutral	16430620
PD62040c	8	232977	43173720	1	0	M	0.3	2.06349843281783	loss	42940744
PD62040c	8	43178286	145054093	2	1	M	0.3	2.06349843281783	gain	101875808
PD62040c	9	154795	138177328	1	1	M	0.3	2.06349843281783	neutral	138022534
PD62040c	10	49134	133625894	1	1	M	0.3	2.06349843281783	neutral	133576761
PD62040c	11	197291	62575038	1	1	M	0.3	2.06349843281783	neutral	62377748
PD62040c	11	62575159	62621202	0	0	M	0.3	2.06349843281783	loss	46044
PD62040c	11	62621283	62882897	1	0	M	0.3	2.06349843281783	loss	261615
PD62040c	11	62883981	65032257	1	1	M	0.3	2.06349843281783	neutral	2148277
PD62040c	11	65032317	68041439	1	0	M	0.3	2.06349843281783	loss	3009123
PD62040c	11	68041789	108315883	1	1	M	0.3	2.06349843281783	neutral	40274095
PD62040c	11	108315904	108383030	1	0	M	0.3	2.06349843281783	loss	67127
PD62040c	11	108383045	134986843	1	1	M	0.3	2.06349843281783	neutral	26603799
PD62040c	12	66973	133234349	1	1	M	0.3	2.06349843281783	neutral	133167377
PD62040c	13	19026300	114325924	2	1	M	0.3	2.06349843281783	gain	95299625
PD62040c	14	19097559	22096266	1	1	M	0.3	2.06349843281783	neutral	2998708
PD62040c	14	22096544	22499871	3	3	M	0.3	2.06349843281783	gain	403328
PD62040c	14	22501477	104842915	1	1	M	0.3	2.06349843281783	neutral	82341439
PD62040c	14	104842919	105864395	2	1	M	0.3	2.06349843281783	gain	1021477
PD62040c	14	105864504	105881513	3	3	M	0.3	2.06349843281783	gain	17010
PD62040c	14	105881530	106874913	2	1	M	0.3	2.06349843281783	gain	993384
PD62040c	15	19964758	88536235	1	1	M	0.3	2.06349843281783	neutral	68571478
PD62040c	15	88611769	88650353	0	0	M	0.3	2.06349843281783	loss	38585
PD62040c	15	88652014	101849608	1	1	M	0.3	2.06349843281783	neutral	13197595
PD62040c	16	47541	89100978	1	1	M	0.3	2.06349843281783	neutral	89053438
PD62040c	16	89100987	90094793	1	0	M	0.3	2.06349843281783	loss	993807
PD62040c	17	156162	8112234	1	0	M	0.3	2.06349843281783	loss	7956073
PD62040c	17	8114424	8187387	0	0	M	0.3	2.06349843281783	loss	72964
PD62040c	17	8188963	9608169	1	0	M	0.3	2.06349843281783	loss	1419207
PD62040c	17	9612460	83135891	1	1	M	0.3	2.06349843281783	neutral	73523432
PD62040c	18	120645	15006053	1	1	M	0.3	2.06349843281783	neutral	14885409
PD62040c	18	20954783	80202756	1	0	M	0.3	2.06349843281783	loss	59247974
PD62040c	19	281376	58572521	1	1	M	0.3	2.06349843281783	neutral	58291146
PD62040c	20	87623	64273629	1	1	M	0.3	2.06349843281783	neutral	64186007
PD62040c	21	9068512	46664392	1	1	M	0.3	2.06349843281783	neutral	37595881
PD62040c	22	16572142	50780662	1	1	M	0.3	2.06349843281783	neutral	34208521
PD62040c	X	284193	2738275	1	0	M	0.3	2.06349843281783	neutral	2454083
PD62040c	X	2740742	2774703	2	0	M	0.3	2.06349843281783	gain	33962
PD62040c	X	2781927	155545046	1	0	M	0.3	2.06349843281783	neutral	152763120
PD62040c	X	155773979	156005413	3	0	M	0.3	2.06349843281783	gain	231435
PD62041a	1	826681	2185433	2	1	M	0.6	2.86405952927293	neutral	1358753
PD62041a	1	2185952	2303882	1	0	M	0.6	2.86405952927293	loss	117931
PD62041a	1	2303936	9721683	2	1	M	0.6	2.86405952927293	neutral	7417748
PD62041a	1	9721688	9727080	1	1	M	0.6	2.86405952927293	loss	5393
PD62041a	1	9730559	160425147	2	1	M	0.6	2.86405952927293	neutral	150694589
PD62041a	1	160425183	160824172	1	1	M	0.6	2.86405952927293	loss	398990
PD62041a	1	160824263	248918428	2	1	M	0.6	2.86405952927293	neutral	88094166
PD62041a	2	41509	88860454	2	1	M	0.6	2.86405952927293	neutral	88818946
PD62041a	2	88860457	88886006	1	0	M	0.6	2.86405952927293	loss	25550
PD62041a	2	88886015	174811457	2	1	M	0.6	2.86405952927293	neutral	85925443
PD62041a	2	174811471	176131297	1	1	M	0.6	2.86405952927293	loss	1319827
PD62041a	2	176151697	219077304	2	1	M	0.6	2.86405952927293	neutral	42925608
PD62041a	2	219077371	219147735	3	2	M	0.6	2.86405952927293	gain	70365
PD62041a	2	219157604	231161561	2	1	M	0.6	2.86405952927293	neutral	12003958
PD62041a	2	231163682	231462381	2	2	M	0.6	2.86405952927293	gain	298700
PD62041a	2	231462442	241112362	2	1	M	0.6	2.86405952927293	neutral	9649921
PD62041a	2	241114988	241133084	1	1	M	0.6	2.86405952927293	loss	18097
PD62041a	2	241135947	242004549	2	1	M	0.6	2.86405952927293	neutral	868603
PD62041a	3	197630	48609111	2	1	M	0.6	2.86405952927293	neutral	48411482
PD62041a	3	48609118	48633095	3	2	M	0.6	2.86405952927293	gain	23978
PD62041a	3	48633394	190876545	2	1	M	0.6	2.86405952927293	neutral	142243152
PD62041a	3	190876665	191389569	1	0	M	0.6	2.86405952927293	loss	512905
PD62041a	3	191389656	198038561	2	1	M	0.6	2.86405952927293	neutral	6648906
PD62041a	4	85813	190025891	2	1	M	0.6	2.86405952927293	neutral	189940079
PD62041a	5	140238	45696119	2	1	M	0.6	2.86405952927293	neutral	45555882
PD62041a	5	45696148	69419970	2	0	M	0.6	2.86405952927293	loss	23723823
PD62041a	5	69424694	72855980	2	1	M	0.6	2.86405952927293	neutral	3431287
PD62041a	5	72856031	140842572	2	0	M	0.6	2.86405952927293	loss	67986542
PD62041a	5	140842912	140858470	0	0	M	0.6	2.86405952927293	loss	15559
PD62041a	5	140862894	181260906	2	0	M	0.6	2.86405952927293	loss	40398013
PD62041a	6	203397	25969407	1	1	M	0.6	2.86405952927293	loss	25766011
PD62041a	6	25971821	26411103	1	0	M	0.6	2.86405952927293	loss	439283
PD62041a	6	26411166	27814241	1	1	M	0.6	2.86405952927293	loss	1403076
PD62041a	6	27814253	27893904	1	0	M	0.6	2.86405952927293	loss	79652
PD62041a	6	27911277	29942594	1	1	M	0.6	2.86405952927293	loss	2031318
PD62041a	6	29942601	29943253	0	0	M	0.6	2.86405952927293	loss	653
PD62041a	6	29943260	31202831	1	1	M	0.6	2.86405952927293	loss	1259572
PD62041a	6	31268990	31403744	1	0	M	0.6	2.86405952927293	loss	134755
PD62041a	6	31410610	33270071	1	1	M	0.6	2.86405952927293	loss	1859462
PD62041a	6	33270281	33406785	1	0	M	0.6	2.86405952927293	loss	136505
PD62041a	6	33409566	167976580	1	1	M	0.6	2.86405952927293	loss	134567015
PD62041a	6	167976588	168294084	2	1	M	0.6	2.86405952927293	neutral	317497
PD62041a	6	168294108	170584545	1	1	M	0.6	2.86405952927293	loss	2290438
PD62041a	7	193222	101035637	2	1	M	0.6	2.86405952927293	neutral	100842416
PD62041a	7	101035743	101051672	4	2	M	0.6	2.86405952927293	gain	15930
PD62041a	7	101051698	159233344	2	1	M	0.6	2.86405952927293	neutral	58181647
PD62041a	8	232977	30095818	2	0	M	0.6	2.86405952927293	loss	29862842
PD62041a	8	30095851	30163993	1	0	M	0.6	2.86405952927293	loss	68143
PD62041a	8	30175234	35792997	2	0	M	0.6	2.86405952927293	loss	5617764
PD62041a	8	35793097	40767796	3	2	M	0.6	2.86405952927293	gain	4974700
PD62041a	8	40786704	43356941	16	2	M	0.6	2.86405952927293	gain	2570238
PD62041a	8	46841160	143694571	2	2	M	0.6	2.86405952927293	gain	96853412
PD62041a	8	143706659	143718918	3	2	M	0.6	2.86405952927293	gain	12260
PD62041a	8	143718923	144012715	2	1	M	0.6	2.86405952927293	neutral	293793
PD62041a	8	144039935	145054093	2	2	M	0.6	2.86405952927293	gain	1014159
PD62041a	9	154795	138175500	2	1	M	0.6	2.86405952927293	neutral	138020706
PD62041a	10	49156	71704894	2	2	M	0.6	2.86405952927293	gain	71655739
PD62041a	10	71704922	71773482	1	1	M	0.6	2.86405952927293	loss	68561
PD62041a	10	71777631	133625894	2	2	M	0.6	2.86405952927293	gain	61848264
PD62041a	11	197291	842543	1	1	M	0.6	2.86405952927293	loss	645253
PD62041a	11	842627	1451516	2	1	M	0.6	2.86405952927293	neutral	608890
PD62041a	11	1454398	6632559	1	1	M	0.6	2.86405952927293	loss	5178162
PD62041a	11	6632964	6719548	1	0	M	0.6	2.86405952927293	loss	86585
PD62041a	11	6719571	62574549	1	1	M	0.6	2.86405952927293	loss	55854979
PD62041a	11	62574609	62678143	1	0	M	0.6	2.86405952927293	loss	103535
PD62041a	11	62678265	64152279	1	1	M	0.6	2.86405952927293	loss	1474015
PD62041a	11	64165848	64237085	1	0	M	0.6	2.86405952927293	loss	71238
PD62041a	11	64237102	65344476	1	1	M	0.6	2.86405952927293	loss	1107375
PD62041a	11	65344504	65557568	1	0	M	0.6	2.86405952927293	loss	213065
PD62041a	11	65569780	108142366	1	1	M	0.6	2.86405952927293	loss	42572587
PD62041a	11	108142513	108297425	1	0	M	0.6	2.86405952927293	loss	154913
PD62041a	11	108304660	134986843	1	1	M	0.6	2.86405952927293	loss	26682184
PD62041a	12	66973	6450749	2	1	M	0.6	2.86405952927293	neutral	6383777
PD62041a	12	6450889	6495019	1	0	M	0.6	2.86405952927293	loss	44131
PD62041a	12	6495103	6936728	2	1	M	0.6	2.86405952927293	neutral	441626
PD62041a	12	6936731	6960696	1	0	M	0.6	2.86405952927293	loss	23966
PD62041a	12	6960710	14696212	2	1	M	0.6	2.86405952927293	neutral	7735503
PD62041a	12	14770995	14840920	1	1	M	0.6	2.86405952927293	loss	69926
PD62041a	12	14840948	52434178	2	1	M	0.6	2.86405952927293	neutral	37593231
PD62041a	12	52434235	52544713	3	2	M	0.6	2.86405952927293	gain	110479
PD62041a	12	52544728	113149981	2	1	M	0.6	2.86405952927293	neutral	60605254
PD62041a	12	113151892	133234349	1	1	M	0.6	2.86405952927293	loss	20082458
PD62041a	13	19026300	114325924	2	1	M	0.6	2.86405952927293	neutral	95299625
PD62041a	14	19733402	22478825	2	1	M	0.6	2.86405952927293	neutral	2745424
PD62041a	14	22478829	22575181	1	0	M	0.6	2.86405952927293	loss	96353
PD62041a	14	22588885	105865131	2	1	M	0.6	2.86405952927293	neutral	83276247
PD62041a	14	105865141	105881513	3	2	M	0.6	2.86405952927293	gain	16373
PD62041a	14	105881530	106578807	3	1	M	0.6	2.86405952927293	gain	697278
PD62041a	14	106578808	106874913	4	0	M	0.6	2.86405952927293	gain	296106
PD62041a	15	19964758	20671295	1	1	M	0.6	2.86405952927293	loss	706538
PD62041a	15	22225178	41342481	2	0	M	0.6	2.86405952927293	loss	19117304
PD62041a	15	41342491	44767192	2	2	M	0.6	2.86405952927293	gain	3424702
PD62041a	15	44767464	45108017	3	2	M	0.6	2.86405952927293	gain	340554
PD62041a	15	45108160	81297160	2	2	M	0.6	2.86405952927293	gain	36189001
PD62041a	15	81299298	81337787	1	1	M	0.6	2.86405952927293	loss	38490
PD62041a	15	81337966	101849544	2	2	M	0.6	2.86405952927293	gain	20511579
PD62041a	16	47541	1436394	2	2	M	0.6	2.86405952927293	gain	1388854
PD62041a	16	1436397	1457148	2	1	M	0.6	2.86405952927293	neutral	20752
PD62041a	16	1457208	1488559	1	1	M	0.6	2.86405952927293	loss	31352
PD62041a	16	1488678	1528513	2	1	M	0.6	2.86405952927293	neutral	39836
PD62041a	16	1528543	29599349	2	2	M	0.6	2.86405952927293	gain	28070807
PD62041a	16	29599360	35448034	2	1	M	0.6	2.86405952927293	neutral	5848675
PD62041a	16	46474402	90094880	2	2	M	0.6	2.86405952927293	gain	43620479
PD62041a	17	156162	8147358	2	0	M	0.6	2.86405952927293	loss	7991197
PD62041a	17	8147419	8231437	1	0	M	0.6	2.86405952927293	loss	84019
PD62041a	17	8231646	83135759	2	0	M	0.6	2.86405952927293	loss	74904114
PD62041a	18	120645	80202756	2	0	M	0.6	2.86405952927293	loss	80082112
PD62041a	19	281383	1218495	1	1	M	0.6	2.86405952927293	loss	937113
PD62041a	19	1218524	2251836	2	1	M	0.6	2.86405952927293	neutral	1033313
PD62041a	19	2252315	2328858	1	0	M	0.6	2.86405952927293	loss	76544
PD62041a	19	2334498	7560938	2	1	M	0.6	2.86405952927293	neutral	5226441
PD62041a	19	7560978	7622560	3	2	M	0.6	2.86405952927293	gain	61583
PD62041a	19	7622740	15374745	2	1	M	0.6	2.86405952927293	neutral	7752006
PD62041a	19	15374751	15475900	1	1	M	0.6	2.86405952927293	loss	101150
PD62041a	19	15475969	39307831	2	1	M	0.6	2.86405952927293	neutral	23831863
PD62041a	19	39308113	39418017	1	1	M	0.6	2.86405952927293	loss	109905
PD62041a	19	39418924	41026010	2	1	M	0.6	2.86405952927293	neutral	1607087
PD62041a	19	41026034	41116630	3	1	M	0.6	2.86405952927293	gain	90597
PD62041a	19	41120339	49397469	2	1	M	0.6	2.86405952927293	neutral	8277131
PD62041a	19	49397494	49621693	1	1	M	0.6	2.86405952927293	loss	224200
PD62041a	19	49621694	55649410	2	1	M	0.6	2.86405952927293	neutral	6027717
PD62041a	19	55649431	55659366	0	0	M	0.6	2.86405952927293	loss	9936
PD62041a	19	55659385	58572521	2	1	M	0.6	2.86405952927293	neutral	2913137
PD62041a	20	87623	64273492	2	1	M	0.6	2.86405952927293	neutral	64185870
PD62041a	21	9068512	46664392	2	2	M	0.6	2.86405952927293	gain	37595881
PD62041a	22	16572142	50780662	2	0	M	0.6	2.86405952927293	loss	34208521
PD62041a	X	284193	338771	1	1	M	0.6	2.86405952927293	gain	54579
PD62041a	X	338808	2774703	2	1	M	0.6	2.86405952927293	gain	2435896
PD62041a	X	2781927	153883922	2	0	M	0.6	2.86405952927293	gain	151101996
PD62041a	X	153884200	154552009	1	0	M	0.6	2.86405952927293	loss	667810
PD62041a	X	154652360	155524613	2	0	M	0.6	2.86405952927293	gain	872254
PD62041a	X	155773979	155898234	7	0	M	0.6	2.86405952927293	gain	124256
PD62041a	X	155900534	156004433	6	0	M	0.6	2.86405952927293	gain	103900
PD62041c	1	826681	9721683	1	1	M	0.32	1.89796397807361	neutral	8895003
PD62041c	1	9721688	9744661	1	0	M	0.32	1.89796397807361	loss	22974
PD62041c	1	9744672	248918428	1	1	M	0.32	1.89796397807361	neutral	239173757
PD62041c	2	41509	88860478	1	1	M	0.32	1.89796397807361	neutral	88818970
PD62041c	2	88860482	88886015	0	0	M	0.32	1.89796397807361	loss	25534
PD62041c	2	88886021	241112362	1	1	M	0.32	1.89796397807361	neutral	152226342
PD62041c	2	241114988	241149695	0	0	M	0.32	1.89796397807361	loss	34708
PD62041c	2	241149762	242004549	1	1	M	0.32	1.89796397807361	neutral	854788
PD62041c	3	197630	198038561	1	1	M	0.32	1.89796397807361	neutral	197840932
PD62041c	4	85813	18021713	1	0	M	0.32	1.89796397807361	loss	17935901
PD62041c	4	20253804	190025891	1	1	M	0.32	1.89796397807361	neutral	169772088
PD62041c	5	140238	181260906	1	1	M	0.32	1.89796397807361	neutral	181120669
PD62041c	6	203397	25969407	1	1	M	0.32	1.89796397807361	neutral	25766011
PD62041c	6	25971821	26411759	0	0	M	0.32	1.89796397807361	loss	439939
PD62041c	6	26412477	30103586	1	0	M	0.32	1.89796397807361	loss	3691110
PD62041c	6	30103770	30172565	2	2	M	0.32	1.89796397807361	gain	68796
PD62041c	6	30172588	33270071	1	1	M	0.32	1.89796397807361	neutral	3097484
PD62041c	6	33270281	33406785	1	0	M	0.32	1.89796397807361	loss	136505
PD62041c	6	33409566	170584545	1	1	M	0.32	1.89796397807361	neutral	137174980
PD62041c	7	193222	101035637	1	1	M	0.32	1.89796397807361	neutral	100842416
PD62041c	7	101035743	101051672	2	2	M	0.32	1.89796397807361	gain	15930
PD62041c	7	101051698	150369132	1	1	M	0.32	1.89796397807361	neutral	49317435
PD62041c	7	150369811	150466749	0	0	M	0.32	1.89796397807361	loss	96939
PD62041c	7	150466764	159233344	1	1	M	0.32	1.89796397807361	neutral	8766581
PD62041c	8	232977	43196284	1	0	M	0.32	1.89796397807361	loss	42963308
PD62041c	8	43196414	143318084	2	1	M	0.32	1.89796397807361	gain	100121671
PD62041c	8	143318152	143694571	1	1	M	0.32	1.89796397807361	neutral	376420
PD62041c	8	143706659	143718918	3	2	M	0.32	1.89796397807361	gain	12260
PD62041c	8	143718923	143986455	1	1	M	0.32	1.89796397807361	neutral	267533
PD62041c	8	143991389	144012715	1	0	M	0.32	1.89796397807361	loss	21327
PD62041c	8	144039935	145054093	2	1	M	0.32	1.89796397807361	gain	1014159
PD62041c	9	154795	138175500	1	1	M	0.32	1.89796397807361	neutral	138020706
PD62041c	10	49156	71755346	1	1	M	0.32	1.89796397807361	neutral	71706191
PD62041c	10	71755464	71777726	0	0	M	0.32	1.89796397807361	loss	22263
PD62041c	10	71777857	133625894	1	1	M	0.32	1.89796397807361	neutral	61848038
PD62041c	11	197291	840617	1	1	M	0.32	1.89796397807361	neutral	643327
PD62041c	11	840639	1749090	2	2	M	0.32	1.89796397807361	gain	908452
PD62041c	11	1750552	4133729	1	1	M	0.32	1.89796397807361	neutral	2383178
PD62041c	11	4138227	5430806	2	2	M	0.32	1.89796397807361	gain	1292580
PD62041c	11	5430955	6632559	2	1	M	0.32	1.89796397807361	gain	1201605
PD62041c	11	6632964	6720097	1	1	M	0.32	1.89796397807361	neutral	87134
PD62041c	11	6767901	55572581	2	1	M	0.32	1.89796397807361	gain	48804681
PD62041c	11	55572628	56989220	1	1	M	0.32	1.89796397807361	neutral	1416593
PD62041c	11	56989325	56989708	3	2	M	0.32	1.89796397807361	gain	384
PD62041c	11	57018138	134986843	1	0	M	0.32	1.89796397807361	loss	77968706
PD62041c	12	66973	6845648	1	1	M	0.32	1.89796397807361	neutral	6778676
PD62041c	12	6845700	6936755	1	0	M	0.32	1.89796397807361	loss	91056
PD62041c	12	6936773	6960696	0	0	M	0.32	1.89796397807361	loss	23924
PD62041c	12	6960710	14696212	1	1	M	0.32	1.89796397807361	neutral	7735503
PD62041c	12	14770995	14840920	1	0	M	0.32	1.89796397807361	loss	69926
PD62041c	12	14840948	133234349	1	1	M	0.32	1.89796397807361	neutral	118393402
PD62041c	13	19026300	114325924	1	1	M	0.32	1.89796397807361	neutral	95299625
PD62041c	14	19733402	22503858	1	1	M	0.32	1.89796397807361	neutral	2770457
PD62041c	14	22504978	22575181	0	0	M	0.32	1.89796397807361	loss	70204
PD62041c	14	22588885	105851817	1	1	M	0.32	1.89796397807361	neutral	83262933
PD62041c	14	105851916	105864655	0	0	M	0.32	1.89796397807361	loss	12740
PD62041c	14	105864660	106874913	1	1	M	0.32	1.89796397807361	neutral	1010254
PD62041c	15	19964758	25182363	2	1	M	0.32	1.89796397807361	gain	5217606
PD62041c	15	25184290	25278501	2	2	M	0.32	1.89796397807361	gain	94212
PD62041c	15	25339138	44767192	1	1	M	0.32	1.89796397807361	neutral	19428055
PD62041c	15	44767464	45108017	2	2	M	0.32	1.89796397807361	gain	340554
PD62041c	15	45108160	81297160	1	1	M	0.32	1.89796397807361	neutral	36189001
PD62041c	15	81299298	81339352	0	0	M	0.32	1.89796397807361	loss	40055
PD62041c	15	81339522	101849544	1	1	M	0.32	1.89796397807361	neutral	20510023
PD62041c	16	47541	651579	1	1	M	0.32	1.89796397807361	neutral	604039
PD62041c	16	651656	722600	1	0	M	0.32	1.89796397807361	loss	70945
PD62041c	16	722842	1436394	1	1	M	0.32	1.89796397807361	neutral	713553
PD62041c	16	1436397	1457148	1	0	M	0.32	1.89796397807361	loss	20752
PD62041c	16	1457208	90094880	1	1	M	0.32	1.89796397807361	neutral	88637673
PD62041c	17	156162	8147358	2	0	M	0.32	1.89796397807361	neutral	7991197
PD62041c	17	8147419	8162199	0	0	M	0.32	1.89796397807361	loss	14781
PD62041c	17	8162811	76084476	2	0	M	0.32	1.89796397807361	neutral	67921666
PD62041c	17	76084609	83135759	1	0	M	0.32	1.89796397807361	loss	7051151
PD62041c	18	120645	80202756	1	0	M	0.32	1.89796397807361	loss	80082112
PD62041c	19	281383	2098097	1	0	M	0.32	1.89796397807361	loss	1816715
PD62041c	19	2098208	35759941	1	1	M	0.32	1.89796397807361	neutral	33661734
PD62041c	19	35761981	35812518	2	1	M	0.32	1.89796397807361	gain	50538
PD62041c	19	35812584	35830876	2	2	M	0.32	1.89796397807361	gain	18293
PD62041c	19	35830918	35879450	2	1	M	0.32	1.89796397807361	gain	48533
PD62041c	19	35888668	41026010	1	1	M	0.32	1.89796397807361	neutral	5137343
PD62041c	19	41026034	41116362	2	1	M	0.32	1.89796397807361	gain	90329
PD62041c	19	41116590	49397469	1	1	M	0.32	1.89796397807361	neutral	8280880
PD62041c	19	49397494	49933114	1	0	M	0.32	1.89796397807361	loss	535621
PD62041c	19	49950060	50163132	2	1	M	0.32	1.89796397807361	gain	213073
PD62041c	19	50210294	55649410	1	1	M	0.32	1.89796397807361	neutral	5439117
PD62041c	19	55649431	55678633	0	0	M	0.32	1.89796397807361	loss	29203
PD62041c	19	55678917	58572521	1	1	M	0.32	1.89796397807361	neutral	2893605
PD62041c	20	87623	64273492	1	1	M	0.32	1.89796397807361	neutral	64185870
PD62041c	21	9068512	46664392	1	1	M	0.32	1.89796397807361	neutral	37595881
PD62041c	22	16572142	50780662	1	0	M	0.32	1.89796397807361	loss	34208521
PD62041c	X	284193	2740657	1	0	M	0.32	1.89796397807361	neutral	2456465
PD62041c	X	2740742	3101226	2	0	M	0.32	1.89796397807361	gain	360485
PD62041c	X	3101263	153888537	1	0	M	0.32	1.89796397807361	neutral	150787275
PD62041c	X	153905157	155524613	0	0	M	0.32	1.89796397807361	loss	1619457
PD62041c	X	155773979	155898234	5	0	M	0.32	1.89796397807361	gain	124256
PD62041c	X	155900534	156004433	4	0	M	0.32	1.89796397807361	gain	103900
PD62041d	1	826681	2056605	1	1	M	0.65	1.74033712612363	neutral	1229925
PD62041d	1	2059467	2303882	1	0	M	0.65	1.74033712612363	loss	244416
PD62041d	1	2303936	6349678	1	1	M	0.65	1.74033712612363	neutral	4045743
PD62041d	1	6349836	6532585	2	1	M	0.65	1.74033712612363	gain	182750
PD62041d	1	6532651	160425147	1	1	M	0.65	1.74033712612363	neutral	153892497
PD62041d	1	160425183	160824172	1	0	M	0.65	1.74033712612363	loss	398990
PD62041d	1	160824263	204112605	1	1	M	0.65	1.74033712612363	neutral	43288343
PD62041d	1	204112726	204409434	2	1	M	0.65	1.74033712612363	gain	296709
PD62041d	1	204409526	206840950	1	1	M	0.65	1.74033712612363	neutral	2431425
PD62041d	1	206840965	206933133	1	0	M	0.65	1.74033712612363	loss	92169
PD62041d	1	206934421	207027755	3	0	M	0.65	1.74033712612363	gain	93335
PD62041d	1	207049030	248918428	1	1	M	0.65	1.74033712612363	neutral	41869399
PD62041d	2	41509	88860459	1	1	M	0.65	1.74033712612363	neutral	88818951
PD62041d	2	88860473	88861639	1	0	M	0.65	1.74033712612363	loss	1167
PD62041d	2	88861668	219077304	1	1	M	0.65	1.74033712612363	neutral	130215637
PD62041d	2	219077371	219095357	2	1	M	0.65	1.74033712612363	gain	17987
PD62041d	2	219146625	233035139	1	1	M	0.65	1.74033712612363	neutral	13888515
PD62041d	2	233060416	233125702	1	0	M	0.65	1.74033712612363	loss	65287
PD62041d	2	233125865	241112362	1	1	M	0.65	1.74033712612363	neutral	7986498
PD62041d	2	241114988	241190109	1	0	M	0.65	1.74033712612363	loss	75122
PD62041d	2	241190138	242004549	1	1	M	0.65	1.74033712612363	neutral	814412
PD62041d	3	197630	48609111	1	1	M	0.65	1.74033712612363	neutral	48411482
PD62041d	3	48609118	48717007	2	1	M	0.65	1.74033712612363	gain	107890
PD62041d	3	48717050	198038561	1	1	M	0.65	1.74033712612363	neutral	149321512
PD62041d	4	85813	1170344	2	1	M	0.65	1.74033712612363	gain	1084532
PD62041d	4	1170451	1322307	3	1	M	0.65	1.74033712612363	gain	151857
PD62041d	4	1322410	1712277	1	0	M	0.65	1.74033712612363	loss	389868
PD62041d	4	1712312	1842997	1	1	M	0.65	1.74033712612363	neutral	130686
PD62041d	4	1843096	2208119	5	2	M	0.65	1.74033712612363	gain	365024
PD62041d	4	2208338	47032058	1	1	M	0.65	1.74033712612363	neutral	44823721
PD62041d	4	47032087	190025891	1	0	M	0.65	1.74033712612363	loss	142993805
PD62041d	5	140238	57261301	2	1	M	0.65	1.74033712612363	gain	57121064
PD62041d	5	57481850	64807887	1	0	M	0.65	1.74033712612363	loss	7326038
PD62041d	5	64844981	65777347	2	1	M	0.65	1.74033712612363	gain	932367
PD62041d	5	65777397	140842572	1	0	M	0.65	1.74033712612363	loss	75065176
PD62041d	5	140842912	140858470	0	0	M	0.65	1.74033712612363	loss	15559
PD62041d	5	140862894	181260906	1	0	M	0.65	1.74033712612363	loss	40398013
PD62041d	6	203397	29890630	1	1	M	0.65	1.74033712612363	neutral	29687234
PD62041d	6	29942547	29943234	1	0	M	0.65	1.74033712612363	loss	688
PD62041d	6	29943242	31202831	1	1	M	0.65	1.74033712612363	neutral	1259590
PD62041d	6	31268990	31403744	1	0	M	0.65	1.74033712612363	loss	134755
PD62041d	6	31410610	31415259	2	1	M	0.65	1.74033712612363	gain	4650
PD62041d	6	31415294	167976580	1	1	M	0.65	1.74033712612363	neutral	136561287
PD62041d	6	167976588	168294084	2	1	M	0.65	1.74033712612363	gain	317497
PD62041d	6	168294108	170584545	1	1	M	0.65	1.74033712612363	neutral	2290438
PD62041d	7	193222	519126	2	1	M	0.65	1.74033712612363	gain	325905
PD62041d	7	520040	100186182	1	1	M	0.65	1.74033712612363	neutral	99666143
PD62041d	7	100186218	100416047	1	0	M	0.65	1.74033712612363	loss	229830
PD62041d	7	100416449	101035637	1	1	M	0.65	1.74033712612363	neutral	619189
PD62041d	7	101035743	101043851	2	2	M	0.65	1.74033712612363	gain	8109
PD62041d	7	101048868	117014978	1	1	M	0.65	1.74033712612363	neutral	15966111
PD62041d	7	117020481	117780396	2	1	M	0.65	1.74033712612363	gain	759916
PD62041d	7	117780631	159233344	1	1	M	0.65	1.74033712612363	neutral	41452714
PD62041d	8	232977	17049808	1	0	M	0.65	1.74033712612363	loss	16816832
PD62041d	8	17064051	36922421	1	1	M	0.65	1.74033712612363	neutral	19858371
PD62041d	8	36922620	37844927	2	1	M	0.65	1.74033712612363	gain	922308
PD62041d	8	37844954	143716422	1	1	M	0.65	1.74033712612363	neutral	105871469
PD62041d	8	143717733	143718918	3	2	M	0.65	1.74033712612363	gain	1186
PD62041d	8	143718923	144291909	1	1	M	0.65	1.74033712612363	neutral	572987
PD62041d	8	144309364	144409108	4	0	M	0.65	1.74033712612363	gain	99745
PD62041d	8	144412631	145054093	2	1	M	0.65	1.74033712612363	gain	641463
PD62041d	9	154795	130403322	1	1	M	0.65	1.74033712612363	neutral	130248528
PD62041d	9	130403391	130410697	2	1	M	0.65	1.74033712612363	gain	7307
PD62041d	9	130418837	138175500	1	1	M	0.65	1.74033712612363	neutral	7756664
PD62041d	10	49156	71690430	1	1	M	0.65	1.74033712612363	neutral	71641275
PD62041d	10	71690449	71755346	1	0	M	0.65	1.74033712612363	loss	64898
PD62041d	10	71755464	133464725	1	1	M	0.65	1.74033712612363	neutral	61709262
PD62041d	10	133464760	133625894	2	1	M	0.65	1.74033712612363	gain	161135
PD62041d	11	197291	1233218	1	1	M	0.65	1.74033712612363	neutral	1035928
PD62041d	11	1233710	1260779	2	1	M	0.65	1.74033712612363	gain	27070
PD62041d	11	1261488	6632559	1	1	M	0.65	1.74033712612363	neutral	5371072
PD62041d	11	6632964	6720097	1	0	M	0.65	1.74033712612363	loss	87134
PD62041d	11	6767901	108142366	1	1	M	0.65	1.74033712612363	neutral	101374466
PD62041d	11	108142513	108354934	1	0	M	0.65	1.74033712612363	loss	212422
PD62041d	11	108365537	122295058	1	1	M	0.65	1.74033712612363	neutral	13929522
PD62041d	11	122301405	122779464	1	0	M	0.65	1.74033712612363	loss	478060
PD62041d	11	122779487	134986843	1	1	M	0.65	1.74033712612363	neutral	12207357
PD62041d	12	66973	6450749	1	1	M	0.65	1.74033712612363	neutral	6383777
PD62041d	12	6450889	6492453	1	0	M	0.65	1.74033712612363	loss	41565
PD62041d	12	6492577	52434178	1	1	M	0.65	1.74033712612363	neutral	45941602
PD62041d	12	52434235	52544713	2	1	M	0.65	1.74033712612363	gain	110479
PD62041d	12	52544728	110530405	1	1	M	0.65	1.74033712612363	neutral	57985678
PD62041d	12	110531575	111464606	1	0	M	0.65	1.74033712612363	loss	933032
PD62041d	12	111470018	133234349	1	1	M	0.65	1.74033712612363	neutral	21764332
PD62041d	13	19026300	114325924	1	1	M	0.65	1.74033712612363	neutral	95299625
PD62041d	14	19733402	22478825	1	0	M	0.65	1.74033712612363	loss	2745424
PD62041d	14	22478829	22575181	0	0	M	0.65	1.74033712612363	loss	96353
PD62041d	14	22588885	67815890	1	0	M	0.65	1.74033712612363	loss	45227006
PD62041d	14	67816033	68610982	0	0	M	0.65	1.74033712612363	loss	794950
PD62041d	14	68611094	85621712	1	0	M	0.65	1.74033712612363	loss	17010619
PD62041d	14	85621781	91244251	1	1	M	0.65	1.74033712612363	neutral	5622471
PD62041d	14	91244363	91343526	1	0	M	0.65	1.74033712612363	loss	99164
PD62041d	14	91343570	105498952	1	1	M	0.65	1.74033712612363	neutral	14155383
PD62041d	14	105529197	105864514	1	0	M	0.65	1.74033712612363	loss	335318
PD62041d	14	105864655	106874913	1	1	M	0.65	1.74033712612363	neutral	1010259
PD62041d	15	19964758	42070912	1	0	M	0.65	1.74033712612363	loss	22106155
PD62041d	15	42071107	42094432	2	0	M	0.65	1.74033712612363	neutral	23326
PD62041d	15	42094440	44966160	1	0	M	0.65	1.74033712612363	loss	2871721
PD62041d	15	45023079	45108017	2	0	M	0.65	1.74033712612363	neutral	84939
PD62041d	15	45108160	101849544	1	0	M	0.65	1.74033712612363	loss	56741385
PD62041d	16	47541	1436394	1	1	M	0.65	1.74033712612363	neutral	1388854
PD62041d	16	1436397	1457148	1	0	M	0.65	1.74033712612363	loss	20752
PD62041d	16	1457208	3068097	1	1	M	0.65	1.74033712612363	neutral	1610890
PD62041d	16	3068182	3224286	1	0	M	0.65	1.74033712612363	loss	156105
PD62041d	16	3224416	29599349	1	1	M	0.65	1.74033712612363	neutral	26374934
PD62041d	16	29599360	29811133	1	0	M	0.65	1.74033712612363	loss	211774
PD62041d	16	29811520	90094880	1	1	M	0.65	1.74033712612363	neutral	60283361
PD62041d	17	156162	66029913	1	0	M	0.65	1.74033712612363	loss	65873752
PD62041d	17	66030017	67167598	0	0	M	0.65	1.74033712612363	loss	1137582
PD62041d	17	67167831	83135759	1	0	M	0.65	1.74033712612363	loss	15967929
PD62041d	18	120645	80202756	1	0	M	0.65	1.74033712612363	loss	80082112
PD62041d	19	281383	17936735	1	0	M	0.65	1.74033712612363	loss	17655353
PD62041d	19	17942713	18121968	0	0	M	0.65	1.74033712612363	loss	179256
PD62041d	19	18122048	23232270	1	0	M	0.65	1.74033712612363	loss	5110223
PD62041d	19	23232382	35166448	1	1	M	0.65	1.74033712612363	neutral	11934067
PD62041d	19	35169445	35346525	1	0	M	0.65	1.74033712612363	loss	177081
PD62041d	19	35346526	36003450	1	1	M	0.65	1.74033712612363	neutral	656925
PD62041d	19	36003474	36055113	1	0	M	0.65	1.74033712612363	loss	51640
PD62041d	19	36055273	41259847	1	1	M	0.65	1.74033712612363	neutral	5204575
PD62041d	19	41264455	41397890	1	0	M	0.65	1.74033712612363	loss	133436
PD62041d	19	41410644	49397469	1	1	M	0.65	1.74033712612363	neutral	7986826
PD62041d	19	49397494	49491572	1	0	M	0.65	1.74033712612363	loss	94079
PD62041d	19	49491863	49932612	1	1	M	0.65	1.74033712612363	neutral	440750
PD62041d	19	49932664	49933028	1	0	M	0.65	1.74033712612363	loss	365
PD62041d	19	49933114	53713336	1	1	M	0.65	1.74033712612363	neutral	3780223
PD62041d	19	53713416	53801282	1	0	M	0.65	1.74033712612363	loss	87867
PD62041d	19	53803893	55649410	1	1	M	0.65	1.74033712612363	neutral	1845518
PD62041d	19	55649431	55659440	0	0	M	0.65	1.74033712612363	loss	10010
PD62041d	19	55660104	58572521	1	1	M	0.65	1.74033712612363	neutral	2912418
PD62041d	20	87623	64273492	1	1	M	0.65	1.74033712612363	neutral	64185870
PD62041d	21	9068512	30440830	1	1	M	0.65	1.74033712612363	neutral	21372319
PD62041d	21	30480131	30755177	2	2	M	0.65	1.74033712612363	gain	275047
PD62041d	21	30755360	45495283	1	1	M	0.65	1.74033712612363	neutral	14739924
PD62041d	21	45495304	45997517	1	0	M	0.65	1.74033712612363	loss	502214
PD62041d	21	45997532	46664392	1	1	M	0.65	1.74033712612363	neutral	666861
PD62041d	22	16572142	50780662	1	0	M	0.65	1.74033712612363	loss	34208521
PD62041d	X	284193	2740657	0	0	M	0.65	1.74033712612363	loss	2456465
PD62041d	X	2740742	155514051	1	0	M	0.65	1.74033712612363	neutral	152773310
PD62041d	X	155524613	155898234	3	0	M	0.65	1.74033712612363	gain	373622
PD62041d	X	155900534	156004433	2	0	M	0.65	1.74033712612363	gain	103900
PD62042a	1	826681	75677840	1	1	F	0.63	2.07337703914265	neutral	74851160
PD62042a	1	75724646	121568263	2	1	F	0.63	2.07337703914265	gain	45843618
PD62042a	1	143544192	248918428	1	1	F	0.63	2.07337703914265	neutral	105374237
PD62042a	2	41404	1098456	3	0	F	0.63	2.07337703914265	gain	1057053
PD62042a	2	1137681	1239836	1	0	F	0.63	2.07337703914265	loss	102156
PD62042a	2	1239852	28946746	1	1	F	0.63	2.07337703914265	neutral	27706895
PD62042a	2	28998066	29717589	1	0	F	0.63	2.07337703914265	loss	719524
PD62042a	2	29717663	242004549	1	1	F	0.63	2.07337703914265	neutral	212286887
PD62042a	3	197630	126159345	1	1	F	0.63	2.07337703914265	neutral	125961716
PD62042a	3	126159405	126499501	1	0	F	0.63	2.07337703914265	loss	340097
PD62042a	3	126499615	198038561	1	1	F	0.63	2.07337703914265	neutral	71538947
PD62042a	4	85813	190025891	1	0	F	0.63	2.07337703914265	loss	189940079
PD62042a	5	140238	45695893	2	1	F	0.63	2.07337703914265	gain	45555656
PD62042a	5	45695935	140801152	1	0	F	0.63	2.07337703914265	loss	95105218
PD62042a	5	140801509	141095172	0	0	F	0.63	2.07337703914265	loss	293664
PD62042a	5	141095524	181260906	1	0	F	0.63	2.07337703914265	loss	40165383
PD62042a	6	203397	26017776	1	1	F	0.63	2.07337703914265	neutral	25814380
PD62042a	6	26020440	26372858	3	2	F	0.63	2.07337703914265	gain	352419
PD62042a	6	26372893	87249494	1	1	F	0.63	2.07337703914265	neutral	60876602
PD62042a	6	87249572	123377687	2	1	F	0.63	2.07337703914265	gain	36128116
PD62042a	6	123377794	124911766	1	0	F	0.63	2.07337703914265	loss	1533973
PD62042a	6	124911788	170584567	1	1	F	0.63	2.07337703914265	neutral	45672780
PD62042a	7	193222	159233344	2	1	F	0.63	2.07337703914265	gain	159040123
PD62042a	8	232977	39284982	2	0	F	0.63	2.07337703914265	neutral	39052006
PD62042a	8	39454135	39477736	0	0	F	0.63	2.07337703914265	loss	23602
PD62042a	8	39584525	145054093	2	0	F	0.63	2.07337703914265	neutral	105469569
PD62042a	9	154795	42796064	1	0	F	0.63	2.07337703914265	loss	42641270
PD62042a	9	62801194	72149763	2	1	F	0.63	2.07337703914265	gain	9348570
PD62042a	9	72210791	74630349	2	2	F	0.63	2.07337703914265	gain	2419559
PD62042a	9	74642390	138177328	1	1	F	0.63	2.07337703914265	neutral	63534939
PD62042a	10	49134	131116787	1	1	F	0.63	2.07337703914265	neutral	131067654
PD62042a	10	131116862	133625894	1	0	F	0.63	2.07337703914265	loss	2509033
PD62042a	11	197291	1030370	1	1	F	0.63	2.07337703914265	neutral	833080
PD62042a	11	1030583	1036607	1	0	F	0.63	2.07337703914265	loss	6025
PD62042a	11	1074873	134986843	1	1	F	0.63	2.07337703914265	neutral	133911971
PD62042a	12	66973	40308618	1	1	F	0.63	2.07337703914265	neutral	40241646
PD62042a	12	40309109	40557803	1	0	F	0.63	2.07337703914265	loss	248695
PD62042a	12	40558043	133234349	1	1	F	0.63	2.07337703914265	neutral	92676307
PD62042a	13	19026300	114325924	2	1	F	0.63	2.07337703914265	gain	95299625
PD62042a	14	19097460	105840718	1	1	F	0.63	2.07337703914265	neutral	86743259
PD62042a	14	105840814	105855092	1	0	F	0.63	2.07337703914265	loss	14279
PD62042a	14	105855203	106410470	1	1	F	0.63	2.07337703914265	neutral	555268
PD62042a	14	106410514	106874913	2	1	F	0.63	2.07337703914265	gain	464400
PD62042a	15	19964758	101849608	2	0	F	0.63	2.07337703914265	neutral	81884851
PD62042a	16	47354	90094880	1	1	F	0.63	2.07337703914265	neutral	90047527
PD62042a	17	156162	1362031	1	0	F	0.63	2.07337703914265	loss	1205870
PD62042a	17	1399891	6612072	3	0	F	0.63	2.07337703914265	gain	5212182
PD62042a	17	6612130	6787251	2	0	F	0.63	2.07337703914265	neutral	175122
PD62042a	17	6787253	7039771	3	0	F	0.63	2.07337703914265	gain	252519
PD62042a	17	7039947	8205459	2	0	F	0.63	2.07337703914265	neutral	1165513
PD62042a	17	8206647	21295968	1	0	F	0.63	2.07337703914265	loss	13089322
PD62042a	17	21296019	41140541	1	1	F	0.63	2.07337703914265	neutral	19844523
PD62042a	17	41140554	41365036	1	0	F	0.63	2.07337703914265	loss	224483
PD62042a	17	41365474	83135891	1	1	F	0.63	2.07337703914265	neutral	41770418
PD62042a	18	120645	15006053	2	1	F	0.63	2.07337703914265	gain	14885409
PD62042a	18	20954783	80247464	1	0	F	0.63	2.07337703914265	loss	59292682
PD62042a	19	281360	3920618	1	1	F	0.63	2.07337703914265	neutral	3639259
PD62042a	19	3920672	3965062	1	0	F	0.63	2.07337703914265	loss	44391
PD62042a	19	3969507	57830691	1	1	F	0.63	2.07337703914265	neutral	53861185
PD62042a	19	57839118	57926386	2	1	F	0.63	2.07337703914265	gain	87269
PD62042a	19	57926399	58572521	1	1	F	0.63	2.07337703914265	neutral	646123
PD62042a	20	87623	17499086	2	2	F	0.63	2.07337703914265	gain	17411464
PD62042a	20	17499118	25413888	3	2	F	0.63	2.07337703914265	gain	7914771
PD62042a	20	25413920	33412656	2	1	F	0.63	2.07337703914265	gain	7998737
PD62042a	20	33412677	64273629	2	2	F	0.63	2.07337703914265	gain	30860953
PD62042a	21	9068512	43007447	2	1	F	0.63	2.07337703914265	gain	33938936
PD62042a	21	43007640	46664523	1	1	F	0.63	2.07337703914265	neutral	3656884
PD62042a	22	16572142	50780662	2	1	F	0.63	2.07337703914265	gain	34208521
PD62042a	X	284193	156005528	1	0	F	0.63	2.07337703914265	loss	155721336
PD62042c	1	826681	38887945	2	2	F	0.57	3.56898719594483	neutral	38061265
PD62042c	1	38893091	47144081	2	1	F	0.57	3.56898719594483	loss	8250991
PD62042c	1	47144393	121568263	2	2	F	0.57	3.56898719594483	neutral	74423871
PD62042c	1	143544192	228277702	2	1	F	0.57	3.56898719594483	loss	84733511
PD62042c	1	228277726	228350962	1	1	F	0.57	3.56898719594483	loss	73237
PD62042c	1	228351024	248918428	2	1	F	0.57	3.56898719594483	loss	20567405
PD62042c	2	41404	242004549	2	1	F	0.57	3.56898719594483	loss	241963146
PD62042c	3	197630	198038561	2	1	F	0.57	3.56898719594483	loss	197840932
PD62042c	4	85813	190025891	2	0	F	0.57	3.56898719594483	loss	189940079
PD62042c	5	140238	50399974	3	3	F	0.57	3.56898719594483	gain	50259737
PD62042c	5	50402346	181260906	2	0	F	0.57	3.56898719594483	loss	130858561
PD62042c	6	203397	26017389	2	2	F	0.57	3.56898719594483	neutral	25813993
PD62042c	6	26017437	26365386	4	4	F	0.57	3.56898719594483	gain	347950
PD62042c	6	26365451	32641286	2	2	F	0.57	3.56898719594483	neutral	6275836
PD62042c	6	32641289	32661939	1	1	F	0.57	3.56898719594483	loss	20651
PD62042c	6	32661941	123382070	2	2	F	0.57	3.56898719594483	neutral	90720130
PD62042c	6	123393504	124437872	2	0	F	0.57	3.56898719594483	loss	1044369
PD62042c	6	124437907	170584567	2	2	F	0.57	3.56898719594483	neutral	46146661
PD62042c	7	193222	5073179	4	1	F	0.57	3.56898719594483	gain	4879958
PD62042c	7	5073222	128889133	5	1	F	0.57	3.56898719594483	gain	123815912
PD62042c	7	128890222	128910840	3	0	F	0.57	3.56898719594483	loss	20619
PD62042c	7	128942346	159233344	5	1	F	0.57	3.56898719594483	gain	30290999
PD62042c	8	232977	39284982	5	0	F	0.57	3.56898719594483	gain	39052006
PD62042c	8	39454135	39477736	0	0	F	0.57	3.56898719594483	loss	23602
PD62042c	8	39584525	138635019	5	0	F	0.57	3.56898719594483	gain	99050495
PD62042c	8	138635082	145054093	4	0	F	0.57	3.56898719594483	neutral	6419012
PD62042c	9	154795	21816704	1	0	F	0.57	3.56898719594483	loss	21661910
PD62042c	9	21816759	42796064	2	0	F	0.57	3.56898719594483	loss	20979306
PD62042c	9	62801194	138177328	2	2	F	0.57	3.56898719594483	neutral	75376135
PD62042c	10	49134	133625894	2	1	F	0.57	3.56898719594483	loss	133576761
PD62042c	11	197291	134986843	2	1	F	0.57	3.56898719594483	loss	134789553
PD62042c	12	66973	133234349	2	1	F	0.57	3.56898719594483	loss	133167377
PD62042c	13	19026300	86393622	6	2	F	0.57	3.56898719594483	gain	67367323
PD62042c	13	86393659	114325924	3	2	F	0.57	3.56898719594483	gain	27932266
PD62042c	14	19097460	87986534	2	1	F	0.57	3.56898719594483	loss	68889075
PD62042c	14	87986597	88185400	4	3	F	0.57	3.56898719594483	gain	198804
PD62042c	14	88185482	98716434	2	1	F	0.57	3.56898719594483	loss	10530953
PD62042c	14	98717310	106874913	1	1	F	0.57	3.56898719594483	loss	8157604
PD62042c	15	19964758	101849608	3	0	F	0.57	3.56898719594483	loss	81884851
PD62042c	16	47354	88717598	2	2	F	0.57	3.56898719594483	neutral	88670245
PD62042c	16	88717681	88727502	1	1	F	0.57	3.56898719594483	loss	9822
PD62042c	16	88727583	90094880	2	2	F	0.57	3.56898719594483	neutral	1367298
PD62042c	17	156162	1280103	1	0	F	0.57	3.56898719594483	loss	1123942
PD62042c	17	1280170	1362031	2	0	F	0.57	3.56898719594483	loss	81862
PD62042c	17	1399891	1681081	4	0	F	0.57	3.56898719594483	neutral	281191
PD62042c	17	1681369	6612072	6	0	F	0.57	3.56898719594483	gain	4930704
PD62042c	17	6612130	6787251	4	0	F	0.57	3.56898719594483	neutral	175122
PD62042c	17	6787253	7027637	6	0	F	0.57	3.56898719594483	gain	240385
PD62042c	17	7029898	8205013	4	0	F	0.57	3.56898719594483	neutral	1175116
PD62042c	17	8205021	21012709	1	0	F	0.57	3.56898719594483	loss	12807689
PD62042c	17	21012722	21641330	1	1	F	0.57	3.56898719594483	loss	628609
PD62042c	17	22070517	83135891	2	1	F	0.57	3.56898719594483	loss	61065375
PD62042c	18	120645	23464123	2	2	F	0.57	3.56898719594483	neutral	23343479
PD62042c	18	23466286	80247464	2	0	F	0.57	3.56898719594483	loss	56781179
PD62042c	19	281360	58572521	2	1	F	0.57	3.56898719594483	loss	58291162
PD62042c	20	87623	64273629	4	3	F	0.57	3.56898719594483	gain	64186007
PD62042c	21	9068512	44313869	3	3	F	0.57	3.56898719594483	gain	35245358
PD62042c	21	44313984	46664523	3	2	F	0.57	3.56898719594483	gain	2350540
PD62042c	22	16572142	50780662	3	2	F	0.57	3.56898719594483	gain	34208521
PD62042c	X	284193	1387331	1	0	F	0.57	3.56898719594483	loss	1103139
PD62042c	X	1387425	156005528	2	0	F	0.57	3.56898719594483	loss	154618104
PD62043a	1	69511	17331097	1	1	F	0.43	1.85973940695853	neutral	17261587
PD62043a	1	17331121	23691787	1	0	F	0.43	1.85973940695853	loss	6360667
PD62043a	1	23691859	25863354	1	1	F	0.43	1.85973940695853	neutral	2171496
PD62043a	1	25863555	26929729	1	0	F	0.43	1.85973940695853	loss	1066175
PD62043a	1	26934260	248918428	1	1	F	0.43	1.85973940695853	neutral	221984169
PD62043a	2	41509	242004549	1	1	F	0.43	1.85973940695853	neutral	241963041
PD62043a	3	197937	198038561	1	1	F	0.43	1.85973940695853	neutral	197840625
PD62043a	4	85813	186281946	1	1	F	0.43	1.85973940695853	neutral	186196134
PD62043a	4	186284147	190025891	2	1	F	0.43	1.85973940695853	gain	3741745
PD62043a	5	140359	181260906	1	1	F	0.43	1.85973940695853	neutral	181120548
PD62043a	6	203397	29827943	1	1	F	0.43	1.85973940695853	neutral	29624547
PD62043a	6	29827970	29828972	3	2	F	0.43	1.85973940695853	gain	1003
PD62043a	6	29829266	170584376	1	1	F	0.43	1.85973940695853	neutral	140755111
PD62043a	7	193222	159233344	1	1	F	0.43	1.85973940695853	neutral	159040123
PD62043a	8	232977	145054093	1	1	F	0.43	1.85973940695853	neutral	144821117
PD62043a	9	154795	128826580	1	1	F	0.43	1.85973940695853	neutral	128671786
PD62043a	9	128826955	132679437	1	0	F	0.43	1.85973940695853	loss	3852483
PD62043a	9	132679537	138175500	1	1	F	0.43	1.85973940695853	neutral	5495964
PD62043a	10	49134	131955978	1	1	F	0.43	1.85973940695853	neutral	131906845
PD62043a	10	131956064	133625894	1	0	F	0.43	1.85973940695853	loss	1669831
PD62043a	11	197291	12204237	1	0	F	0.43	1.85973940695853	loss	12006947
PD62043a	11	12204322	20637324	1	1	F	0.43	1.85973940695853	neutral	8433003
PD62043a	11	20638603	100795157	1	0	F	0.43	1.85973940695853	loss	80156555
PD62043a	11	100859403	128485989	1	1	F	0.43	1.85973940695853	neutral	27626587
PD62043a	11	128486082	134986843	1	0	F	0.43	1.85973940695853	loss	6500762
PD62043a	12	66973	7374528	1	1	F	0.43	1.85973940695853	neutral	7307556
PD62043a	12	7374688	10012870	1	0	F	0.43	1.85973940695853	loss	2638183
PD62043a	12	10012994	72272838	1	1	F	0.43	1.85973940695853	neutral	62259845
PD62043a	12	72273276	82965722	1	0	F	0.43	1.85973940695853	loss	10692447
PD62043a	12	82966950	133234349	1	1	F	0.43	1.85973940695853	neutral	50267400
PD62043a	13	19026300	114325924	1	1	F	0.43	1.85973940695853	neutral	95299625
PD62043a	14	19733402	21997778	1	1	F	0.43	1.85973940695853	neutral	2264377
PD62043a	14	21997876	22486322	2	1	F	0.43	1.85973940695853	gain	488447
PD62043a	14	22488500	106874913	1	1	F	0.43	1.85973940695853	neutral	84386414
PD62043a	15	19964758	101849544	1	1	F	0.43	1.85973940695853	neutral	81884787
PD62043a	16	47541	90094880	1	1	F	0.43	1.85973940695853	neutral	90047340
PD62043a	17	156187	22567587	1	0	F	0.43	1.85973940695853	loss	22411401
PD62043a	17	27293970	34962071	1	1	F	0.43	1.85973940695853	neutral	7668102
PD62043a	17	34962527	37019114	1	0	F	0.43	1.85973940695853	loss	2056588
PD62043a	17	37020918	40193500	1	1	F	0.43	1.85973940695853	neutral	3172583
PD62043a	17	40193646	59197764	1	0	F	0.43	1.85973940695853	loss	19004119
PD62043a	17	59201733	83135759	1	1	F	0.43	1.85973940695853	neutral	23934027
PD62043a	18	120645	15006053	1	1	F	0.43	1.85973940695853	neutral	14885409
PD62043a	18	20954783	80202756	1	0	F	0.43	1.85973940695853	loss	59247974
PD62043a	19	281468	58572521	1	1	F	0.43	1.85973940695853	neutral	58291054
PD62043a	20	87623	64273492	1	1	F	0.43	1.85973940695853	neutral	64185870
PD62043a	21	9068512	46664392	1	1	F	0.43	1.85973940695853	neutral	37595881
PD62043a	22	16572142	50780662	1	0	F	0.43	1.85973940695853	loss	34208521
PD62043a	X	284193	57909817	1	1	F	0.43	1.85973940695853	neutral	57625625
PD62043a	X	63299465	156005413	1	0	F	0.43	1.85973940695853	loss	92705949
PD62045a	1	69511	160684605	1	1	M	1	2.00583256470078	neutral	160615095
PD62045a	1	160684627	160947947	1	0	M	1	2.00583256470078	loss	263321
PD62045a	1	160947975	248918428	1	1	M	1	2.00583256470078	neutral	87970454
PD62045a	2	41393	242004549	1	1	M	1	2.00583256470078	neutral	241963157
PD62045a	3	197664	198038561	1	1	M	1	2.00583256470078	neutral	197840898
PD62045a	4	85813	190025891	1	1	M	1	2.00583256470078	neutral	189940079
PD62045a	5	140238	157104550	1	1	M	1	2.00583256470078	neutral	156964313
PD62045a	5	157104725	157223061	1	0	M	1	2.00583256470078	loss	118337
PD62045a	5	157223062	181260906	1	1	M	1	2.00583256470078	neutral	24037845
PD62045a	6	203397	26017148	1	1	M	1	2.00583256470078	neutral	25813752
PD62045a	6	26017235	26365451	1	0	M	1	2.00583256470078	loss	348217
PD62045a	6	26368051	32665000	1	1	M	1	2.00583256470078	neutral	6296950
PD62045a	6	32665006	32666779	1	0	M	1	2.00583256470078	loss	1774
PD62045a	6	32741532	170584376	1	1	M	1	2.00583256470078	neutral	137842845
PD62045a	7	193222	142083448	1	1	M	1	2.00583256470078	neutral	141890227
PD62045a	7	142083464	142197403	2	1	M	1	2.00583256470078	gain	113940
PD62045a	7	142197762	159233344	1	1	M	1	2.00583256470078	neutral	17035583
PD62045a	8	232977	145054093	1	1	M	1	2.00583256470078	neutral	144821117
PD62045a	9	154795	135755208	1	1	M	1	2.00583256470078	neutral	135600414
PD62045a	9	135756943	136013368	2	1	M	1	2.00583256470078	gain	256426
PD62045a	9	136013374	138177317	1	1	M	1	2.00583256470078	neutral	2163944
PD62045a	10	49230	133625894	1	1	M	1	2.00583256470078	neutral	133576665
PD62045a	11	197291	69087846	1	1	M	1	2.00583256470078	neutral	68890556
PD62045a	11	69087864	93478995	2	1	M	1	2.00583256470078	gain	24391132
PD62045a	11	93479079	134986843	1	1	M	1	2.00583256470078	neutral	41507765
PD62045a	12	66973	6912793	1	1	M	1	2.00583256470078	neutral	6845821
PD62045a	12	6912819	6967546	1	0	M	1	2.00583256470078	loss	54728
PD62045a	12	6968761	133234349	1	1	M	1	2.00583256470078	neutral	126265589
PD62045a	13	19026300	114325924	1	1	M	1	2.00583256470078	neutral	95299625
PD62045a	14	19097629	22132659	1	1	M	1	2.00583256470078	neutral	3035031
PD62045a	14	22132901	22489646	2	1	M	1	2.00583256470078	gain	356746
PD62045a	14	22490324	22926320	1	0	M	1	2.00583256470078	loss	435997
PD62045a	14	22926409	106874913	1	1	M	1	2.00583256470078	neutral	83948505
PD62045a	15	19964758	81225631	1	1	M	1	2.00583256470078	neutral	61260874
PD62045a	15	81265704	81290527	1	0	M	1	2.00583256470078	loss	24824
PD62045a	15	81291679	101849608	1	1	M	1	2.00583256470078	neutral	20557930
PD62045a	16	47541	90094880	1	1	M	1	2.00583256470078	neutral	90047340
PD62045a	17	156162	83135891	1	1	M	1	2.00583256470078	neutral	82979730
PD62045a	18	120645	80202756	1	1	M	1	2.00583256470078	neutral	80082112
PD62045a	19	281360	58572521	1	1	M	1	2.00583256470078	neutral	58291162
PD62045a	20	87623	30399251	1	1	M	1	2.00583256470078	neutral	30311629
PD62045a	20	30399253	62668294	2	1	M	1	2.00583256470078	gain	32269042
PD62045a	20	62668348	64273492	1	1	M	1	2.00583256470078	neutral	1605145
PD62045a	21	9068512	46664523	1	1	M	1	2.00583256470078	neutral	37596012
PD62045a	22	16572142	50571039	1	1	M	1	2.00583256470078	neutral	33998898
PD62045a	22	50571057	50582842	1	0	M	1	2.00583256470078	loss	11786
PD62045a	22	50600888	50780662	1	1	M	1	2.00583256470078	neutral	179775
PD62045a	X	284193	2774703	2	0	M	1	2.00583256470078	gain	2490511
PD62045a	X	2781927	155545046	1	0	M	1	2.00583256470078	neutral	152763120
PD62045a	X	155773979	156005395	2	0	M	1	2.00583256470078	gain	231417
PD62045c	1	69511	169560616	1	1	M	0.26	1.97377370287595	neutral	169491106
PD62045c	1	169560735	169732975	0	0	M	0.26	1.97377370287595	loss	172241
PD62045c	1	169733397	228216497	1	1	M	0.26	1.97377370287595	neutral	58483101
PD62045c	1	228216596	228338197	0	0	M	0.26	1.97377370287595	loss	121602
PD62045c	1	228338238	237798184	1	1	M	0.26	1.97377370287595	neutral	9459947
PD62045c	1	237801735	248918428	1	0	M	0.26	1.97377370287595	loss	11116694
PD62045c	2	41393	151696795	1	1	M	0.26	1.97377370287595	neutral	151655403
PD62045c	2	151697035	151709640	0	0	M	0.26	1.97377370287595	loss	12606
PD62045c	2	151709919	178529173	1	1	M	0.26	1.97377370287595	neutral	26819255
PD62045c	2	178530015	179049922	0	0	M	0.26	1.97377370287595	loss	519908
PD62045c	2	179110034	236036503	1	1	M	0.26	1.97377370287595	neutral	56926470
PD62045c	2	236036740	236049178	2	2	M	0.26	1.97377370287595	gain	12439
PD62045c	2	236120062	242004549	1	1	M	0.26	1.97377370287595	neutral	5884488
PD62045c	3	197664	114139532	1	1	M	0.26	1.97377370287595	neutral	113941869
PD62045c	3	114159713	114339153	0	0	M	0.26	1.97377370287595	loss	179441
PD62045c	3	114339460	198038561	1	1	M	0.26	1.97377370287595	neutral	83699102
PD62045c	4	85813	190025891	1	1	M	0.26	1.97377370287595	neutral	189940079
PD62045c	5	140238	157139465	1	1	M	0.26	1.97377370287595	neutral	156999228
PD62045c	5	157162388	157460209	0	0	M	0.26	1.97377370287595	loss	297822
PD62045c	5	157460381	181260906	1	1	M	0.26	1.97377370287595	neutral	23800526
PD62045c	6	203397	167179113	1	1	M	0.26	1.97377370287595	neutral	166975717
PD62045c	6	167179117	169220179	3	1	M	0.26	1.97377370287595	gain	2041063
PD62045c	6	169220268	170584376	1	1	M	0.26	1.97377370287595	neutral	1364109
PD62045c	7	193222	100198049	1	1	M	0.26	1.97377370287595	neutral	100004828
PD62045c	7	100198434	100223840	0	0	M	0.26	1.97377370287595	loss	25407
PD62045c	7	100223847	142762884	1	1	M	0.26	1.97377370287595	neutral	42539038
PD62045c	7	142796491	142812761	0	0	M	0.26	1.97377370287595	loss	16271
PD62045c	7	142813350	150398183	1	1	M	0.26	1.97377370287595	neutral	7584834
PD62045c	7	150466749	150790873	0	0	M	0.26	1.97377370287595	loss	324125
PD62045c	7	150791683	150791981	6	0	M	0.26	1.97377370287595	gain	299
PD62045c	7	150792044	159233344	1	1	M	0.26	1.97377370287595	neutral	8441301
PD62045c	8	232977	3575117	1	0	M	0.26	1.97377370287595	loss	3342141
PD62045c	8	3585995	145054093	1	1	M	0.26	1.97377370287595	neutral	141468099
PD62045c	9	154795	138177317	1	1	M	0.26	1.97377370287595	neutral	138022523
PD62045c	10	49230	133625894	1	1	M	0.26	1.97377370287595	neutral	133576665
PD62045c	11	197291	67663291	1	1	M	0.26	1.97377370287595	neutral	67466001
PD62045c	11	67663567	78112546	2	1	M	0.26	1.97377370287595	gain	10448980
PD62045c	11	78112562	114250615	1	1	M	0.26	1.97377370287595	neutral	36138054
PD62045c	11	114296533	114698665	2	2	M	0.26	1.97377370287595	gain	402133
PD62045c	11	114698723	134986843	1	1	M	0.26	1.97377370287595	neutral	20288121
PD62045c	12	66973	118019020	1	1	M	0.26	1.97377370287595	neutral	117952048
PD62045c	12	118019807	133234349	2	0	M	0.26	1.97377370287595	neutral	15214543
PD62045c	13	19026300	114325924	1	1	M	0.26	1.97377370287595	neutral	95299625
PD62045c	14	19097629	22132659	1	1	M	0.26	1.97377370287595	neutral	3035031
PD62045c	14	22132901	22494043	4	3	M	0.26	1.97377370287595	gain	361143
PD62045c	14	22494697	22552096	1	0	M	0.26	1.97377370287595	loss	57400
PD62045c	14	22557038	105855988	1	1	M	0.26	1.97377370287595	neutral	83298951
PD62045c	14	105856024	105881530	0	0	M	0.26	1.97377370287595	loss	25507
PD62045c	14	105881543	106874913	1	0	M	0.26	1.97377370287595	loss	993371
PD62045c	15	19964758	101849608	1	1	M	0.26	1.97377370287595	neutral	81884851
PD62045c	16	47541	1383756	1	1	M	0.26	1.97377370287595	neutral	1336216
PD62045c	16	1383765	1542028	1	0	M	0.26	1.97377370287595	loss	158264
PD62045c	16	1542086	90094880	1	1	M	0.26	1.97377370287595	neutral	88552795
PD62045c	17	156162	41302328	1	1	M	0.26	1.97377370287595	neutral	41146167
PD62045c	17	41302513	41396998	0	0	M	0.26	1.97377370287595	loss	94486
PD62045c	17	41397252	83135891	1	1	M	0.26	1.97377370287595	neutral	41738640
PD62045c	18	120645	80202756	1	1	M	0.26	1.97377370287595	neutral	80082112
PD62045c	19	281360	57875421	1	1	M	0.26	1.97377370287595	neutral	57594062
PD62045c	19	57888569	57909120	2	1	M	0.26	1.97377370287595	gain	20552
PD62045c	19	57909335	58572521	1	0	M	0.26	1.97377370287595	loss	663187
PD62045c	20	87623	64273492	1	1	M	0.26	1.97377370287595	neutral	64185870
PD62045c	21	9068512	44531277	1	1	M	0.26	1.97377370287595	neutral	35462766
PD62045c	21	44531830	44697831	0	0	M	0.26	1.97377370287595	loss	166002
PD62045c	21	44697877	46664523	1	0	M	0.26	1.97377370287595	loss	1966647
PD62045c	22	16572142	37070961	1	1	M	0.26	1.97377370287595	neutral	20498820
PD62045c	22	37073391	37075017	0	0	M	0.26	1.97377370287595	loss	1627
PD62045c	22	37075168	50780662	1	1	M	0.26	1.97377370287595	neutral	13705495
PD62045c	X	284193	2740742	1	0	M	0.26	1.97377370287595	neutral	2456550
PD62045c	X	2740756	2774703	0	0	M	0.26	1.97377370287595	loss	33948
PD62045c	X	2781927	155545046	1	0	M	0.26	1.97377370287595	neutral	152763120
PD62045c	X	155773979	155997715	3	0	M	0.26	1.97377370287595	gain	223737
PD62045c	X	155997799	156005395	4	0	M	0.26	1.97377370287595	gain	7597
PD62046a	1	826681	152220502	1	1	M	0.8	2.35758533013604	neutral	151393822
PD62046a	1	152220573	152515302	2	1	M	0.8	2.35758533013604	gain	294730
PD62046a	1	152515434	248918428	1	1	M	0.8	2.35758533013604	neutral	96402995
PD62046a	2	41393	242004549	1	1	M	0.8	2.35758533013604	neutral	241963157
PD62046a	3	197937	93898589	2	1	M	0.8	2.35758533013604	gain	93700653
PD62046a	3	93900833	93927365	3	0	M	0.8	2.35758533013604	gain	26533
PD62046a	3	93973643	97915621	2	0	M	0.8	2.35758533013604	neutral	3941979
PD62046a	3	97933004	97961578	1	0	M	0.8	2.35758533013604	loss	28575
PD62046a	3	97967175	108469908	1	1	M	0.8	2.35758533013604	neutral	10502734
PD62046a	3	108470146	108557243	2	0	M	0.8	2.35758533013604	neutral	87098
PD62046a	3	108557292	109494111	2	1	M	0.8	2.35758533013604	gain	936820
PD62046a	3	109494244	198038561	1	1	M	0.8	2.35758533013604	neutral	88544318
PD62046a	4	85813	190025891	1	1	M	0.8	2.35758533013604	neutral	189940079
PD62046a	5	140238	52788531	2	0	M	0.8	2.35758533013604	neutral	52648294
PD62046a	5	52788607	140788673	1	0	M	0.8	2.35758533013604	loss	88000067
PD62046a	5	140788706	141345329	2	0	M	0.8	2.35758533013604	neutral	556624
PD62046a	5	141346158	181260906	1	0	M	0.8	2.35758533013604	loss	39914749
PD62046a	6	203397	25983213	2	1	M	0.8	2.35758533013604	gain	25779817
PD62046a	6	25983549	26285437	1	0	M	0.8	2.35758533013604	loss	301889
PD62046a	6	26285455	26463432	2	1	M	0.8	2.35758533013604	gain	177978
PD62046a	6	26463550	27472365	3	0	M	0.8	2.35758533013604	gain	1008816
PD62046a	6	27807473	27838179	1	1	M	0.8	2.35758533013604	neutral	30707
PD62046a	6	27838197	27893904	1	0	M	0.8	2.35758533013604	loss	55708
PD62046a	6	27911277	32832787	2	1	M	0.8	2.35758533013604	gain	4921511
PD62046a	6	32835161	32937525	1	1	M	0.8	2.35758533013604	neutral	102365
PD62046a	6	32938451	61813841	2	1	M	0.8	2.35758533013604	gain	28875391
PD62046a	6	61814108	62286015	1	1	M	0.8	2.35758533013604	neutral	471908
PD62046a	6	63211537	63744920	1	0	M	0.8	2.35758533013604	loss	533384
PD62046a	6	63778108	170584376	2	1	M	0.8	2.35758533013604	gain	106806269
PD62046a	7	193222	159233344	2	1	M	0.8	2.35758533013604	gain	159040123
PD62046a	8	232977	145054093	2	1	M	0.8	2.35758533013604	gain	144821117
PD62046a	9	154795	138177194	2	2	M	0.8	2.35758533013604	gain	138022400
PD62046a	10	49134	38117802	2	1	M	0.8	2.35758533013604	gain	38068669
PD62046a	10	38118591	122570067	2	0	M	0.8	2.35758533013604	neutral	84451477
PD62046a	10	122570156	122836161	3	0	M	0.8	2.35758533013604	gain	266006
PD62046a	10	122836290	133420171	2	1	M	0.8	2.35758533013604	gain	10583882
PD62046a	10	133454128	133625894	3	1	M	0.8	2.35758533013604	gain	171767
PD62046a	11	197291	134986843	2	0	M	0.8	2.35758533013604	neutral	134789553
PD62046a	12	66973	39764641	2	0	M	0.8	2.35758533013604	neutral	39697669
PD62046a	12	39764709	48905046	1	0	M	0.8	2.35758533013604	loss	9140338
PD62046a	12	48914390	52077279	2	0	M	0.8	2.35758533013604	neutral	3162890
PD62046a	12	52171265	52520141	3	0	M	0.8	2.35758533013604	gain	348877
PD62046a	12	52520187	133234349	2	0	M	0.8	2.35758533013604	neutral	80714163
PD62046a	13	19026300	114325924	2	1	M	0.8	2.35758533013604	gain	95299625
PD62046a	14	19733402	19748102	2	1	M	0.8	2.35758533013604	gain	14701
PD62046a	14	19748139	20033950	3	1	M	0.8	2.35758533013604	gain	285812
PD62046a	14	20033961	94242431	2	1	M	0.8	2.35758533013604	gain	74208471
PD62046a	14	94244612	106874913	2	0	M	0.8	2.35758533013604	neutral	12630302
PD62046a	15	19964758	101849608	1	1	M	0.8	2.35758533013604	neutral	81884851
PD62046a	16	47354	90094793	1	1	M	0.8	2.35758533013604	neutral	90047440
PD62046a	17	156162	41364996	2	0	M	0.8	2.35758533013604	neutral	41208835
PD62046a	17	41365036	41467244	3	0	M	0.8	2.35758533013604	gain	102209
PD62046a	17	41467260	83135759	2	0	M	0.8	2.35758533013604	neutral	41668500
PD62046a	18	120645	80202756	1	0	M	0.8	2.35758533013604	loss	80082112
PD62046a	19	281376	8858668	2	1	M	0.8	2.35758533013604	gain	8577293
PD62046a	19	8860899	9102350	3	1	M	0.8	2.35758533013604	gain	241452
PD62046a	19	9102403	35106886	2	1	M	0.8	2.35758533013604	gain	26004484
PD62046a	19	35111110	35142697	1	1	M	0.8	2.35758533013604	neutral	31588
PD62046a	19	35142731	37885190	2	1	M	0.8	2.35758533013604	gain	2742460
PD62046a	19	37885345	51125894	1	1	M	0.8	2.35758533013604	neutral	13240550
PD62046a	19	51126144	51337252	2	1	M	0.8	2.35758533013604	gain	211109
PD62046a	19	51337325	51337325	2	0	M	0.8	2.35758533013604	neutral	1
PD62046a	19	51337557	58572521	1	1	M	0.8	2.35758533013604	neutral	7234965
PD62046a	20	87623	33238110	3	1	M	0.8	2.35758533013604	gain	33150488
PD62046a	20	33238221	33396793	4	1	M	0.8	2.35758533013604	gain	158573
PD62046a	20	33396842	64273492	3	1	M	0.8	2.35758533013604	gain	30876651
PD62046a	21	9068512	13372964	2	1	M	0.8	2.35758533013604	gain	4304453
PD62046a	21	13373123	46664533	2	0	M	0.8	2.35758533013604	neutral	33291411
PD62046a	22	16572142	50780662	2	0	M	0.8	2.35758533013604	neutral	34208521
PD62046a	X	284193	2782048	4	0	M	0.8	2.35758533013604	gain	2497856
PD62046a	X	2782116	155545046	2	0	M	0.8	2.35758533013604	gain	152762931
PD62046a	X	155773979	155898177	5	0	M	0.8	2.35758533013604	gain	124199
PD62046a	X	155898234	156005528	4	0	M	0.8	2.35758533013604	gain	107295
PD62046c	1	826681	152220502	1	1	M	0.25	2.05551811538221	neutral	151393822
PD62046c	1	152220573	152515302	3	2	M	0.25	2.05551811538221	gain	294730
PD62046c	1	152515434	228166080	1	1	M	0.25	2.05551811538221	neutral	75650647
PD62046c	1	228174605	228335746	3	2	M	0.25	2.05551811538221	gain	161142
PD62046c	1	228335747	248918428	1	1	M	0.25	2.05551811538221	neutral	20582682
PD62046c	2	41393	130598658	2	0	M	0.25	2.05551811538221	neutral	130557266
PD62046c	2	130729192	151725352	2	1	M	0.25	2.05551811538221	gain	20996161
PD62046c	2	151727639	168944978	2	0	M	0.25	2.05551811538221	neutral	17217340
PD62046c	2	168944994	169146998	0	0	M	0.25	2.05551811538221	loss	202005
PD62046c	2	169147065	178557454	2	0	M	0.25	2.05551811538221	neutral	9410390
PD62046c	2	178557685	178634562	3	1	M	0.25	2.05551811538221	gain	76878
PD62046c	2	178634625	242004549	2	0	M	0.25	2.05551811538221	neutral	63369925
PD62046c	3	197937	108358028	1	1	M	0.25	2.05551811538221	neutral	108160092
PD62046c	3	108358187	108557360	0	0	M	0.25	2.05551811538221	loss	199174
PD62046c	3	108560762	198038561	1	1	M	0.25	2.05551811538221	neutral	89477800
PD62046c	4	85813	522055	1	0	M	0.25	2.05551811538221	loss	436243
PD62046c	4	523409	667874	4	0	M	0.25	2.05551811538221	gain	144466
PD62046c	4	670047	761268	0	0	M	0.25	2.05551811538221	loss	91222
PD62046c	4	761284	8581504	1	1	M	0.25	2.05551811538221	neutral	7820221
PD62046c	4	8581585	99427715	1	0	M	0.25	2.05551811538221	loss	90846131
PD62046c	4	99428047	99435407	0	0	M	0.25	2.05551811538221	loss	7361
PD62046c	4	99522563	190025891	1	1	M	0.25	2.05551811538221	neutral	90503329
PD62046c	5	140238	56883514	1	1	M	0.25	2.05551811538221	neutral	56743277
PD62046c	5	56883760	93593948	1	0	M	0.25	2.05551811538221	loss	36710189
PD62046c	5	93600416	94407828	2	1	M	0.25	2.05551811538221	gain	807413
PD62046c	5	94417060	140788502	1	0	M	0.25	2.05551811538221	loss	46371443
PD62046c	5	140788503	141432844	3	2	M	0.25	2.05551811538221	gain	644342
PD62046c	5	141432872	168118273	1	0	M	0.25	2.05551811538221	loss	26685402
PD62046c	5	168125024	181155980	1	1	M	0.25	2.05551811538221	neutral	13030957
PD62046c	5	181156059	181260906	0	0	M	0.25	2.05551811538221	loss	104848
PD62046c	6	203397	25983549	2	0	M	0.25	2.05551811538221	neutral	25780153
PD62046c	6	26017148	26285437	0	0	M	0.25	2.05551811538221	loss	268290
PD62046c	6	26285455	27472225	1	1	M	0.25	2.05551811538221	neutral	1186771
PD62046c	6	27472365	27893904	0	0	M	0.25	2.05551811538221	loss	421540
PD62046c	6	27911277	109300252	1	1	M	0.25	2.05551811538221	neutral	81388976
PD62046c	6	109300291	109493355	1	0	M	0.25	2.05551811538221	loss	193065
PD62046c	6	109493628	170584376	1	1	M	0.25	2.05551811538221	neutral	61090749
PD62046c	7	193222	27184956	2	1	M	0.25	2.05551811538221	gain	26991735
PD62046c	7	27198147	27244411	0	0	M	0.25	2.05551811538221	loss	46265
PD62046c	7	27244576	150337391	2	1	M	0.25	2.05551811538221	gain	123092816
PD62046c	7	150337614	150859917	1	0	M	0.25	2.05551811538221	loss	522304
PD62046c	7	150860300	159233344	2	1	M	0.25	2.05551811538221	gain	8373045
PD62046c	8	232977	10833031	2	1	M	0.25	2.05551811538221	gain	10600055
PD62046c	8	10833767	11247800	2	2	M	0.25	2.05551811538221	gain	414034
PD62046c	8	11284807	128150189	1	1	M	0.25	2.05551811538221	neutral	116865383
PD62046c	8	128150251	143930378	2	1	M	0.25	2.05551811538221	gain	15780128
PD62046c	8	143931621	145054093	1	0	M	0.25	2.05551811538221	loss	1122473
PD62046c	9	154795	42796064	1	1	M	0.25	2.05551811538221	neutral	42641270
PD62046c	9	62801194	85546983	1	0	M	0.25	2.05551811538221	loss	22745790
PD62046c	9	85547045	133098827	1	1	M	0.25	2.05551811538221	neutral	47551783
PD62046c	9	133100243	133554273	1	0	M	0.25	2.05551811538221	loss	454031
PD62046c	9	133554507	136474550	2	1	M	0.25	2.05551811538221	gain	2920044
PD62046c	9	136474560	136757984	1	1	M	0.25	2.05551811538221	neutral	283425
PD62046c	9	136758603	136854486	0	0	M	0.25	2.05551811538221	loss	95884
PD62046c	9	136854511	137615976	1	1	M	0.25	2.05551811538221	neutral	761466
PD62046c	9	137697290	138121309	2	2	M	0.25	2.05551811538221	gain	424020
PD62046c	9	138121332	138177194	5	0	M	0.25	2.05551811538221	gain	55863
PD62046c	10	49134	54214128	2	1	M	0.25	2.05551811538221	gain	54164995
PD62046c	10	54236848	82985521	2	0	M	0.25	2.05551811538221	neutral	28748674
PD62046c	10	82985720	84219104	0	0	M	0.25	2.05551811538221	loss	1233385
PD62046c	10	84219183	128107510	2	0	M	0.25	2.05551811538221	neutral	43888328
PD62046c	10	128107632	133625894	2	1	M	0.25	2.05551811538221	gain	5518263
PD62046c	11	197291	134986843	1	1	M	0.25	2.05551811538221	neutral	134789553
PD62046c	12	66973	7369012	2	0	M	0.25	2.05551811538221	neutral	7302040
PD62046c	12	7369556	11751833	2	2	M	0.25	2.05551811538221	gain	4382278
PD62046c	12	11751836	18562739	1	0	M	0.25	2.05551811538221	loss	6810904
PD62046c	12	18562908	50094628	1	1	M	0.25	2.05551811538221	neutral	31531721
PD62046c	12	50096742	50105958	0	0	M	0.25	2.05551811538221	loss	9217
PD62046c	12	50106232	52396245	1	1	M	0.25	2.05551811538221	neutral	2290014
PD62046c	12	52396895	52520141	2	2	M	0.25	2.05551811538221	gain	123247
PD62046c	12	52520187	100097395	1	1	M	0.25	2.05551811538221	neutral	47577209
PD62046c	12	100098317	100315642	0	0	M	0.25	2.05551811538221	loss	217326
PD62046c	12	100317904	122141721	1	0	M	0.25	2.05551811538221	loss	21823818
PD62046c	12	122141747	133234349	1	1	M	0.25	2.05551811538221	neutral	11092603
PD62046c	13	19026300	114325924	2	1	M	0.25	2.05551811538221	gain	95299625
PD62046c	14	19733402	19748102	1	1	M	0.25	2.05551811538221	neutral	14701
PD62046c	14	19748139	20033950	2	1	M	0.25	2.05551811538221	gain	285812
PD62046c	14	20033961	24331487	1	0	M	0.25	2.05551811538221	loss	4297527
PD62046c	14	24331673	24442646	0	0	M	0.25	2.05551811538221	loss	110974
PD62046c	14	24442802	104944576	1	0	M	0.25	2.05551811538221	loss	80501775
PD62046c	14	104944754	104991443	2	2	M	0.25	2.05551811538221	gain	46690
PD62046c	14	104991586	105881512	2	1	M	0.25	2.05551811538221	gain	889927
PD62046c	14	105881513	106874913	1	1	M	0.25	2.05551811538221	neutral	993401
PD62046c	15	19964758	101849608	1	0	M	0.25	2.05551811538221	loss	81884851
PD62046c	16	47354	1443012	1	1	M	0.25	2.05551811538221	neutral	1395659
PD62046c	16	1443029	1486411	3	2	M	0.25	2.05551811538221	gain	43383
PD62046c	16	1486465	21275576	1	1	M	0.25	2.05551811538221	neutral	19789112
PD62046c	16	21275606	21352010	0	0	M	0.25	2.05551811538221	loss	76405
PD62046c	16	21352029	90094793	1	1	M	0.25	2.05551811538221	neutral	68742765
PD62046c	17	156162	7217100	1	1	M	0.25	2.05551811538221	neutral	7060939
PD62046c	17	7217681	7228157	0	0	M	0.25	2.05551811538221	loss	10477
PD62046c	17	7229141	32997848	1	1	M	0.25	2.05551811538221	neutral	25768708
PD62046c	17	33014102	33112115	0	0	M	0.25	2.05551811538221	loss	98014
PD62046c	17	33291492	50392998	1	1	M	0.25	2.05551811538221	neutral	17101507
PD62046c	17	50394874	50518955	0	0	M	0.25	2.05551811538221	loss	124082
PD62046c	17	50518981	78233902	1	1	M	0.25	2.05551811538221	neutral	27714922
PD62046c	17	78233944	83135759	2	1	M	0.25	2.05551811538221	gain	4901816
PD62046c	18	120645	15006053	1	1	M	0.25	2.05551811538221	neutral	14885409
PD62046c	18	20954783	80202756	1	0	M	0.25	2.05551811538221	loss	59247974
PD62046c	19	281376	8589222	2	1	M	0.25	2.05551811538221	gain	8307847
PD62046c	19	8589243	9126843	4	3	M	0.25	2.05551811538221	gain	537601
PD62046c	19	9126866	35106886	1	1	M	0.25	2.05551811538221	neutral	25980021
PD62046c	19	35111110	35140069	0	0	M	0.25	2.05551811538221	loss	28960
PD62046c	19	35140490	41956876	1	1	M	0.25	2.05551811538221	neutral	6816387
PD62046c	19	41957200	41967398	0	0	M	0.25	2.05551811538221	loss	10199
PD62046c	19	41967651	47802245	1	1	M	0.25	2.05551811538221	neutral	5834595
PD62046c	19	47802249	48311602	2	2	M	0.25	2.05551811538221	gain	509354
PD62046c	19	48318369	50949944	1	0	M	0.25	2.05551811538221	loss	2631576
PD62046c	19	50950027	58572521	1	1	M	0.25	2.05551811538221	neutral	7622495
PD62046c	20	87623	64273492	3	1	M	0.25	2.05551811538221	gain	64185870
PD62046c	21	9068512	32601798	1	1	M	0.25	2.05551811538221	neutral	23533287
PD62046c	21	32601799	44353838	1	0	M	0.25	2.05551811538221	loss	11752040
PD62046c	21	44353907	46664533	2	1	M	0.25	2.05551811538221	gain	2310627
PD62046c	22	16572142	37496083	2	0	M	0.25	2.05551811538221	neutral	20923942
PD62046c	22	37496317	37620139	0	0	M	0.25	2.05551811538221	loss	123823
PD62046c	22	37620437	50780662	2	0	M	0.25	2.05551811538221	neutral	13160226
PD62046c	X	284193	2740742	4	0	M	0.25	2.05551811538221	gain	2456550
PD62046c	X	2740756	2782048	3	0	M	0.25	2.05551811538221	gain	41293
PD62046c	X	2782116	155545046	2	0	M	0.25	2.05551811538221	gain	152762931
PD62046c	X	155773979	155898177	4	0	M	0.25	2.05551811538221	gain	124199
PD62046c	X	155898234	156005528	2	0	M	0.25	2.05551811538221	gain	107295
PD62047a	1	69511	248918428	1	1	M	0.62	1.98580998022483	neutral	248848918
PD62047a	2	41404	242004549	1	1	M	0.62	1.98580998022483	neutral	241963146
PD62047a	3	197630	198038561	1	1	M	0.62	1.98580998022483	neutral	197840932
PD62047a	4	85813	190025891	1	1	M	0.62	1.98580998022483	neutral	189940079
PD62047a	5	140238	98773952	1	1	M	0.62	1.98580998022483	neutral	98633715
PD62047a	5	98774008	181260906	2	0	M	0.62	1.98580998022483	neutral	82486899
PD62047a	6	203397	170584376	1	1	M	0.62	1.98580998022483	neutral	170380980
PD62047a	7	193222	100952010	1	1	M	0.62	1.98580998022483	neutral	100758789
PD62047a	7	100952551	101051595	2	1	M	0.62	1.98580998022483	gain	99045
PD62047a	7	101051672	159233344	1	1	M	0.62	1.98580998022483	neutral	58181673
PD62047a	8	232977	145054093	1	1	M	0.62	1.98580998022483	neutral	144821117
PD62047a	9	154795	138177317	1	1	M	0.62	1.98580998022483	neutral	138022523
PD62047a	10	49134	133625894	1	1	M	0.62	1.98580998022483	neutral	133576761
PD62047a	11	197291	134986843	1	1	M	0.62	1.98580998022483	neutral	134789553
PD62047a	12	66973	133234349	1	1	M	0.62	1.98580998022483	neutral	133167377
PD62047a	13	19026335	114325924	1	1	M	0.62	1.98580998022483	neutral	95299590
PD62047a	14	19097460	106874913	1	1	M	0.62	1.98580998022483	neutral	87777454
PD62047a	15	19964758	101849608	1	1	M	0.62	1.98580998022483	neutral	81884851
PD62047a	16	47541	90094866	1	1	M	0.62	1.98580998022483	neutral	90047326
PD62047a	17	156162	83135891	1	1	M	0.62	1.98580998022483	neutral	82979730
PD62047a	18	120645	80202756	1	1	M	0.62	1.98580998022483	neutral	80082112
PD62047a	19	281383	58572521	1	1	M	0.62	1.98580998022483	neutral	58291139
PD62047a	20	87623	64273492	1	1	M	0.62	1.98580998022483	neutral	64185870
PD62047a	21	9068512	46664392	1	1	M	0.62	1.98580998022483	neutral	37595881
PD62047a	22	16572142	50780662	1	1	M	0.62	1.98580998022483	neutral	34208521
PD62047a	X	284193	2320795	1	1	M	0.62	1.98580998022483	gain	2036603
PD62047a	X	2392422	155524613	1	0	M	0.62	1.98580998022483	neutral	153132192
PD62047a	X	155773979	155898177	3	0	M	0.62	1.98580998022483	gain	124199
PD62047a	X	155898234	156005413	2	0	M	0.62	1.98580998022483	gain	107180
PD62047g	1	69511	6445975	3	2	M	0.31	5.06199485884996	neutral	6376465
PD62047g	1	6448565	29236933	2	2	M	0.31	5.06199485884996	loss	22788369
PD62047g	1	29255199	33276533	5	2	M	0.31	5.06199485884996	gain	4021335
PD62047g	1	33280077	88815388	2	2	M	0.31	5.06199485884996	loss	55535312
PD62047g	1	88821923	121568263	3	2	M	0.31	5.06199485884996	neutral	32746341
PD62047g	1	143544307	150876501	9	4	M	0.31	5.06199485884996	gain	7332195
PD62047g	1	150876600	151018809	19	4	M	0.31	5.06199485884996	gain	142210
PD62047g	1	151024679	248918428	3	3	M	0.31	5.06199485884996	gain	97893750
PD62047g	2	41404	111873457	3	3	M	0.31	5.06199485884996	gain	111832054
PD62047g	2	111880784	242004549	3	2	M	0.31	5.06199485884996	neutral	130123766
PD62047g	3	197630	198038561	2	2	M	0.31	5.06199485884996	loss	197840932
PD62047g	4	85813	16025166	3	3	M	0.31	5.06199485884996	gain	15939354
PD62047g	4	16025360	190025891	2	2	M	0.31	5.06199485884996	loss	174000532
PD62047g	5	140238	34795876	3	2	M	0.31	5.06199485884996	neutral	34655639
PD62047g	5	34807823	181260906	2	2	M	0.31	5.06199485884996	loss	146453084
PD62047g	6	203397	30952574	3	2	M	0.31	5.06199485884996	neutral	30749178
PD62047g	6	30952978	31034839	5	4	M	0.31	5.06199485884996	gain	81862
PD62047g	6	31034965	38152284	4	2	M	0.31	5.06199485884996	gain	7117320
PD62047g	6	38174950	40433138	2	2	M	0.31	5.06199485884996	loss	2258189
PD62047g	6	41028420	41135247	14	2	M	0.31	5.06199485884996	gain	106828
PD62047g	6	41149744	44445925	24	2	M	0.31	5.06199485884996	gain	3296182
PD62047g	6	44446722	53294292	9	2	M	0.31	5.06199485884996	gain	8847571
PD62047g	6	53294435	170584376	3	2	M	0.31	5.06199485884996	neutral	117289942
PD62047g	7	193222	159233344	3	2	M	0.31	5.06199485884996	neutral	159040123
PD62047g	8	232977	145054093	3	3	M	0.31	5.06199485884996	gain	144821117
PD62047g	9	154795	42796064	3	0	M	0.31	5.06199485884996	loss	42641270
PD62047g	9	62801194	129824060	4	2	M	0.31	5.06199485884996	gain	67022867
PD62047g	9	129824137	136199645	3	2	M	0.31	5.06199485884996	neutral	6375509
PD62047g	9	136199675	136926148	6	2	M	0.31	5.06199485884996	gain	726474
PD62047g	9	136941106	138177317	10	2	M	0.31	5.06199485884996	gain	1236212
PD62047g	10	49134	17644176	3	2	M	0.31	5.06199485884996	neutral	17595043
PD62047g	10	17644235	121743921	3	3	M	0.31	5.06199485884996	gain	104099687
PD62047g	10	121790176	133625894	4	3	M	0.31	5.06199485884996	gain	11835719
PD62047g	11	197291	22860449	3	3	M	0.31	5.06199485884996	gain	22663159
PD62047g	11	22860520	62391538	3	0	M	0.31	5.06199485884996	loss	39531019
PD62047g	11	62392110	71565902	5	0	M	0.31	5.06199485884996	neutral	9173793
PD62047g	11	71565905	94479022	4	0	M	0.31	5.06199485884996	loss	22913118
PD62047g	11	94479791	118555347	2	0	M	0.31	5.06199485884996	loss	24075557
PD62047g	11	118557012	134986843	3	3	M	0.31	5.06199485884996	gain	16429832
PD62047g	12	66973	64418138	3	2	M	0.31	5.06199485884996	neutral	64351166
PD62047g	12	64420314	75041241	7	1	M	0.31	5.06199485884996	gain	10620928
PD62047g	12	75042218	133234349	3	1	M	0.31	5.06199485884996	loss	58192132
PD62047g	13	19026335	114325924	4	3	M	0.31	5.06199485884996	gain	95299590
PD62047g	14	19097460	33578216	3	3	M	0.31	5.06199485884996	gain	14480757
PD62047g	14	33578235	106874913	3	2	M	0.31	5.06199485884996	neutral	73296679
PD62047g	15	19964758	101849608	3	3	M	0.31	5.06199485884996	gain	81884851
PD62047g	16	47541	35448034	3	3	M	0.31	5.06199485884996	gain	35400494
PD62047g	16	46474402	88489056	3	2	M	0.31	5.06199485884996	neutral	42014655
PD62047g	16	88489094	90094866	3	3	M	0.31	5.06199485884996	gain	1605773
PD62047g	17	156162	8510062	4	0	M	0.31	5.06199485884996	loss	8353901
PD62047g	17	8513583	18240699	3	0	M	0.31	5.06199485884996	loss	9727117
PD62047g	17	18240783	43094766	3	1	M	0.31	5.06199485884996	loss	24853984
PD62047g	17	43097266	83135891	3	0	M	0.31	5.06199485884996	loss	40038626
PD62047g	18	120645	15006053	5	1	M	0.31	5.06199485884996	gain	14885409
PD62047g	18	20954783	43979465	4	1	M	0.31	5.06199485884996	neutral	23024683
PD62047g	18	43979494	80202756	2	1	M	0.31	5.06199485884996	loss	36223263
PD62047g	19	281383	6919613	2	2	M	0.31	5.06199485884996	loss	6638231
PD62047g	19	6919742	58572521	3	2	M	0.31	5.06199485884996	neutral	51652780
PD62047g	20	87623	64273492	3	3	M	0.31	5.06199485884996	gain	64185870
PD62047g	21	9068512	44654519	2	2	M	0.31	5.06199485884996	loss	35586008
PD62047g	21	44657895	44682100	5	4	M	0.31	5.06199485884996	gain	24206
PD62047g	21	44697638	46664392	2	2	M	0.31	5.06199485884996	loss	1966755
PD62047g	22	16572142	50780662	2	2	M	0.31	5.06199485884996	loss	34208521
PD62047g	X	284193	2782116	5	0	M	0.31	5.06199485884996	gain	2497924
PD62047g	X	2789667	155524613	3	0	M	0.31	5.06199485884996	gain	152734947
PD62047g	X	155773979	155898177	7	0	M	0.31	5.06199485884996	gain	124199
PD62047g	X	155898234	156005413	5	0	M	0.31	5.06199485884996	gain	107180
PD62047h	1	69511	88982940	2	2	M	0.56	5.31298509509957	loss	88913430
PD62047h	1	88983328	102890525	3	2	M	0.56	5.31298509509957	neutral	13907198
PD62047h	1	102890526	121568263	2	2	M	0.56	5.31298509509957	loss	18677738
PD62047h	1	143544307	150876600	15	3	M	0.56	5.31298509509957	gain	7332294
PD62047h	1	150926671	151018809	38	3	M	0.56	5.31298509509957	gain	92139
PD62047h	1	151024679	151170580	11	1	M	0.56	5.31298509509957	gain	145902
PD62047h	1	151170690	151369560	3	0	M	0.56	5.31298509509957	loss	198871
PD62047h	1	151369561	219973469	4	1	M	0.56	5.31298509509957	neutral	68603909
PD62047h	1	219978621	248918428	4	2	M	0.56	5.31298509509957	gain	28939808
PD62047h	2	41404	158121573	3	3	M	0.56	5.31298509509957	gain	158080170
PD62047h	2	158121666	242004549	3	1	M	0.56	5.31298509509957	loss	83882884
PD62047h	3	197630	75665307	2	2	M	0.56	5.31298509509957	loss	75467678
PD62047h	3	75665457	105532116	2	1	M	0.56	5.31298509509957	loss	29866660
PD62047h	3	105533533	198038561	3	2	M	0.56	5.31298509509957	neutral	92505029
PD62047h	4	85813	57025316	3	2	M	0.56	5.31298509509957	neutral	56939504
PD62047h	4	57031297	154255638	3	1	M	0.56	5.31298509509957	loss	97224342
PD62047h	4	154259701	163613311	3	0	M	0.56	5.31298509509957	loss	9353611
PD62047h	4	163700877	190025891	3	1	M	0.56	5.31298509509957	loss	26325015
PD62047h	5	140238	68198275	3	2	M	0.56	5.31298509509957	neutral	68058038
PD62047h	5	68198297	69320383	2	1	M	0.56	5.31298509509957	loss	1122087
PD62047h	5	69320398	113549055	3	1	M	0.56	5.31298509509957	loss	44228658
PD62047h	5	113553178	139822778	4	1	M	0.56	5.31298509509957	neutral	26269601
PD62047h	5	139822784	141991890	4	2	M	0.56	5.31298509509957	gain	2169107
PD62047h	5	141991958	149817603	3	1	M	0.56	5.31298509509957	loss	7825646
PD62047h	5	149817614	156329486	3	3	M	0.56	5.31298509509957	gain	6511873
PD62047h	5	156329598	181260906	3	1	M	0.56	5.31298509509957	loss	24931309
PD62047h	6	203397	17102365	2	2	M	0.56	5.31298509509957	loss	16898969
PD62047h	6	17102369	30926106	3	2	M	0.56	5.31298509509957	neutral	13823738
PD62047h	6	30926164	31112322	4	3	M	0.56	5.31298509509957	gain	186159
PD62047h	6	31112326	40433138	3	2	M	0.56	5.31298509509957	neutral	9320813
PD62047h	6	41028420	41135247	17	2	M	0.56	5.31298509509957	gain	106828
PD62047h	6	41149744	44445925	34	2	M	0.56	5.31298509509957	gain	3296182
PD62047h	6	44446722	47902045	17	2	M	0.56	5.31298509509957	gain	3455324
PD62047h	6	48008625	49515585	9	1	M	0.56	5.31298509509957	gain	1506961
PD62047h	6	49515604	53655241	8	2	M	0.56	5.31298509509957	gain	4139638
PD62047h	6	53655290	170584376	3	2	M	0.56	5.31298509509957	neutral	116929087
PD62047h	7	193222	57470007	5	2	M	0.56	5.31298509509957	gain	57276786
PD62047h	7	63449933	94409654	3	3	M	0.56	5.31298509509957	gain	30959722
PD62047h	7	94409720	100949778	3	2	M	0.56	5.31298509509957	neutral	6540059
PD62047h	7	100951800	100958977	5	3	M	0.56	5.31298509509957	gain	7178
PD62047h	7	100958998	143478061	3	2	M	0.56	5.31298509509957	neutral	42519064
PD62047h	7	143478252	148784167	5	2	M	0.56	5.31298509509957	gain	5305916
PD62047h	7	148786668	151519401	3	2	M	0.56	5.31298509509957	neutral	2732734
PD62047h	7	151557074	156675685	4	2	M	0.56	5.31298509509957	gain	5118612
PD62047h	7	156675781	159233344	3	2	M	0.56	5.31298509509957	neutral	2557564
PD62047h	8	232977	145054093	4	2	M	0.56	5.31298509509957	gain	144821117
PD62047h	9	154795	26116152	3	0	M	0.56	5.31298509509957	loss	25961358
PD62047h	9	26116159	32526008	4	0	M	0.56	5.31298509509957	loss	6409850
PD62047h	9	32526148	33026574	3	0	M	0.56	5.31298509509957	loss	500427
PD62047h	9	33026619	33166664	6	0	M	0.56	5.31298509509957	gain	140046
PD62047h	9	33166719	42796064	5	0	M	0.56	5.31298509509957	neutral	9629346
PD62047h	9	62801194	114668265	6	1	M	0.56	5.31298509509957	gain	51867072
PD62047h	9	114668331	129824060	5	2	M	0.56	5.31298509509957	gain	15155730
PD62047h	9	129824137	130114731	4	1	M	0.56	5.31298509509957	neutral	290595
PD62047h	9	130124791	136050102	2	2	M	0.56	5.31298509509957	loss	5925312
PD62047h	9	136050504	136926148	7	2	M	0.56	5.31298509509957	gain	875645
PD62047h	9	136941106	138177317	13	2	M	0.56	5.31298509509957	gain	1236212
PD62047h	10	49134	32804981	3	2	M	0.56	5.31298509509957	neutral	32755848
PD62047h	10	32814238	116271917	4	2	M	0.56	5.31298509509957	gain	83457680
PD62047h	10	116324956	133625894	5	2	M	0.56	5.31298509509957	gain	17300939
PD62047h	11	197291	12204482	4	2	M	0.56	5.31298509509957	gain	12007192
PD62047h	11	12207890	22859456	7	2	M	0.56	5.31298509509957	gain	10651567
PD62047h	11	22859524	30012217	8	0	M	0.56	5.31298509509957	gain	7152694
PD62047h	11	30012286	34957515	6	0	M	0.56	5.31298509509957	gain	4945230
PD62047h	11	34957548	36659215	11	0	M	0.56	5.31298509509957	gain	1701668
PD62047h	11	40114613	47278878	4	0	M	0.56	5.31298509509957	loss	7164266
PD62047h	11	47278908	61957602	3	0	M	0.56	5.31298509509957	loss	14678695
PD62047h	11	61958420	61959481	5	0	M	0.56	5.31298509509957	neutral	1062
PD62047h	11	61959657	62128069	3	0	M	0.56	5.31298509509957	loss	168413
PD62047h	11	62128166	78863083	6	0	M	0.56	5.31298509509957	gain	16734918
PD62047h	11	78891379	82850530	4	0	M	0.56	5.31298509509957	loss	3959152
PD62047h	11	82853252	104038064	5	0	M	0.56	5.31298509509957	neutral	21184813
PD62047h	11	104886708	104968537	3	0	M	0.56	5.31298509509957	loss	81830
PD62047h	11	104968627	118555184	2	0	M	0.56	5.31298509509957	loss	13586558
PD62047h	11	118555347	134986843	2	2	M	0.56	5.31298509509957	loss	16431497
PD62047h	12	66973	64414830	4	2	M	0.56	5.31298509509957	gain	64347858
PD62047h	12	64414909	72663088	11	2	M	0.56	5.31298509509957	gain	8248180
PD62047h	12	74538379	85980339	2	0	M	0.56	5.31298509509957	loss	11441961
PD62047h	12	87783761	96817623	2	2	M	0.56	5.31298509509957	loss	9033863
PD62047h	12	96817624	107092791	2	1	M	0.56	5.31298509509957	loss	10275168
PD62047h	12	107319103	133234349	2	2	M	0.56	5.31298509509957	loss	25915247
PD62047h	13	19026335	114325924	6	2	M	0.56	5.31298509509957	gain	95299590
PD62047h	14	19097460	34524849	4	3	M	0.56	5.31298509509957	gain	15427390
PD62047h	14	34529510	68611094	4	2	M	0.56	5.31298509509957	gain	34081585
PD62047h	14	68650646	106874913	3	2	M	0.56	5.31298509509957	neutral	38224268
PD62047h	15	19964758	40812619	3	0	M	0.56	5.31298509509957	loss	20847862
PD62047h	15	40812676	101849608	3	1	M	0.56	5.31298509509957	loss	61036933
PD62047h	16	47541	16198114	3	3	M	0.56	5.31298509509957	gain	16150574
PD62047h	16	16198126	21351964	4	3	M	0.56	5.31298509509957	gain	5153839
PD62047h	16	21351972	35448034	4	2	M	0.56	5.31298509509957	gain	14096063
PD62047h	16	46474402	83486744	4	1	M	0.56	5.31298509509957	neutral	37012343
PD62047h	16	83508385	90094866	4	2	M	0.56	5.31298509509957	gain	6586482
PD62047h	17	156162	3546643	5	0	M	0.56	5.31298509509957	neutral	3390482
PD62047h	17	3546713	3763854	8	0	M	0.56	5.31298509509957	gain	217142
PD62047h	17	3784239	8569864	4	0	M	0.56	5.31298509509957	loss	4785626
PD62047h	17	8576523	14770359	2	0	M	0.56	5.31298509509957	loss	6193837
PD62047h	17	14779967	27301794	3	0	M	0.56	5.31298509509957	loss	12521828
PD62047h	17	27303362	39635641	4	0	M	0.56	5.31298509509957	loss	12332280
PD62047h	17	39653708	39673428	4	3	M	0.56	5.31298509509957	gain	19721
PD62047h	17	39673525	41250222	6	4	M	0.56	5.31298509509957	gain	1576698
PD62047h	17	41250240	41955286	10	6	M	0.56	5.31298509509957	gain	705047
PD62047h	17	41961467	83135891	4	0	M	0.56	5.31298509509957	loss	41174425
PD62047h	18	120645	15006053	6	0	M	0.56	5.31298509509957	gain	14885409
PD62047h	18	20954783	32310129	4	0	M	0.56	5.31298509509957	loss	11355347
PD62047h	18	32310334	50819856	3	0	M	0.56	5.31298509509957	loss	18509523
PD62047h	18	50819911	70325262	2	0	M	0.56	5.31298509509957	loss	19505352
PD62047h	18	70325418	80202756	2	1	M	0.56	5.31298509509957	loss	9877339
PD62047h	19	281383	6689331	3	1	M	0.56	5.31298509509957	loss	6407949
PD62047h	19	6689335	9126946	3	3	M	0.56	5.31298509509957	gain	2437612
PD62047h	19	9127033	12249862	3	2	M	0.56	5.31298509509957	neutral	3122830
PD62047h	19	12250690	16763713	4	2	M	0.56	5.31298509509957	gain	4513024
PD62047h	19	16763861	20946439	3	2	M	0.56	5.31298509509957	neutral	4182579
PD62047h	19	20948754	46738402	4	2	M	0.56	5.31298509509957	gain	25789649
PD62047h	19	46738711	48140104	6	2	M	0.56	5.31298509509957	gain	1401394
PD62047h	19	48143480	58572521	3	2	M	0.56	5.31298509509957	neutral	10429042
PD62047h	20	87623	64273492	4	3	M	0.56	5.31298509509957	gain	64185870
PD62047h	21	9068512	33579367	4	1	M	0.56	5.31298509509957	neutral	24510856
PD62047h	21	33579447	46664392	3	1	M	0.56	5.31298509509957	loss	13084946
PD62047h	22	16572142	50780662	2	2	M	0.56	5.31298509509957	loss	34208521
PD62047h	X	284193	2752241	6	0	M	0.56	5.31298509509957	gain	2468049
PD62047h	X	2770446	2782116	7	0	M	0.56	5.31298509509957	gain	11671
PD62047h	X	2789667	57909698	4	0	M	0.56	5.31298509509957	gain	55120032
PD62047h	X	63674017	155524613	3	0	M	0.56	5.31298509509957	gain	91850597
PD62047h	X	155773979	155898177	5	0	M	0.56	5.31298509509957	gain	124199
PD62047h	X	155898234	156005413	4	0	M	0.56	5.31298509509957	gain	107180
PD62048a	1	826681	121568263	2	2	M	0.29	4.33847537575281	neutral	120741583
PD62048a	1	143544307	152219638	2	1	M	0.29	4.33847537575281	loss	8675332
PD62048a	1	152219687	152313912	4	3	M	0.29	4.33847537575281	gain	94226
PD62048a	1	152314116	248918428	2	2	M	0.29	4.33847537575281	neutral	96604313
PD62048a	2	41404	88860760	2	2	M	0.29	4.33847537575281	neutral	88819357
PD62048a	2	88860766	88860925	0	0	M	0.29	4.33847537575281	loss	160
PD62048a	2	88860929	233462705	2	2	M	0.29	4.33847537575281	neutral	144601777
PD62048a	2	233464036	242004549	3	2	M	0.29	4.33847537575281	gain	8540514
PD62048a	3	197664	198038561	2	2	M	0.29	4.33847537575281	neutral	197840898
PD62048a	4	85813	190025891	2	2	M	0.29	4.33847537575281	neutral	189940079
PD62048a	5	140238	72115845	2	2	M	0.29	4.33847537575281	neutral	71975608
PD62048a	5	72116309	140705696	4	0	M	0.29	4.33847537575281	neutral	68589388
PD62048a	5	140786397	141524359	6	1	M	0.29	4.33847537575281	gain	737963
PD62048a	5	141526200	181260906	4	0	M	0.29	4.33847537575281	neutral	39734707
PD62048a	6	203397	26017718	2	2	M	0.29	4.33847537575281	neutral	25814322
PD62048a	6	26017776	27247827	1	1	M	0.29	4.33847537575281	loss	1230052
PD62048a	6	27247846	29829919	2	1	M	0.29	4.33847537575281	loss	2582074
PD62048a	6	29830174	29887956	2	2	M	0.29	4.33847537575281	neutral	57783
PD62048a	6	29888041	33593298	1	1	M	0.29	4.33847537575281	loss	3705258
PD62048a	6	33593310	170584567	2	2	M	0.29	4.33847537575281	neutral	136991258
PD62048a	7	193222	159233344	3	3	M	0.29	4.33847537575281	gain	159040123
PD62048a	8	232977	135548894	2	2	M	0.29	4.33847537575281	neutral	135315918
PD62048a	8	135548910	143158897	3	2	M	0.29	4.33847537575281	gain	7609988
PD62048a	8	143213279	145054093	2	2	M	0.29	4.33847537575281	neutral	1840815
PD62048a	9	154795	138177328	2	2	M	0.29	4.33847537575281	neutral	138022534
PD62048a	10	49134	133625894	2	2	M	0.29	4.33847537575281	neutral	133576761
PD62048a	11	197291	619022	2	1	M	0.29	4.33847537575281	loss	421732
PD62048a	11	619322	62535911	2	2	M	0.29	4.33847537575281	neutral	61916590
PD62048a	11	62536036	62567040	1	1	M	0.29	4.33847537575281	loss	31005
PD62048a	11	62567436	67663729	2	1	M	0.29	4.33847537575281	loss	5096294
PD62048a	11	67663853	134986843	2	2	M	0.29	4.33847537575281	neutral	67322991
PD62048a	12	66973	7143276	3	2	M	0.29	4.33847537575281	gain	7076304
PD62048a	12	7143332	7210243	5	4	M	0.29	4.33847537575281	gain	66912
PD62048a	12	7210298	52171414	3	3	M	0.29	4.33847537575281	gain	44961117
PD62048a	12	52171423	52426931	5	4	M	0.29	4.33847537575281	gain	255509
PD62048a	12	52428344	52518533	6	5	M	0.29	4.33847537575281	gain	90190
PD62048a	12	52518569	123942759	3	3	M	0.29	4.33847537575281	gain	71424191
PD62048a	12	123942977	133234349	4	3	M	0.29	4.33847537575281	gain	9291373
PD62048a	13	19026300	114325924	2	2	M	0.29	4.33847537575281	neutral	95299625
PD62048a	14	19097559	22007908	2	2	M	0.29	4.33847537575281	neutral	2910350
PD62048a	14	22008143	22503858	4	3	M	0.29	4.33847537575281	gain	495716
PD62048a	14	22504978	22589224	1	0	M	0.29	4.33847537575281	loss	84247
PD62048a	14	22598133	95668252	2	2	M	0.29	4.33847537575281	neutral	73070120
PD62048a	14	95668347	106874913	3	2	M	0.29	4.33847537575281	gain	11206567
PD62048a	15	19964758	34087875	3	2	M	0.29	4.33847537575281	gain	14123118
PD62048a	15	34087961	101849608	2	2	M	0.29	4.33847537575281	neutral	67761648
PD62048a	16	47541	27219012	3	3	M	0.29	4.33847537575281	gain	27171472
PD62048a	16	27220351	35448034	3	2	M	0.29	4.33847537575281	gain	8227684
PD62048a	16	46474402	90094866	4	2	M	0.29	4.33847537575281	gain	43620465
PD62048a	17	156162	4786454	2	2	M	0.29	4.33847537575281	neutral	4630293
PD62048a	17	4789264	8254318	2	1	M	0.29	4.33847537575281	loss	3465055
PD62048a	17	8254955	63524223	2	2	M	0.29	4.33847537575281	neutral	55269269
PD62048a	17	63524227	63538184	4	3	M	0.29	4.33847537575281	gain	13958
PD62048a	17	63538378	77307020	2	2	M	0.29	4.33847537575281	neutral	13768643
PD62048a	17	77307076	83135891	4	0	M	0.29	4.33847537575281	neutral	5828816
PD62048a	18	120645	80202756	2	2	M	0.29	4.33847537575281	neutral	80082112
PD62048a	19	281376	39314206	2	2	M	0.29	4.33847537575281	neutral	39032831
PD62048a	19	39314548	39406790	1	1	M	0.29	4.33847537575281	loss	92243
PD62048a	19	39406801	42589382	2	1	M	0.29	4.33847537575281	loss	3182582
PD62048a	19	42589566	42839272	4	3	M	0.29	4.33847537575281	gain	249707
PD62048a	19	42844406	58572521	2	2	M	0.29	4.33847537575281	neutral	15728116
PD62048a	20	87623	64273629	3	3	M	0.29	4.33847537575281	gain	64186007
PD62048a	21	9068512	46664392	2	2	M	0.29	4.33847537575281	neutral	37595881
PD62048a	22	16572142	50780662	2	2	M	0.29	4.33847537575281	neutral	34208521
PD62048a	X	284193	2752241	5	0	M	0.29	4.33847537575281	gain	2468049
PD62048a	X	2770446	2781986	6	0	M	0.29	4.33847537575281	gain	11541
PD62048a	X	2782048	155277884	4	0	M	0.29	4.33847537575281	gain	152495837
PD62048a	X	155277985	155898234	8	0	M	0.29	4.33847537575281	gain	620250
PD62048a	X	155900534	156005528	5	0	M	0.29	4.33847537575281	gain	104995
PD62048c	1	826681	121568263	2	2	M	0.36	4.32224343058402	neutral	120741583
PD62048c	1	143544307	152219638	2	1	M	0.36	4.32224343058402	loss	8675332
PD62048c	1	152219687	152313912	3	3	M	0.36	4.32224343058402	gain	94226
PD62048c	1	152314116	224433959	2	2	M	0.36	4.32224343058402	neutral	72119844
PD62048c	1	224617410	225307613	3	3	M	0.36	4.32224343058402	gain	690204
PD62048c	1	225318516	248918428	2	2	M	0.36	4.32224343058402	neutral	23599913
PD62048c	2	41404	242004549	2	2	M	0.36	4.32224343058402	neutral	241963146
PD62048c	3	197664	198038561	2	2	M	0.36	4.32224343058402	neutral	197840898
PD62048c	4	85813	190025891	2	2	M	0.36	4.32224343058402	neutral	189940079
PD62048c	5	140238	72116544	2	2	M	0.36	4.32224343058402	neutral	71976307
PD62048c	5	72116546	140786397	4	0	M	0.36	4.32224343058402	neutral	68669852
PD62048c	5	140786647	141526582	6	0	M	0.36	4.32224343058402	gain	739936
PD62048c	5	141527508	181260906	4	0	M	0.36	4.32224343058402	neutral	39733399
PD62048c	6	203397	26017718	2	2	M	0.36	4.32224343058402	neutral	25814322
PD62048c	6	26017776	27248182	1	1	M	0.36	4.32224343058402	loss	1230407
PD62048c	6	27248709	33441033	2	1	M	0.36	4.32224343058402	loss	6192325
PD62048c	6	33441103	170584567	2	2	M	0.36	4.32224343058402	neutral	137143465
PD62048c	7	193222	101032095	3	3	M	0.36	4.32224343058402	gain	100838874
PD62048c	7	101032231	101047808	8	3	M	0.36	4.32224343058402	gain	15578
PD62048c	7	101047900	159233344	3	3	M	0.36	4.32224343058402	gain	58185445
PD62048c	8	232977	145054093	2	2	M	0.36	4.32224343058402	neutral	144821117
PD62048c	9	154795	138177328	2	2	M	0.36	4.32224343058402	neutral	138022534
PD62048c	10	49134	133625894	2	2	M	0.36	4.32224343058402	neutral	133576761
PD62048c	11	197291	62566797	2	2	M	0.36	4.32224343058402	neutral	62369507
PD62048c	11	62567040	68043010	2	1	M	0.36	4.32224343058402	loss	5475971
PD62048c	11	68043093	134986843	2	2	M	0.36	4.32224343058402	neutral	66943751
PD62048c	12	66973	52570922	3	3	M	0.36	4.32224343058402	gain	52503950
PD62048c	12	52570934	62508556	3	2	M	0.36	4.32224343058402	gain	9937623
PD62048c	12	62525260	133234349	3	3	M	0.36	4.32224343058402	gain	70709090
PD62048c	13	19026300	114325924	2	2	M	0.36	4.32224343058402	neutral	95299625
PD62048c	14	19097559	22086899	2	2	M	0.36	4.32224343058402	neutral	2989341
PD62048c	14	22096106	22422465	4	4	M	0.36	4.32224343058402	gain	326360
PD62048c	14	22422581	22516408	3	3	M	0.36	4.32224343058402	gain	93828
PD62048c	14	22518497	22589224	1	0	M	0.36	4.32224343058402	loss	70728
PD62048c	14	22598133	106874913	2	2	M	0.36	4.32224343058402	neutral	84276781
PD62048c	15	19964758	101849608	2	2	M	0.36	4.32224343058402	neutral	81884851
PD62048c	16	47541	35448034	3	3	M	0.36	4.32224343058402	gain	35400494
PD62048c	16	46474402	88428941	4	2	M	0.36	4.32224343058402	gain	41954540
PD62048c	16	88428959	90094866	3	3	M	0.36	4.32224343058402	gain	1665908
PD62048c	17	156162	8263180	2	1	M	0.36	4.32224343058402	loss	8107019
PD62048c	17	8263300	77281630	2	2	M	0.36	4.32224343058402	neutral	69018331
PD62048c	17	77281643	83135891	4	0	M	0.36	4.32224343058402	neutral	5854249
PD62048c	18	120645	80202756	2	2	M	0.36	4.32224343058402	neutral	80082112
PD62048c	19	281376	58572521	2	2	M	0.36	4.32224343058402	neutral	58291146
PD62048c	20	87623	64273629	3	3	M	0.36	4.32224343058402	gain	64186007
PD62048c	21	9068512	46664392	2	2	M	0.36	4.32224343058402	neutral	37595881
PD62048c	22	16572142	50780662	2	2	M	0.36	4.32224343058402	neutral	34208521
PD62048c	X	284193	2781927	5	0	M	0.36	4.32224343058402	gain	2497735
PD62048c	X	2781986	155545046	4	0	M	0.36	4.32224343058402	gain	152763061
PD62048c	X	155773979	155898234	6	0	M	0.36	4.32224343058402	gain	124256
PD62048c	X	155900534	156005528	7	0	M	0.36	4.32224343058402	gain	104995
PD62049a	1	826681	32162317	1	0	F	0.76	1.7686886400718	loss	31335637
PD62049a	1	32163185	32192472	2	0	F	0.76	1.7686886400718	neutral	29288
PD62049a	1	32193068	32485036	1	0	F	0.76	1.7686886400718	loss	291969
PD62049a	1	32485075	36140001	1	1	F	0.76	1.7686886400718	neutral	3654927
PD62049a	1	36149144	36176548	1	0	F	0.76	1.7686886400718	loss	27405
PD62049a	1	36176573	36179048	1	1	F	0.76	1.7686886400718	neutral	2476
PD62049a	1	36179182	36880731	1	0	F	0.76	1.7686886400718	loss	701550
PD62049a	1	36880827	37832349	1	1	F	0.76	1.7686886400718	neutral	951523
PD62049a	1	37834818	38839537	1	0	F	0.76	1.7686886400718	loss	1004720
PD62049a	1	38839731	39853824	1	1	F	0.76	1.7686886400718	neutral	1014094
PD62049a	1	39853915	40301754	2	1	F	0.76	1.7686886400718	gain	447840
PD62049a	1	40301803	40457347	3	0	F	0.76	1.7686886400718	gain	155545
PD62049a	1	40457461	46696576	1	1	F	0.76	1.7686886400718	neutral	6239116
PD62049a	1	46716233	74706254	1	0	F	0.76	1.7686886400718	loss	27990022
PD62049a	1	74706317	75137116	2	0	F	0.76	1.7686886400718	neutral	430800
PD62049a	1	75137202	78937798	1	0	F	0.76	1.7686886400718	loss	3800597
PD62049a	1	78938065	114622956	1	1	F	0.76	1.7686886400718	neutral	35684892
PD62049a	1	114623648	114677811	1	0	F	0.76	1.7686886400718	loss	54164
PD62049a	1	114677902	152155724	1	1	F	0.76	1.7686886400718	neutral	37477823
PD62049a	1	152155736	153299209	1	0	F	0.76	1.7686886400718	loss	1143474
PD62049a	1	153299237	155957961	1	1	F	0.76	1.7686886400718	neutral	2658725
PD62049a	1	155958282	156176878	2	2	F	0.76	1.7686886400718	gain	218597
PD62049a	1	156176898	182385957	1	1	F	0.76	1.7686886400718	neutral	26209060
PD62049a	1	182386469	182672891	1	0	F	0.76	1.7686886400718	loss	286423
PD62049a	1	182794332	196340393	1	1	F	0.76	1.7686886400718	neutral	13546062
PD62049a	1	196340570	196984036	1	0	F	0.76	1.7686886400718	loss	643467
PD62049a	1	196984037	203150765	1	1	F	0.76	1.7686886400718	neutral	6166729
PD62049a	1	203165113	248918428	1	0	F	0.76	1.7686886400718	loss	45753316
PD62049a	2	41393	11458429	1	1	F	0.76	1.7686886400718	neutral	11417037
PD62049a	2	11465675	11591320	1	0	F	0.76	1.7686886400718	loss	125646
PD62049a	2	11591384	20685710	1	1	F	0.76	1.7686886400718	neutral	9094327
PD62049a	2	20686946	21029501	1	0	F	0.76	1.7686886400718	loss	342556
PD62049a	2	21029505	88691804	1	1	F	0.76	1.7686886400718	neutral	67662300
PD62049a	2	88692002	88861407	2	1	F	0.76	1.7686886400718	gain	169406
PD62049a	2	88861410	151617491	1	1	F	0.76	1.7686886400718	neutral	62756082
PD62049a	2	151618263	151973691	1	0	F	0.76	1.7686886400718	loss	355429
PD62049a	2	152098471	166047815	1	1	F	0.76	1.7686886400718	neutral	13949345
PD62049a	2	166047836	166444849	1	0	F	0.76	1.7686886400718	loss	397014
PD62049a	2	166444976	169128854	1	1	F	0.76	1.7686886400718	neutral	2683879
PD62049a	2	169128868	169233629	1	0	F	0.76	1.7686886400718	loss	104762
PD62049a	2	169235885	173266333	1	1	F	0.76	1.7686886400718	neutral	4030449
PD62049a	2	173266394	174453862	2	1	F	0.76	1.7686886400718	gain	1187469
PD62049a	2	174459987	174468904	1	0	F	0.76	1.7686886400718	loss	8918
PD62049a	2	174469004	174585641	2	0	F	0.76	1.7686886400718	neutral	116638
PD62049a	2	174585713	175114956	1	0	F	0.76	1.7686886400718	loss	529244
PD62049a	2	175118152	175995609	2	1	F	0.76	1.7686886400718	gain	877458
PD62049a	2	175995662	178619624	1	1	F	0.76	1.7686886400718	neutral	2623963
PD62049a	2	178619737	178722403	1	0	F	0.76	1.7686886400718	loss	102667
PD62049a	2	178722614	192179643	1	1	F	0.76	1.7686886400718	neutral	13457030
PD62049a	2	192184295	196225887	2	1	F	0.76	1.7686886400718	gain	4041593
PD62049a	2	196225928	215361656	1	1	F	0.76	1.7686886400718	neutral	19135729
PD62049a	2	215361670	218165284	1	0	F	0.76	1.7686886400718	loss	2803615
PD62049a	2	218217396	242004549	1	1	F	0.76	1.7686886400718	neutral	23787154
PD62049a	3	197664	13819460	1	1	F	0.76	1.7686886400718	neutral	13621797
PD62049a	3	13854384	14064052	1	0	F	0.76	1.7686886400718	loss	209669
PD62049a	3	14064107	63846287	1	1	F	0.76	1.7686886400718	neutral	49782181
PD62049a	3	63912590	64198922	2	1	F	0.76	1.7686886400718	gain	286333
PD62049a	3	64198990	64594459	1	0	F	0.76	1.7686886400718	loss	395470
PD62049a	3	64594493	107928023	1	1	F	0.76	1.7686886400718	neutral	43333531
PD62049a	3	107928048	111953978	2	1	F	0.76	1.7686886400718	gain	4025931
PD62049a	3	111954014	112063511	1	1	F	0.76	1.7686886400718	neutral	109498
PD62049a	3	112063529	112581359	2	1	F	0.76	1.7686886400718	gain	517831
PD62049a	3	112582825	130718421	1	1	F	0.76	1.7686886400718	neutral	18135597
PD62049a	3	130723382	130930533	2	1	F	0.76	1.7686886400718	gain	207152
PD62049a	3	130932156	138024666	1	1	F	0.76	1.7686886400718	neutral	7092511
PD62049a	3	138029676	138304899	1	0	F	0.76	1.7686886400718	loss	275224
PD62049a	3	138304942	150686355	1	1	F	0.76	1.7686886400718	neutral	12381414
PD62049a	3	150698871	150883757	2	1	F	0.76	1.7686886400718	gain	184887
PD62049a	3	150885296	151881605	1	0	F	0.76	1.7686886400718	loss	996310
PD62049a	3	152268473	169381221	1	1	F	0.76	1.7686886400718	neutral	17112749
PD62049a	3	169381262	169969439	2	2	F	0.76	1.7686886400718	gain	588178
PD62049a	3	169969448	170392359	2	1	F	0.76	1.7686886400718	gain	422912
PD62049a	3	170419356	170708171	1	0	F	0.76	1.7686886400718	loss	288816
PD62049a	3	170708176	198038561	1	1	F	0.76	1.7686886400718	neutral	27330386
PD62049a	4	85813	190025891	1	0	F	0.76	1.7686886400718	loss	189940079
PD62049a	5	140238	45695833	1	0	F	0.76	1.7686886400718	loss	45555596
PD62049a	5	45695893	50402346	3	0	F	0.76	1.7686886400718	gain	4706454
PD62049a	5	50402392	65452083	1	0	F	0.76	1.7686886400718	loss	15049692
PD62049a	5	65452291	65518478	0	0	F	0.76	1.7686886400718	loss	66188
PD62049a	5	65521464	139682814	1	0	F	0.76	1.7686886400718	loss	74161351
PD62049a	5	139809425	140042647	0	0	F	0.76	1.7686886400718	loss	233223
PD62049a	5	140043017	148088674	1	0	F	0.76	1.7686886400718	loss	8045658
PD62049a	5	148089051	148171005	2	0	F	0.76	1.7686886400718	neutral	81955
PD62049a	5	148171155	181260906	1	0	F	0.76	1.7686886400718	loss	33089752
PD62049a	6	203397	72398175	1	1	F	0.76	1.7686886400718	neutral	72194779
PD62049a	6	72398457	73241666	1	0	F	0.76	1.7686886400718	loss	843210
PD62049a	6	73242380	109254727	1	1	F	0.76	1.7686886400718	neutral	36012348
PD62049a	6	109255492	109447365	2	1	F	0.76	1.7686886400718	gain	191874
PD62049a	6	109447510	119307033	1	1	F	0.76	1.7686886400718	neutral	9859524
PD62049a	6	119331821	123259763	2	1	F	0.76	1.7686886400718	gain	3927943
PD62049a	6	123259788	132770207	1	1	F	0.76	1.7686886400718	neutral	9510420
PD62049a	6	132770376	135852041	2	1	F	0.76	1.7686886400718	gain	3081666
PD62049a	6	135947599	136191883	1	0	F	0.76	1.7686886400718	loss	244285
PD62049a	6	136231415	136720695	2	2	F	0.76	1.7686886400718	gain	489281
PD62049a	6	136791603	138696678	2	1	F	0.76	1.7686886400718	gain	1905076
PD62049a	6	138696695	151430277	1	1	F	0.76	1.7686886400718	neutral	12733583
PD62049a	6	151433138	152472277	1	0	F	0.76	1.7686886400718	loss	1039140
PD62049a	6	152472437	170584376	1	1	F	0.76	1.7686886400718	neutral	18111940
PD62049a	7	193222	4245850	1	1	F	0.76	1.7686886400718	neutral	4052629
PD62049a	7	4245890	4268834	1	0	F	0.76	1.7686886400718	loss	22945
PD62049a	7	4451184	100960738	1	1	F	0.76	1.7686886400718	neutral	96509555
PD62049a	7	100960786	101017732	2	1	F	0.76	1.7686886400718	gain	56947
PD62049a	7	101018507	138597145	1	1	F	0.76	1.7686886400718	neutral	37578639
PD62049a	7	138597161	138868191	1	0	F	0.76	1.7686886400718	loss	271031
PD62049a	7	138869597	159233344	1	1	F	0.76	1.7686886400718	neutral	20363748
PD62049a	8	232977	115623501	1	1	F	0.76	1.7686886400718	neutral	115390525
PD62049a	8	115623715	145054093	2	1	F	0.76	1.7686886400718	gain	29430379
PD62049a	9	154795	8636909	2	1	F	0.76	1.7686886400718	gain	8482115
PD62049a	9	8733833	18889585	1	0	F	0.76	1.7686886400718	loss	10155753
PD62049a	9	18889760	19033060	0	0	F	0.76	1.7686886400718	loss	143301
PD62049a	9	19049598	42796064	1	0	F	0.76	1.7686886400718	loss	23746467
PD62049a	9	62801194	122567961	1	1	F	0.76	1.7686886400718	neutral	59766768
PD62049a	9	122568046	122801177	1	0	F	0.76	1.7686886400718	loss	233132
PD62049a	9	122820187	133515673	1	1	F	0.76	1.7686886400718	neutral	10695487
PD62049a	9	133518786	134824477	1	0	F	0.76	1.7686886400718	loss	1305692
PD62049a	9	134824540	138177328	1	1	F	0.76	1.7686886400718	neutral	3352789
PD62049a	10	49092	89738561	1	1	F	0.76	1.7686886400718	neutral	89689470
PD62049a	10	89738869	89762848	2	1	F	0.76	1.7686886400718	gain	23980
PD62049a	10	89762896	93374784	1	1	F	0.76	1.7686886400718	neutral	3611889
PD62049a	10	93374832	93600623	2	1	F	0.76	1.7686886400718	gain	225792
PD62049a	10	93600639	113877007	1	1	F	0.76	1.7686886400718	neutral	20276369
PD62049a	10	113877028	114285997	2	1	F	0.76	1.7686886400718	gain	408970
PD62049a	10	114286036	133625894	1	1	F	0.76	1.7686886400718	neutral	19339859
PD62049a	11	197291	1082278	1	1	F	0.76	1.7686886400718	neutral	884988
PD62049a	11	1082293	1110612	2	1	F	0.76	1.7686886400718	gain	28320
PD62049a	11	1157890	59212828	1	1	F	0.76	1.7686886400718	neutral	58054939
PD62049a	11	59212905	59593752	1	0	F	0.76	1.7686886400718	loss	380848
PD62049a	11	59594000	59859331	2	1	F	0.76	1.7686886400718	gain	265332
PD62049a	11	59861633	64651667	1	1	F	0.76	1.7686886400718	neutral	4790035
PD62049a	11	64651745	66276197	1	0	F	0.76	1.7686886400718	loss	1624453
PD62049a	11	66276248	114312211	1	1	F	0.76	1.7686886400718	neutral	48035964
PD62049a	11	114391735	114698665	2	2	F	0.76	1.7686886400718	gain	306931
PD62049a	11	114698723	121629437	1	1	F	0.76	1.7686886400718	neutral	6930715
PD62049a	11	122099650	122656058	1	0	F	0.76	1.7686886400718	loss	556409
PD62049a	11	122656113	134986843	1	1	F	0.76	1.7686886400718	neutral	12330731
PD62049a	12	66973	7479799	1	1	F	0.76	1.7686886400718	neutral	7412827
PD62049a	12	7479937	7487109	1	0	F	0.76	1.7686886400718	loss	7173
PD62049a	12	7487483	7770124	1	1	F	0.76	1.7686886400718	neutral	282642
PD62049a	12	7774015	9304266	1	0	F	0.76	1.7686886400718	loss	1530252
PD62049a	12	9309930	80539955	1	1	F	0.76	1.7686886400718	neutral	71230026
PD62049a	12	80541521	80841923	1	0	F	0.76	1.7686886400718	loss	300403
PD62049a	12	80845694	133234349	1	1	F	0.76	1.7686886400718	neutral	52388656
PD62049a	13	19026300	114325924	1	1	F	0.76	1.7686886400718	neutral	95299625
PD62049a	14	19733402	93332805	1	1	F	0.76	1.7686886400718	neutral	73599404
PD62049a	14	93332875	94768909	1	0	F	0.76	1.7686886400718	loss	1436035
PD62049a	14	94769021	106874913	1	1	F	0.76	1.7686886400718	neutral	12105893
PD62049a	15	19964758	24954924	1	1	F	0.76	1.7686886400718	neutral	4990167
PD62049a	15	24954958	25278558	1	0	F	0.76	1.7686886400718	loss	323601
PD62049a	15	25339138	29106578	1	1	F	0.76	1.7686886400718	neutral	3767441
PD62049a	15	29106598	29269087	1	0	F	0.76	1.7686886400718	loss	162490
PD62049a	15	29269134	48411323	1	1	F	0.76	1.7686886400718	neutral	19142190
PD62049a	15	48411479	48612915	1	0	F	0.76	1.7686886400718	loss	201437
PD62049a	15	48644614	52295749	1	1	F	0.76	1.7686886400718	neutral	3651136
PD62049a	15	52313664	52330402	1	0	F	0.76	1.7686886400718	loss	16739
PD62049a	15	52336388	71780464	1	1	F	0.76	1.7686886400718	neutral	19444077
PD62049a	15	71780647	72218941	2	1	F	0.76	1.7686886400718	gain	438295
PD62049a	15	72218969	101849608	1	1	F	0.76	1.7686886400718	neutral	29630640
PD62049a	16	47354	19298869	1	1	F	0.76	1.7686886400718	neutral	19251516
PD62049a	16	19298897	19608209	2	1	F	0.76	1.7686886400718	gain	309313
PD62049a	16	19609034	20040801	1	1	F	0.76	1.7686886400718	neutral	431768
PD62049a	16	20073395	20682341	1	0	F	0.76	1.7686886400718	loss	608947
PD62049a	16	20682540	35448034	1	1	F	0.76	1.7686886400718	neutral	14765495
PD62049a	16	46474402	47698565	1	0	F	0.76	1.7686886400718	loss	1224164
PD62049a	16	48083712	48144023	0	0	F	0.76	1.7686886400718	loss	60312
PD62049a	16	48146287	90094880	1	0	F	0.76	1.7686886400718	loss	41948594
PD62049a	17	156162	8393065	2	0	F	0.76	1.7686886400718	neutral	8236904
PD62049a	17	8393122	10315927	1	0	F	0.76	1.7686886400718	loss	1922806
PD62049a	17	10316002	21178323	2	0	F	0.76	1.7686886400718	neutral	10862322
PD62049a	17	21184302	41101789	1	0	F	0.76	1.7686886400718	loss	19917488
PD62049a	17	41101818	41424481	0	0	F	0.76	1.7686886400718	loss	322664
PD62049a	17	41424487	48363770	1	0	F	0.76	1.7686886400718	loss	6939284
PD62049a	17	48363838	48530668	2	0	F	0.76	1.7686886400718	neutral	166831
PD62049a	17	48530751	50356812	1	0	F	0.76	1.7686886400718	loss	1826062
PD62049a	17	50357156	50863061	2	0	F	0.76	1.7686886400718	neutral	505906
PD62049a	17	50863422	83135891	1	0	F	0.76	1.7686886400718	loss	32272470
PD62049a	18	117381	80202756	1	0	F	0.76	1.7686886400718	loss	80085376
PD62049a	19	281325	21767377	1	1	F	0.76	1.7686886400718	neutral	21486053
PD62049a	19	21767479	23145630	1	0	F	0.76	1.7686886400718	loss	1378152
PD62049a	19	23145906	44236288	1	1	F	0.76	1.7686886400718	neutral	21090383
PD62049a	19	44236449	44397076	1	0	F	0.76	1.7686886400718	loss	160628
PD62049a	19	44397109	58572521	1	1	F	0.76	1.7686886400718	neutral	14175413
PD62049a	20	87623	23035534	1	1	F	0.76	1.7686886400718	neutral	22947912
PD62049a	20	23035696	23365864	1	0	F	0.76	1.7686886400718	loss	330169
PD62049a	20	23365878	64273492	1	1	F	0.76	1.7686886400718	neutral	40907615
PD62049a	21	9068512	46664523	1	1	F	0.76	1.7686886400718	neutral	37596012
PD62049a	22	16572142	50780662	1	1	F	0.76	1.7686886400718	neutral	34208521
PD62049a	X	284193	57910069	1	0	F	0.76	1.7686886400718	loss	57625877
PD62049a	X	63299368	65739740	2	0	F	0.76	1.7686886400718	neutral	2440373
PD62049a	X	66018891	66600153	3	0	F	0.76	1.7686886400718	gain	581263
PD62049a	X	66602560	156005528	1	0	F	0.76	1.7686886400718	loss	89402969
PD62051a	1	826681	248918428	2	2	F	0.24	5.44708139536945	loss	248091748
PD62051a	2	41404	242004549	3	3	F	0.24	5.44708139536945	gain	241963146
PD62051a	3	197664	20170735	4	0	F	0.24	5.44708139536945	loss	19973072
PD62051a	3	20171035	64541599	3	3	F	0.24	5.44708139536945	gain	44370565
PD62051a	3	64541645	198038561	4	0	F	0.24	5.44708139536945	loss	133496917
PD62051a	4	85813	190025891	4	0	F	0.24	5.44708139536945	loss	189940079
PD62051a	5	140238	141526200	4	0	F	0.24	5.44708139536945	loss	141385963
PD62051a	5	141527508	157335062	3	0	F	0.24	5.44708139536945	loss	15807555
PD62051a	5	157335063	181260906	4	0	F	0.24	5.44708139536945	loss	23925844
PD62051a	6	203397	32816899	3	2	F	0.24	5.44708139536945	neutral	32613503
PD62051a	6	32816976	34035584	2	2	F	0.24	5.44708139536945	loss	1218609
PD62051a	6	34035626	170584376	3	3	F	0.24	5.44708139536945	gain	136548751
PD62051a	7	193222	57469898	3	3	F	0.24	5.44708139536945	gain	57276677
PD62051a	7	63449933	124858949	4	3	F	0.24	5.44708139536945	gain	61409017
PD62051a	7	124859158	159233344	4	0	F	0.24	5.44708139536945	loss	34374187
PD62051a	8	232977	132906961	6	0	F	0.24	5.44708139536945	gain	132673985
PD62051a	8	132907008	133133427	2	0	F	0.24	5.44708139536945	loss	226420
PD62051a	8	133191030	145054093	6	0	F	0.24	5.44708139536945	gain	11863064
PD62051a	9	154795	83978013	3	3	F	0.24	5.44708139536945	gain	83823219
PD62051a	9	83978162	138177194	6	2	F	0.24	5.44708139536945	gain	54199033
PD62051a	10	49134	42614191	6	2	F	0.24	5.44708139536945	gain	42565058
PD62051a	10	42623569	133625894	2	2	F	0.24	5.44708139536945	loss	91002326
PD62051a	11	197291	93408306	6	0	F	0.24	5.44708139536945	gain	93211016
PD62051a	11	93408414	117138331	4	0	F	0.24	5.44708139536945	loss	23729918
PD62051a	11	117144473	134986843	5	0	F	0.24	5.44708139536945	neutral	17842371
PD62051a	12	66973	133234349	2	2	F	0.24	5.44708139536945	loss	133167377
PD62051a	13	19026300	114325924	7	3	F	0.24	5.44708139536945	gain	95299625
PD62051a	14	19097559	22065775	4	0	F	0.24	5.44708139536945	loss	2968217
PD62051a	14	22065877	22492859	9	2	F	0.24	5.44708139536945	gain	426983
PD62051a	14	22492867	105970810	4	0	F	0.24	5.44708139536945	loss	83477944
PD62051a	14	105970988	106874913	2	0	F	0.24	5.44708139536945	loss	903926
PD62051a	15	19964758	22225178	5	0	F	0.24	5.44708139536945	neutral	2260421
PD62051a	15	22225217	101849544	2	2	F	0.24	5.44708139536945	loss	79624328
PD62051a	16	47541	35448034	3	3	F	0.24	5.44708139536945	gain	35400494
PD62051a	16	46474402	90094900	6	2	F	0.24	5.44708139536945	gain	43620499
PD62051a	17	156162	83135891	6	0	F	0.24	5.44708139536945	gain	82979730
PD62051a	18	120645	80202756	2	2	F	0.24	5.44708139536945	loss	80082112
PD62051a	19	281360	58572521	3	3	F	0.24	5.44708139536945	gain	58291162
PD62051a	20	87623	64273492	8	4	F	0.24	5.44708139536945	gain	64185870
PD62051a	21	9068512	44551474	3	3	F	0.24	5.44708139536945	gain	35482963
PD62051a	21	44551476	46664392	2	2	F	0.24	5.44708139536945	loss	2112917
PD62051a	22	16572142	50780662	2	2	F	0.24	5.44708139536945	loss	34208521
PD62051a	X	284193	153783893	4	0	F	0.24	5.44708139536945	loss	153499701
PD62051a	X	153783899	156005413	3	0	F	0.24	5.44708139536945	loss	2221515
PD62051c	1	826681	25290860	1	1	F	0.55	2.71549493598827	loss	24464180
PD62051c	1	25300810	26763445	1	0	F	0.55	2.71549493598827	loss	1462636
PD62051c	1	26772346	235127940	1	1	F	0.55	2.71549493598827	loss	208355595
PD62051c	1	235128731	235715394	1	0	F	0.55	2.71549493598827	loss	586664
PD62051c	1	235724218	248918428	1	1	F	0.55	2.71549493598827	loss	13194211
PD62051c	2	41404	242004549	2	1	F	0.55	2.71549493598827	neutral	241963146
PD62051c	3	197664	20183998	2	0	F	0.55	2.71549493598827	loss	19986335
PD62051c	3	21421262	64445420	2	1	F	0.55	2.71549493598827	neutral	43024159
PD62051c	3	64522181	198038561	2	0	F	0.55	2.71549493598827	loss	133516381
PD62051c	4	85813	190025891	2	0	F	0.55	2.71549493598827	loss	189940079
PD62051c	5	140238	146153313	2	0	F	0.55	2.71549493598827	loss	146013076
PD62051c	5	146153855	157326276	1	0	F	0.55	2.71549493598827	loss	11172422
PD62051c	5	157330679	181260906	2	0	F	0.55	2.71549493598827	loss	23930228
PD62051c	6	203397	31269127	2	1	F	0.55	2.71549493598827	neutral	31065731
PD62051c	6	31269182	31357178	1	0	F	0.55	2.71549493598827	loss	87997
PD62051c	6	31357224	32816868	2	1	F	0.55	2.71549493598827	neutral	1459645
PD62051c	6	32816899	33728174	2	0	F	0.55	2.71549493598827	loss	911276
PD62051c	6	33728198	170584376	2	1	F	0.55	2.71549493598827	neutral	136856179
PD62051c	7	193222	125948450	2	1	F	0.55	2.71549493598827	neutral	125755229
PD62051c	7	125948454	142801996	2	0	F	0.55	2.71549493598827	loss	16853543
PD62051c	7	142802019	142863619	0	0	F	0.55	2.71549493598827	loss	61601
PD62051c	7	142863750	159233344	2	0	F	0.55	2.71549493598827	loss	16369595
PD62051c	8	232977	124557903	3	0	F	0.55	2.71549493598827	neutral	124324927
PD62051c	8	124562672	124577533	1	0	F	0.55	2.71549493598827	loss	14862
PD62051c	8	124580682	132908273	2	0	F	0.55	2.71549493598827	loss	8327592
PD62051c	8	132908379	133220665	1	0	F	0.55	2.71549493598827	loss	312287
PD62051c	8	133220695	145054093	3	0	F	0.55	2.71549493598827	neutral	11833399
PD62051c	9	154795	83978013	2	1	F	0.55	2.71549493598827	neutral	83823219
PD62051c	9	83978162	138177194	3	1	F	0.55	2.71549493598827	gain	54199033
PD62051c	10	49134	42411753	3	1	F	0.55	2.71549493598827	gain	42362620
PD62051c	10	42411812	48446403	2	1	F	0.55	2.71549493598827	neutral	6034592
PD62051c	10	48446502	77792490	1	1	F	0.55	2.71549493598827	loss	29345989
PD62051c	10	77793915	81878195	8	1	F	0.55	2.71549493598827	gain	4084281
PD62051c	10	82232809	93634698	1	1	F	0.55	2.71549493598827	loss	11401890
PD62051c	10	93634924	99955845	1	0	F	0.55	2.71549493598827	loss	6320922
PD62051c	10	99956142	133625894	1	1	F	0.55	2.71549493598827	loss	33669753
PD62051c	11	197291	93408306	3	0	F	0.55	2.71549493598827	neutral	93211016
PD62051c	11	93408414	117193977	2	0	F	0.55	2.71549493598827	loss	23785564
PD62051c	11	117194060	134986843	3	0	F	0.55	2.71549493598827	neutral	17792784
PD62051c	12	66973	4811601	2	1	F	0.55	2.71549493598827	neutral	4744629
PD62051c	12	4850628	133234349	1	1	F	0.55	2.71549493598827	loss	128383722
PD62051c	13	19026300	114325924	3	1	F	0.55	2.71549493598827	gain	95299625
PD62051c	14	19097559	22096106	2	0	F	0.55	2.71549493598827	loss	2998548
PD62051c	14	22096266	22490615	4	1	F	0.55	2.71549493598827	gain	394350
PD62051c	14	22492775	106874913	2	0	F	0.55	2.71549493598827	loss	84382139
PD62051c	15	19964758	81265752	1	1	F	0.55	2.71549493598827	loss	61300995
PD62051c	15	81265823	81290388	1	0	F	0.55	2.71549493598827	loss	24566
PD62051c	15	81290495	101849544	1	1	F	0.55	2.71549493598827	loss	20559050
PD62051c	16	47541	35448034	2	1	F	0.55	2.71549493598827	neutral	35400494
PD62051c	16	46474402	67326766	3	1	F	0.55	2.71549493598827	gain	20852365
PD62051c	16	67327021	67480940	4	1	F	0.55	2.71549493598827	gain	153920
PD62051c	16	67482678	68563819	2	1	F	0.55	2.71549493598827	neutral	1081142
PD62051c	16	68564104	68811784	4	2	F	0.55	2.71549493598827	gain	247681
PD62051c	16	68812349	90094900	3	1	F	0.55	2.71549493598827	gain	21282552
PD62051c	17	156162	83135891	3	0	F	0.55	2.71549493598827	neutral	82979730
PD62051c	18	120645	80202756	1	1	F	0.55	2.71549493598827	loss	80082112
PD62051c	19	281360	58572521	2	1	F	0.55	2.71549493598827	neutral	58291162
PD62051c	20	87623	38637685	4	2	F	0.55	2.71549493598827	gain	38550063
PD62051c	20	38638726	38648658	3	1	F	0.55	2.71549493598827	gain	9933
PD62051c	20	38648733	64273492	4	2	F	0.55	2.71549493598827	gain	25624760
PD62051c	21	9068512	44551513	2	1	F	0.55	2.71549493598827	neutral	35483002
PD62051c	21	44551525	46664392	1	1	F	0.55	2.71549493598827	loss	2112868
PD62051c	22	16572142	50780662	1	1	F	0.55	2.71549493598827	loss	34208521
PD62051c	X	284193	156005413	2	0	F	0.55	2.71549493598827	loss	155721221
PD62052a	1	69511	248918428	1	1	M	0.81	2.02018720471308	neutral	248848918
PD62052a	2	41509	242004549	1	1	M	0.81	2.02018720471308	neutral	241963041
PD62052a	3	197664	198038561	1	1	M	0.81	2.02018720471308	neutral	197840898
PD62052a	4	85813	41689638	2	0	M	0.81	2.02018720471308	neutral	41603826
PD62052a	4	41689692	190025891	1	1	M	0.81	2.02018720471308	neutral	148336200
PD62052a	5	140238	181260906	1	1	M	0.81	2.02018720471308	neutral	181120669
PD62052a	6	203397	30948941	1	1	M	0.81	2.02018720471308	neutral	30745545
PD62052a	6	30949354	31032366	1	0	M	0.81	2.02018720471308	loss	83013
PD62052a	6	31032611	32641328	1	1	M	0.81	2.02018720471308	neutral	1608718
PD62052a	6	32641329	32661939	1	0	M	0.81	2.02018720471308	loss	20611
PD62052a	6	32661941	170584376	1	1	M	0.81	2.02018720471308	neutral	137922436
PD62052a	7	193222	101031599	1	1	M	0.81	2.02018720471308	neutral	100838378
PD62052a	7	101031847	101043826	1	0	M	0.81	2.02018720471308	loss	11980
PD62052a	7	101043850	159233344	1	1	M	0.81	2.02018720471308	neutral	58189495
PD62052a	8	232977	145054093	2	1	M	0.81	2.02018720471308	gain	144821117
PD62052a	9	154795	138177194	1	1	M	0.81	2.02018720471308	neutral	138022400
PD62052a	10	49156	133625894	1	1	M	0.81	2.02018720471308	neutral	133576739
PD62052a	11	197291	134986843	1	1	M	0.81	2.02018720471308	neutral	134789553
PD62052a	12	66973	133234349	1	1	M	0.81	2.02018720471308	neutral	133167377
PD62052a	13	19026300	114325924	1	1	M	0.81	2.02018720471308	neutral	95299625
PD62052a	14	19733402	106874913	1	1	M	0.81	2.02018720471308	neutral	87141512
PD62052a	15	19964758	101849608	1	1	M	0.81	2.02018720471308	neutral	81884851
PD62052a	16	47354	1760345	2	0	M	0.81	2.02018720471308	neutral	1712992
PD62052a	16	1760346	90094880	1	1	M	0.81	2.02018720471308	neutral	88334535
PD62052a	17	156162	43110694	1	1	M	0.81	2.02018720471308	neutral	42954533
PD62052a	17	43115615	83135891	2	0	M	0.81	2.02018720471308	neutral	40020277
PD62052a	18	120645	80202756	1	1	M	0.81	2.02018720471308	neutral	80082112
PD62052a	19	281360	58572521	1	1	M	0.81	2.02018720471308	neutral	58291162
PD62052a	20	87623	64273629	1	1	M	0.81	2.02018720471308	neutral	64186007
PD62052a	21	9068512	44601173	1	1	M	0.81	2.02018720471308	neutral	35532662
PD62052a	21	44601242	44773745	1	0	M	0.81	2.02018720471308	loss	172504
PD62052a	21	44774556	46664392	1	1	M	0.81	2.02018720471308	neutral	1889837
PD62052a	22	16572142	50780662	1	1	M	0.81	2.02018720471308	neutral	34208521
PD62052a	X	284193	2774703	2	0	M	0.81	2.02018720471308	gain	2490511
PD62052a	X	2781927	155524613	1	0	M	0.81	2.02018720471308	neutral	152742687
PD62052a	X	155773979	156005528	2	0	M	0.81	2.02018720471308	gain	231550
PD62052c	1	69511	248918428	1	1	M	0.69	1.98508181111068	neutral	248848918
PD62052c	2	41509	242004549	1	1	M	0.69	1.98508181111068	neutral	241963041
PD62052c	3	197664	198038561	1	1	M	0.69	1.98508181111068	neutral	197840898
PD62052c	4	85813	190025891	1	1	M	0.69	1.98508181111068	neutral	189940079
PD62052c	5	140238	181260906	1	1	M	0.69	1.98508181111068	neutral	181120669
PD62052c	6	203397	170584376	1	1	M	0.69	1.98508181111068	neutral	170380980
PD62052c	7	193222	159233344	1	1	M	0.69	1.98508181111068	neutral	159040123
PD62052c	8	232977	145054093	1	1	M	0.69	1.98508181111068	neutral	144821117
PD62052c	9	154795	138177194	1	1	M	0.69	1.98508181111068	neutral	138022400
PD62052c	10	49156	133625894	1	1	M	0.69	1.98508181111068	neutral	133576739
PD62052c	11	197291	134986843	1	1	M	0.69	1.98508181111068	neutral	134789553
PD62052c	12	66973	133234349	1	1	M	0.69	1.98508181111068	neutral	133167377
PD62052c	13	19026300	114325924	1	1	M	0.69	1.98508181111068	neutral	95299625
PD62052c	14	19733402	19827620	2	0	M	0.69	1.98508181111068	neutral	94219
PD62052c	14	19827675	106874913	1	1	M	0.69	1.98508181111068	neutral	87047239
PD62052c	15	19964758	22279065	2	0	M	0.69	1.98508181111068	neutral	2314308
PD62052c	15	22279188	101849608	1	1	M	0.69	1.98508181111068	neutral	79570421
PD62052c	16	47354	90094880	1	1	M	0.69	1.98508181111068	neutral	90047527
PD62052c	17	156162	43377806	1	1	M	0.69	1.98508181111068	neutral	43221645
PD62052c	17	43379045	83135891	2	0	M	0.69	1.98508181111068	neutral	39756847
PD62052c	18	120645	80202756	1	1	M	0.69	1.98508181111068	neutral	80082112
PD62052c	19	281360	58572521	1	1	M	0.69	1.98508181111068	neutral	58291162
PD62052c	20	87623	64273629	1	1	M	0.69	1.98508181111068	neutral	64186007
PD62052c	21	9068512	10649449	2	0	M	0.69	1.98508181111068	neutral	1580938
PD62052c	21	10649515	46664392	1	1	M	0.69	1.98508181111068	neutral	36014878
PD62052c	22	16572142	50780662	1	1	M	0.69	1.98508181111068	neutral	34208521
PD62052c	X	284193	2774703	2	0	M	0.69	1.98508181111068	gain	2490511
PD62052c	X	2781927	155524613	1	0	M	0.69	1.98508181111068	neutral	152742687
PD62052c	X	155773979	156005528	2	0	M	0.69	1.98508181111068	gain	231550
PD62053a	1	69511	152220502	1	1	M	0.38	1.99026418322691	neutral	152150992
PD62053a	1	152220573	152313446	2	2	M	0.38	1.99026418322691	gain	92874
PD62053a	1	152313449	248294727	1	1	M	0.38	1.99026418322691	neutral	95981279
PD62053a	1	248295415	248918428	2	1	M	0.38	1.99026418322691	gain	623014
PD62053a	2	41509	242004549	1	1	M	0.38	1.99026418322691	neutral	241963041
PD62053a	3	197664	198038561	1	1	M	0.38	1.99026418322691	neutral	197840898
PD62053a	4	85813	190025891	1	1	M	0.38	1.99026418322691	neutral	189940079
PD62053a	5	140238	181260906	1	1	M	0.38	1.99026418322691	neutral	181120669
PD62053a	6	203397	170584567	1	1	M	0.38	1.99026418322691	neutral	170381171
PD62053a	7	193222	159233344	1	1	M	0.38	1.99026418322691	neutral	159040123
PD62053a	8	232977	145054093	1	1	M	0.38	1.99026418322691	neutral	144821117
PD62053a	9	154795	138175500	1	1	M	0.38	1.99026418322691	neutral	138020706
PD62053a	10	49134	133419591	1	1	M	0.38	1.99026418322691	neutral	133370458
PD62053a	10	133419650	133625894	2	0	M	0.38	1.99026418322691	neutral	206245
PD62053a	11	197291	124015613	1	1	M	0.38	1.99026418322691	neutral	123818323
PD62053a	11	124015974	124038946	3	3	M	0.38	1.99026418322691	gain	22973
PD62053a	11	124038949	134986813	1	1	M	0.38	1.99026418322691	neutral	10947865
PD62053a	12	66973	133234349	1	1	M	0.38	1.99026418322691	neutral	133167377
PD62053a	13	19026300	114325924	1	1	M	0.38	1.99026418322691	neutral	95299625
PD62053a	14	19097607	105970991	1	1	M	0.38	1.99026418322691	neutral	86873385
PD62053a	14	105971014	106874913	2	2	M	0.38	1.99026418322691	gain	903900
PD62053a	15	19964758	101849608	1	1	M	0.38	1.99026418322691	neutral	81884851
PD62053a	16	47541	90094793	1	1	M	0.38	1.99026418322691	neutral	90047253
PD62053a	17	156162	83135891	1	1	M	0.38	1.99026418322691	neutral	82979730
PD62053a	18	158494	80247464	1	1	M	0.38	1.99026418322691	neutral	80088971
PD62053a	19	281383	58572521	1	1	M	0.38	1.99026418322691	neutral	58291139
PD62053a	20	87623	64273492	1	1	M	0.38	1.99026418322691	neutral	64185870
PD62053a	21	9068512	13979766	3	1	M	0.38	1.99026418322691	gain	4911255
PD62053a	21	13979785	46664392	1	1	M	0.38	1.99026418322691	neutral	32684608
PD62053a	22	16572142	50780662	1	1	M	0.38	1.99026418322691	neutral	34208521
PD62053a	X	284193	2781927	2	0	M	0.38	1.99026418322691	gain	2497735
PD62053a	X	2781986	155524613	1	0	M	0.38	1.99026418322691	neutral	152742628
PD62053a	X	155773979	155898234	4	0	M	0.38	1.99026418322691	gain	124256
PD62053a	X	155900534	156005528	2	0	M	0.38	1.99026418322691	gain	104995
PD62053c	1	69511	248918428	1	1	M	0.59	1.98434877873633	neutral	248848918
PD62053c	2	41509	130374728	1	1	M	0.59	1.98434877873633	neutral	130333220
PD62053c	2	130598658	130915743	1	0	M	0.59	1.98434877873633	loss	317086
PD62053c	2	130915923	242004549	1	1	M	0.59	1.98434877873633	neutral	111088627
PD62053c	3	197664	198038561	1	1	M	0.59	1.98434877873633	neutral	197840898
PD62053c	4	85813	190025891	1	1	M	0.59	1.98434877873633	neutral	189940079
PD62053c	5	140238	181260906	1	1	M	0.59	1.98434877873633	neutral	181120669
PD62053c	6	203397	170584567	1	1	M	0.59	1.98434877873633	neutral	170381171
PD62053c	7	193222	159233344	1	1	M	0.59	1.98434877873633	neutral	159040123
PD62053c	8	232977	10613248	1	1	M	0.59	1.98434877873633	neutral	10380272
PD62053c	8	10613254	10831632	1	0	M	0.59	1.98434877873633	loss	218379
PD62053c	8	10831681	145054093	1	1	M	0.59	1.98434877873633	neutral	134222413
PD62053c	9	154795	138175500	1	1	M	0.59	1.98434877873633	neutral	138020706
PD62053c	10	49134	133402283	1	1	M	0.59	1.98434877873633	neutral	133353150
PD62053c	10	133402619	133625894	1	0	M	0.59	1.98434877873633	loss	223276
PD62053c	11	197291	134986813	1	1	M	0.59	1.98434877873633	neutral	134789523
PD62053c	12	66973	133234349	1	1	M	0.59	1.98434877873633	neutral	133167377
PD62053c	13	19026300	114325924	1	1	M	0.59	1.98434877873633	neutral	95299625
PD62053c	14	19097607	106874913	1	1	M	0.59	1.98434877873633	neutral	87777307
PD62053c	15	19964758	101849608	1	1	M	0.59	1.98434877873633	neutral	81884851
PD62053c	16	47541	90094793	1	1	M	0.59	1.98434877873633	neutral	90047253
PD62053c	17	156162	83135891	1	1	M	0.59	1.98434877873633	neutral	82979730
PD62053c	18	158494	63660998	1	1	M	0.59	1.98434877873633	neutral	63502505
PD62053c	18	63661026	63723415	0	0	M	0.59	1.98434877873633	loss	62390
PD62053c	18	63723994	80247464	1	1	M	0.59	1.98434877873633	neutral	16523471
PD62053c	19	281383	8917087	1	1	M	0.59	1.98434877873633	neutral	8635705
PD62053c	19	8917114	9093977	1	0	M	0.59	1.98434877873633	loss	176864
PD62053c	19	9102188	11778532	1	1	M	0.59	1.98434877873633	neutral	2676345
PD62053c	19	11779984	12390996	2	1	M	0.59	1.98434877873633	gain	611013
PD62053c	19	12391448	58572521	1	1	M	0.59	1.98434877873633	neutral	46181074
PD62053c	20	87623	64273492	1	1	M	0.59	1.98434877873633	neutral	64185870
PD62053c	21	9068512	46664392	1	1	M	0.59	1.98434877873633	neutral	37595881
PD62053c	22	16572142	50780662	1	1	M	0.59	1.98434877873633	neutral	34208521
PD62053c	X	284193	2738233	2	0	M	0.59	1.98434877873633	gain	2454041
PD62053c	X	2740742	2774669	3	0	M	0.59	1.98434877873633	gain	33928
PD62053c	X	2774703	155524613	1	0	M	0.59	1.98434877873633	neutral	152749911
PD62053c	X	155773979	155898234	2	0	M	0.59	1.98434877873633	gain	124256
PD62053c	X	155900534	156005528	1	0	M	0.59	1.98434877873633	neutral	104995
PD62054a	1	69511	248918428	1	1	F	1	2.00111035695606	neutral	248848918
PD62054a	2	41393	242004549	1	1	F	1	2.00111035695606	neutral	241963157
PD62054a	3	197664	198038561	1	1	F	1	2.00111035695606	neutral	197840898
PD62054a	4	85813	190025891	1	1	F	1	2.00111035695606	neutral	189940079
PD62054a	5	140238	181260906	1	1	F	1	2.00111035695606	neutral	181120669
PD62054a	6	203397	170584376	1	1	F	1	2.00111035695606	neutral	170380980
PD62054a	7	193222	159233344	1	1	F	1	2.00111035695606	neutral	159040123
PD62054a	8	232977	145054093	1	1	F	1	2.00111035695606	neutral	144821117
PD62054a	9	154795	32987476	1	1	F	1	2.00111035695606	neutral	32832682
PD62054a	9	32987570	34729256	2	1	F	1	2.00111035695606	gain	1741687
PD62054a	9	34729341	138177328	1	1	F	1	2.00111035695606	neutral	103447988
PD62054a	10	49134	133625894	1	1	F	1	2.00111035695606	neutral	133576761
PD62054a	11	197291	134986843	1	1	F	1	2.00111035695606	neutral	134789553
PD62054a	12	66973	133234349	1	1	F	1	2.00111035695606	neutral	133167377
PD62054a	13	19026300	114325924	1	1	F	1	2.00111035695606	neutral	95299625
PD62054a	14	19097559	105909889	1	1	F	1	2.00111035695606	neutral	86812331
PD62054a	14	105909890	105919477	2	1	F	1	2.00111035695606	gain	9588
PD62054a	14	105919552	106874913	1	1	F	1	2.00111035695606	neutral	955362
PD62054a	15	19964758	101849608	1	1	F	1	2.00111035695606	neutral	81884851
PD62054a	16	47354	90094793	1	1	F	1	2.00111035695606	neutral	90047440
PD62054a	17	156162	63831196	1	1	F	1	2.00111035695606	neutral	63675035
PD62054a	17	63831629	63918836	1	0	F	1	2.00111035695606	loss	87208
PD62054a	17	63918844	83135891	1	1	F	1	2.00111035695606	neutral	19217048
PD62054a	18	120645	63804428	1	1	F	1	2.00111035695606	neutral	63683784
PD62054a	18	63804653	63897624	1	0	F	1	2.00111035695606	loss	92972
PD62054a	18	63897780	80202756	1	1	F	1	2.00111035695606	neutral	16304977
PD62054a	19	281360	58572521	1	1	F	1	2.00111035695606	neutral	58291162
PD62054a	20	87623	64273629	1	1	F	1	2.00111035695606	neutral	64186007
PD62054a	21	9068512	46664392	1	1	F	1	2.00111035695606	neutral	37595881
PD62054a	22	16572142	50780662	1	1	F	1	2.00111035695606	neutral	34208521
PD62054a	X	284193	156005413	1	1	F	1	2.00111035695606	neutral	155721221
PD62057a	1	826681	152155724	1	1	M	0.7	2.00832814051202	neutral	151329044
PD62057a	1	152155736	152515434	2	1	M	0.7	2.00832814051202	gain	359699
PD62057a	1	152515441	248918428	1	1	M	0.7	2.00832814051202	neutral	96402988
PD62057a	2	41366	120346386	1	1	M	0.7	2.00832814051202	neutral	120305021
PD62057a	2	120349030	120988904	2	1	M	0.7	2.00832814051202	gain	639875
PD62057a	2	120988932	242004549	1	1	M	0.7	2.00832814051202	neutral	121015618
PD62057a	3	197664	198038561	1	1	M	0.7	2.00832814051202	neutral	197840898
PD62057a	4	85813	190025891	1	1	M	0.7	2.00832814051202	neutral	189940079
PD62057a	5	140238	140786397	1	1	M	0.7	2.00832814051202	neutral	140646160
PD62057a	5	140786647	141491682	2	1	M	0.7	2.00832814051202	gain	705036
PD62057a	5	141491711	181260906	1	1	M	0.7	2.00832814051202	neutral	39769196
PD62057a	6	203397	170584376	1	1	M	0.7	2.00832814051202	neutral	170380980
PD62057a	7	193222	101020009	1	1	M	0.7	2.00832814051202	neutral	100826788
PD62057a	7	101020086	101050500	2	1	M	0.7	2.00832814051202	gain	30415
PD62057a	7	101050567	159233344	1	1	M	0.7	2.00832814051202	neutral	58182778
PD62057a	8	232977	145054093	1	1	M	0.7	2.00832814051202	neutral	144821117
PD62057a	9	154795	135626164	1	1	M	0.7	2.00832814051202	neutral	135471370
PD62057a	9	135626177	135778712	2	1	M	0.7	2.00832814051202	gain	152536
PD62057a	9	135778831	138177328	1	1	M	0.7	2.00832814051202	neutral	2398498
PD62057a	10	49156	133370618	1	1	M	0.7	2.00832814051202	neutral	133321463
PD62057a	10	133370622	133389112	1	0	M	0.7	2.00832814051202	loss	18491
PD62057a	10	133389811	133625894	2	0	M	0.7	2.00832814051202	neutral	236084
PD62057a	11	197291	984589	1	1	M	0.7	2.00832814051202	neutral	787299
PD62057a	11	984596	1480479	2	1	M	0.7	2.00832814051202	gain	495884
PD62057a	11	1480674	134986843	1	1	M	0.7	2.00832814051202	neutral	133506170
PD62057a	12	66973	133234349	1	1	M	0.7	2.00832814051202	neutral	133167377
PD62057a	13	19026300	114325924	1	1	M	0.7	2.00832814051202	neutral	95299625
PD62057a	14	19733402	106874913	1	1	M	0.7	2.00832814051202	neutral	87141512
PD62057a	15	19964758	22279188	2	0	M	0.7	2.00832814051202	neutral	2314431
PD62057a	15	22572885	48520885	1	0	M	0.7	2.00832814051202	loss	25948001
PD62057a	15	48520910	101849608	1	1	M	0.7	2.00832814051202	neutral	53328699
PD62057a	16	47354	764243	1	1	M	0.7	2.00832814051202	neutral	716890
PD62057a	16	764493	1589807	2	1	M	0.7	2.00832814051202	gain	825315
PD62057a	16	1589844	81786163	1	1	M	0.7	2.00832814051202	neutral	80196320
PD62057a	16	81786207	81871007	1	0	M	0.7	2.00832814051202	loss	84801
PD62057a	16	81871033	90094866	1	1	M	0.7	2.00832814051202	neutral	8223834
PD62057a	17	156162	83135891	1	1	M	0.7	2.00832814051202	neutral	82979730
PD62057a	18	120645	80202756	1	1	M	0.7	2.00832814051202	neutral	80082112
PD62057a	19	281360	22181431	1	1	M	0.7	2.00832814051202	neutral	21900072
PD62057a	19	22181520	23224045	2	1	M	0.7	2.00832814051202	gain	1042526
PD62057a	19	23231135	58572521	1	1	M	0.7	2.00832814051202	neutral	35341387
PD62057a	20	87623	64273629	2	1	M	0.7	2.00832814051202	gain	64186007
PD62057a	21	9068512	10462836	2	2	M	0.7	2.00832814051202	gain	1394325
PD62057a	21	10462861	10602207	2	1	M	0.7	2.00832814051202	gain	139347
PD62057a	21	10602232	46664523	1	1	M	0.7	2.00832814051202	neutral	36062292
PD62057a	22	16572142	50780662	1	1	M	0.7	2.00832814051202	neutral	34208521
PD62057a	X	284193	361611	3	0	M	0.7	2.00832814051202	gain	77419
PD62057a	X	361638	2774703	2	0	M	0.7	2.00832814051202	gain	2413066
PD62057a	X	2781927	155524613	1	0	M	0.7	2.00832814051202	neutral	152742687
PD62057a	X	155545046	155898177	2	0	M	0.7	2.00832814051202	gain	353132
PD62057a	X	155898234	156005528	3	0	M	0.7	2.00832814051202	gain	107295
PD62057c	1	826681	248918428	1	0	M	0.46	1.76195391897763	loss	248091748
PD62057c	2	41366	242004549	1	1	M	0.46	1.76195391897763	neutral	241963184
PD62057c	3	197664	198038561	1	1	M	0.46	1.76195391897763	neutral	197840898
PD62057c	4	85813	190025891	1	1	M	0.46	1.76195391897763	neutral	189940079
PD62057c	5	140238	181260906	1	1	M	0.46	1.76195391897763	neutral	181120669
PD62057c	6	203397	32365321	1	1	M	0.46	1.76195391897763	neutral	32161925
PD62057c	6	32365418	32832650	1	0	M	0.46	1.76195391897763	loss	467233
PD62057c	6	32832787	170584376	1	1	M	0.46	1.76195391897763	neutral	137751590
PD62057c	7	193222	100952010	1	1	M	0.46	1.76195391897763	neutral	100758789
PD62057c	7	100952551	100960725	0	0	M	0.46	1.76195391897763	loss	8175
PD62057c	7	100960738	101031847	1	1	M	0.46	1.76195391897763	neutral	71110
PD62057c	7	101032086	101042479	0	0	M	0.46	1.76195391897763	loss	10394
PD62057c	7	101042834	159233344	1	1	M	0.46	1.76195391897763	neutral	58190511
PD62057c	8	232977	145054093	1	1	M	0.46	1.76195391897763	neutral	144821117
PD62057c	9	154795	138177328	1	1	M	0.46	1.76195391897763	neutral	138022534
PD62057c	10	49156	122566115	1	0	M	0.46	1.76195391897763	loss	122516960
PD62057c	10	122570017	122643428	0	0	M	0.46	1.76195391897763	loss	73412
PD62057c	10	122676771	133625894	1	0	M	0.46	1.76195391897763	loss	10949124
PD62057c	11	197291	134986843	1	0	M	0.46	1.76195391897763	loss	134789553
PD62057c	12	66973	133234349	1	0	M	0.46	1.76195391897763	loss	133167377
PD62057c	13	19026300	114325924	1	1	M	0.46	1.76195391897763	neutral	95299625
PD62057c	14	19733402	59505252	1	1	M	0.46	1.76195391897763	neutral	39771851
PD62057c	14	59510466	59610023	2	2	M	0.46	1.76195391897763	gain	99558
PD62057c	14	59610065	105916907	1	1	M	0.46	1.76195391897763	neutral	46306843
PD62057c	14	105919429	106874913	1	0	M	0.46	1.76195391897763	loss	955485
PD62057c	15	19964758	20408806	3	0	M	0.46	1.76195391897763	gain	444049
PD62057c	15	20669517	22279188	2	0	M	0.46	1.76195391897763	neutral	1609672
PD62057c	15	22572885	45065349	0	0	M	0.46	1.76195391897763	loss	22492465
PD62057c	15	45068152	45122148	2	0	M	0.46	1.76195391897763	neutral	53997
PD62057c	15	45122306	48612915	0	0	M	0.46	1.76195391897763	loss	3490610
PD62057c	15	48644614	101849608	1	1	M	0.46	1.76195391897763	neutral	53204995
PD62057c	16	47354	90094866	1	1	M	0.46	1.76195391897763	neutral	90047513
PD62057c	17	156162	65225586	1	1	M	0.46	1.76195391897763	neutral	65069425
PD62057c	17	65227208	65636970	2	2	M	0.46	1.76195391897763	gain	409763
PD62057c	17	65636991	83135891	1	1	M	0.46	1.76195391897763	neutral	17498901
PD62057c	18	120645	80202756	1	1	M	0.46	1.76195391897763	neutral	80082112
PD62057c	19	281360	39894112	1	1	M	0.46	1.76195391897763	neutral	39612753
PD62057c	19	39894115	39902493	2	2	M	0.46	1.76195391897763	gain	8379
PD62057c	19	39902509	58572521	1	1	M	0.46	1.76195391897763	neutral	18670013
PD62057c	20	87623	31566370	3	1	M	0.46	1.76195391897763	gain	31478748
PD62057c	20	31566434	31607363	6	3	M	0.46	1.76195391897763	gain	40930
PD62057c	20	31638887	64273629	3	1	M	0.46	1.76195391897763	gain	32634743
PD62057c	21	9068512	46664523	1	1	M	0.46	1.76195391897763	neutral	37596012
PD62057c	22	16572142	50780662	1	1	M	0.46	1.76195391897763	neutral	34208521
PD62057c	X	284193	2691824	2	0	M	0.46	1.76195391897763	gain	2407632
PD62057c	X	2691825	155774220	1	0	M	0.46	1.76195391897763	neutral	153082396
PD62057c	X	155774352	156005528	2	0	M	0.46	1.76195391897763	gain	231177
PD62058a	1	69511	2521405	1	1	M	0.8	1.99566770265082	neutral	2451895
PD62058a	1	2521564	2593947	3	0	M	0.8	1.99566770265082	gain	72384
PD62058a	1	2594569	6327512	1	0	M	0.8	1.99566770265082	loss	3732944
PD62058a	1	6333341	6550306	2	1	M	0.8	1.99566770265082	gain	216966
PD62058a	1	6550322	31363959	1	1	M	0.8	1.99566770265082	neutral	24813638
PD62058a	1	31365778	31423880	2	1	M	0.8	1.99566770265082	gain	58103
PD62058a	1	31424646	84388274	1	1	M	0.8	1.99566770265082	neutral	52963629
PD62058a	1	84388280	85321627	2	1	M	0.8	1.99566770265082	gain	933348
PD62058a	1	85321640	86370940	1	1	M	0.8	1.99566770265082	neutral	1049301
PD62058a	1	86371045	86547045	4	0	M	0.8	1.99566770265082	gain	176001
PD62058a	1	86547103	121568263	1	1	M	0.8	1.99566770265082	neutral	35021161
PD62058a	1	143544307	149933961	2	1	M	0.8	1.99566770265082	gain	6389655
PD62058a	1	149934024	149944327	3	2	M	0.8	1.99566770265082	gain	10304
PD62058a	1	149944685	152156639	1	1	M	0.8	1.99566770265082	neutral	2211955
PD62058a	1	152156905	153347896	1	0	M	0.8	1.99566770265082	loss	1190992
PD62058a	1	153347925	153949289	1	1	M	0.8	1.99566770265082	neutral	601365
PD62058a	1	153951163	153993133	2	2	M	0.8	1.99566770265082	gain	41971
PD62058a	1	153995029	155209202	1	1	M	0.8	1.99566770265082	neutral	1214174
PD62058a	1	155209323	155264826	2	2	M	0.8	1.99566770265082	gain	55504
PD62058a	1	155264895	159713893	1	1	M	0.8	1.99566770265082	neutral	4448999
PD62058a	1	159714001	159943258	2	1	M	0.8	1.99566770265082	gain	229258
PD62058a	1	159943263	160031158	2	2	M	0.8	1.99566770265082	gain	87896
PD62058a	1	160031560	160167323	1	1	M	0.8	1.99566770265082	neutral	135764
PD62058a	1	160171323	160186237	1	0	M	0.8	1.99566770265082	loss	14915
PD62058a	1	160186343	167126327	1	1	M	0.8	1.99566770265082	neutral	6939985
PD62058a	1	167126351	167303470	2	2	M	0.8	1.99566770265082	gain	177120
PD62058a	1	167329333	170971910	2	1	M	0.8	1.99566770265082	gain	3642578
PD62058a	1	170983456	202005584	1	1	M	0.8	1.99566770265082	neutral	31022129
PD62058a	1	202012001	202014114	7	0	M	0.8	1.99566770265082	gain	2114
PD62058a	1	202123231	206921460	1	1	M	0.8	1.99566770265082	neutral	4798230
PD62058a	1	206921703	207063890	3	2	M	0.8	1.99566770265082	gain	142188
PD62058a	1	207063892	215674614	1	1	M	0.8	1.99566770265082	neutral	8610723
PD62058a	1	215674720	215878891	1	0	M	0.8	1.99566770265082	loss	204172
PD62058a	1	215878980	248918428	1	1	M	0.8	1.99566770265082	neutral	33039449
PD62058a	2	41404	11588970	1	1	M	0.8	1.99566770265082	neutral	11547567
PD62058a	2	11591320	11677899	1	0	M	0.8	1.99566770265082	loss	86580
PD62058a	2	11713787	21009323	1	1	M	0.8	1.99566770265082	neutral	9295537
PD62058a	2	21009501	23507054	1	0	M	0.8	1.99566770265082	loss	2497554
PD62058a	2	23523891	28913787	1	1	M	0.8	1.99566770265082	neutral	5389897
PD62058a	2	28913819	29320870	1	0	M	0.8	1.99566770265082	loss	407052
PD62058a	2	29320908	80581744	1	1	M	0.8	1.99566770265082	neutral	51260837
PD62058a	2	80589250	85541810	2	1	M	0.8	1.99566770265082	gain	4952561
PD62058a	2	85541924	88736683	1	1	M	0.8	1.99566770265082	neutral	3194760
PD62058a	2	88738136	88886149	2	1	M	0.8	1.99566770265082	gain	148014
PD62058a	2	88886176	99464953	1	1	M	0.8	1.99566770265082	neutral	10578778
PD62058a	2	99551695	99601371	1	0	M	0.8	1.99566770265082	loss	49677
PD62058a	2	99601618	130204418	1	1	M	0.8	1.99566770265082	neutral	30602801
PD62058a	2	130230007	130598658	3	0	M	0.8	1.99566770265082	gain	368652
PD62058a	2	130729192	151642828	1	1	M	0.8	1.99566770265082	neutral	20913637
PD62058a	2	151642841	151733145	1	0	M	0.8	1.99566770265082	loss	90305
PD62058a	2	151803398	162020629	1	1	M	0.8	1.99566770265082	neutral	10217232
PD62058a	2	162022715	162371955	2	1	M	0.8	1.99566770265082	gain	349241
PD62058a	2	162373501	166406645	1	1	M	0.8	1.99566770265082	neutral	4033145
PD62058a	2	166406694	167249248	1	0	M	0.8	1.99566770265082	loss	842555
PD62058a	2	167249575	174571848	1	1	M	0.8	1.99566770265082	neutral	7322274
PD62058a	2	174572212	175127213	1	0	M	0.8	1.99566770265082	loss	555002
PD62058a	2	175136365	178563392	1	1	M	0.8	1.99566770265082	neutral	3427028
PD62058a	2	178563557	178975001	1	0	M	0.8	1.99566770265082	loss	411445
PD62058a	2	178975106	206176370	1	1	M	0.8	1.99566770265082	neutral	27201265
PD62058a	2	206176717	206765366	1	0	M	0.8	1.99566770265082	loss	588650
PD62058a	2	206765369	218228724	1	1	M	0.8	1.99566770265082	neutral	11463356
PD62058a	2	218228891	218391556	2	1	M	0.8	1.99566770265082	gain	162666
PD62058a	2	218392965	218394735	2	2	M	0.8	1.99566770265082	gain	1771
PD62058a	2	218395009	218404460	3	2	M	0.8	1.99566770265082	gain	9452
PD62058a	2	218423659	219027967	1	1	M	0.8	1.99566770265082	neutral	604309
PD62058a	2	219029474	219041536	2	1	M	0.8	1.99566770265082	gain	12063
PD62058a	2	219041600	237361757	1	1	M	0.8	1.99566770265082	neutral	18320158
PD62058a	2	237361790	237422253	1	0	M	0.8	1.99566770265082	loss	60464
PD62058a	2	237493465	242004549	1	1	M	0.8	1.99566770265082	neutral	4511085
PD62058a	3	197664	10410682	1	1	M	0.8	1.99566770265082	neutral	10213019
PD62058a	3	10410838	11036988	1	0	M	0.8	1.99566770265082	loss	626151
PD62058a	3	11259021	12618792	3	0	M	0.8	1.99566770265082	gain	1359772
PD62058a	3	12618825	12900954	1	1	M	0.8	1.99566770265082	neutral	282130
PD62058a	3	12901078	13619767	1	0	M	0.8	1.99566770265082	loss	718690
PD62058a	3	13619797	37803721	1	1	M	0.8	1.99566770265082	neutral	24183925
PD62058a	3	37803900	38045632	2	2	M	0.8	1.99566770265082	gain	241733
PD62058a	3	38045651	69033557	1	1	M	0.8	1.99566770265082	neutral	30987907
PD62058a	3	69033589	69293137	2	1	M	0.8	1.99566770265082	gain	259549
PD62058a	3	69302431	129495459	1	1	M	0.8	1.99566770265082	neutral	60193029
PD62058a	3	129495515	129563109	1	0	M	0.8	1.99566770265082	loss	67595
PD62058a	3	129563295	151385015	1	1	M	0.8	1.99566770265082	neutral	21821721
PD62058a	3	151385016	154122170	2	1	M	0.8	1.99566770265082	gain	2737155
PD62058a	3	154122171	198038561	1	1	M	0.8	1.99566770265082	neutral	43916391
PD62058a	4	85813	667764	1	1	M	0.8	1.99566770265082	neutral	581952
PD62058a	4	667874	682802	2	1	M	0.8	1.99566770265082	gain	14929
PD62058a	4	682825	68537870	1	1	M	0.8	1.99566770265082	neutral	67855046
PD62058a	4	68537881	69200549	5	0	M	0.8	1.99566770265082	gain	662669
PD62058a	4	69200588	112265693	1	1	M	0.8	1.99566770265082	neutral	43065106
PD62058a	4	112265755	112268390	3	0	M	0.8	1.99566770265082	gain	2636
PD62058a	4	112277856	190025891	1	1	M	0.8	1.99566770265082	neutral	77748036
PD62058a	5	140238	236638	1	1	M	0.8	1.99566770265082	neutral	96401
PD62058a	5	251426	480004	3	0	M	0.8	1.99566770265082	gain	228579
PD62058a	5	480083	86293360	1	1	M	0.8	1.99566770265082	neutral	85813278
PD62058a	5	86618219	90529594	3	0	M	0.8	1.99566770265082	gain	3911376
PD62058a	5	90558750	90759422	1	0	M	0.8	1.99566770265082	loss	200673
PD62058a	5	90759624	96797331	1	1	M	0.8	1.99566770265082	neutral	6037708
PD62058a	5	96800974	97163231	2	1	M	0.8	1.99566770265082	gain	362258
PD62058a	5	97165082	113122677	1	1	M	0.8	1.99566770265082	neutral	15957596
PD62058a	5	113122681	113513930	1	0	M	0.8	1.99566770265082	loss	391250
PD62058a	5	113514104	139871884	1	1	M	0.8	1.99566770265082	neutral	26357781
PD62058a	5	139871918	140114108	1	0	M	0.8	1.99566770265082	loss	242191
PD62058a	5	140114502	140642304	2	1	M	0.8	1.99566770265082	gain	527803
PD62058a	5	140642682	140643072	3	0	M	0.8	1.99566770265082	gain	391
PD62058a	5	140643653	140705696	2	1	M	0.8	1.99566770265082	gain	62044
PD62058a	5	140786397	141476782	1	0	M	0.8	1.99566770265082	loss	690386
PD62058a	5	141476855	149996323	1	1	M	0.8	1.99566770265082	neutral	8519469
PD62058a	5	150000410	150000730	2	1	M	0.8	1.99566770265082	gain	321
PD62058a	5	150000902	178941409	1	1	M	0.8	1.99566770265082	neutral	28940508
PD62058a	5	178941551	179344081	1	0	M	0.8	1.99566770265082	loss	402531
PD62058a	5	179522579	181155980	1	1	M	0.8	1.99566770265082	neutral	1633402
PD62058a	5	181195167	181260906	4	0	M	0.8	1.99566770265082	gain	65740
PD62058a	6	203397	24583737	1	1	M	0.8	1.99566770265082	neutral	24380341
PD62058a	6	24588656	26123584	2	1	M	0.8	1.99566770265082	gain	1534929
PD62058a	6	26123931	26273369	3	2	M	0.8	1.99566770265082	gain	149439
PD62058a	6	26273389	28136698	2	1	M	0.8	1.99566770265082	gain	1863310
PD62058a	6	28136856	29830174	1	1	M	0.8	1.99566770265082	neutral	1693319
PD62058a	6	29830256	32201315	2	1	M	0.8	1.99566770265082	gain	2371060
PD62058a	6	32201349	33270071	1	1	M	0.8	1.99566770265082	neutral	1068723
PD62058a	6	33270281	33398310	2	2	M	0.8	1.99566770265082	gain	128030
PD62058a	6	33403592	45955125	1	1	M	0.8	1.99566770265082	neutral	12551534
PD62058a	6	45955300	47596062	2	1	M	0.8	1.99566770265082	gain	1640763
PD62058a	6	47599281	53930098	1	1	M	0.8	1.99566770265082	neutral	6330818
PD62058a	6	53930169	55263658	2	1	M	0.8	1.99566770265082	gain	1333490
PD62058a	6	55277463	109306069	1	1	M	0.8	1.99566770265082	neutral	54028607
PD62058a	6	109306111	109493355	2	2	M	0.8	1.99566770265082	gain	187245
PD62058a	6	109493628	112199981	1	1	M	0.8	1.99566770265082	neutral	2706354
PD62058a	6	112200072	113946213	2	1	M	0.8	1.99566770265082	gain	1746142
PD62058a	6	113948914	138092103	1	1	M	0.8	1.99566770265082	neutral	24143190
PD62058a	6	138092132	138512256	2	1	M	0.8	1.99566770265082	gain	420125
PD62058a	6	138512450	167864544	1	1	M	0.8	1.99566770265082	neutral	29352095
PD62058a	6	167864763	168059112	2	2	M	0.8	1.99566770265082	gain	194350
PD62058a	6	168059165	170584376	1	1	M	0.8	1.99566770265082	neutral	2525212
PD62058a	7	193222	1500092	1	1	M	0.8	1.99566770265082	neutral	1306871
PD62058a	7	1500163	1539085	2	1	M	0.8	1.99566770265082	gain	38923
PD62058a	7	1539111	47936760	1	1	M	0.8	1.99566770265082	neutral	46397650
PD62058a	7	47940119	47991017	4	0	M	0.8	1.99566770265082	gain	50899
PD62058a	7	47994396	100748494	1	1	M	0.8	1.99566770265082	neutral	52754099
PD62058a	7	100750506	100823584	1	0	M	0.8	1.99566770265082	loss	73079
PD62058a	7	100824159	100885792	2	1	M	0.8	1.99566770265082	gain	61634
PD62058a	7	100886342	142867516	1	1	M	0.8	1.99566770265082	neutral	41981175
PD62058a	7	142867630	143052342	1	0	M	0.8	1.99566770265082	loss	184713
PD62058a	7	143052598	143321381	2	1	M	0.8	1.99566770265082	gain	268784
PD62058a	7	143321392	149801938	1	1	M	0.8	1.99566770265082	neutral	6480547
PD62058a	7	149802064	149828799	1	0	M	0.8	1.99566770265082	loss	26736
PD62058a	7	149828851	152825143	1	1	M	0.8	1.99566770265082	neutral	2996293
PD62058a	7	152851997	152852273	1	0	M	0.8	1.99566770265082	loss	277
PD62058a	7	152853359	159233344	1	1	M	0.8	1.99566770265082	neutral	6379986
PD62058a	8	232977	10428193	1	1	M	0.8	1.99566770265082	neutral	10195217
PD62058a	8	10428216	11761696	1	0	M	0.8	1.99566770265082	loss	1333481
PD62058a	8	11761752	141357579	1	1	M	0.8	1.99566770265082	neutral	129595828
PD62058a	8	141357750	143536561	1	0	M	0.8	1.99566770265082	loss	2178812
PD62058a	8	143538013	144191041	1	1	M	0.8	1.99566770265082	neutral	653029
PD62058a	8	144191684	145054093	2	1	M	0.8	1.99566770265082	gain	862410
PD62058a	9	154795	14720195	1	1	M	0.8	1.99566770265082	neutral	14565401
PD62058a	9	14720249	14868655	1	0	M	0.8	1.99566770265082	loss	148407
PD62058a	9	14868729	15190496	1	1	M	0.8	1.99566770265082	neutral	321768
PD62058a	9	15190515	15723684	2	0	M	0.8	1.99566770265082	neutral	533170
PD62058a	9	15724951	15864684	1	0	M	0.8	1.99566770265082	loss	139734
PD62058a	9	15864694	111578842	1	1	M	0.8	1.99566770265082	neutral	95714149
PD62058a	9	111578941	112868786	2	1	M	0.8	1.99566770265082	gain	1289846
PD62058a	9	112868882	113370054	1	1	M	0.8	1.99566770265082	neutral	501173
PD62058a	9	113370084	113591525	2	1	M	0.8	1.99566770265082	gain	221442
PD62058a	9	113594013	123115928	1	1	M	0.8	1.99566770265082	neutral	9521916
PD62058a	9	123116037	123676821	2	1	M	0.8	1.99566770265082	gain	560785
PD62058a	9	123757669	127843154	1	1	M	0.8	1.99566770265082	neutral	4085486
PD62058a	9	127843193	128106286	2	1	M	0.8	1.99566770265082	gain	263094
PD62058a	9	128106552	129748633	1	1	M	0.8	1.99566770265082	neutral	1642082
PD62058a	9	129748672	129835339	2	1	M	0.8	1.99566770265082	gain	86668
PD62058a	9	129852655	137846607	1	1	M	0.8	1.99566770265082	neutral	7993953
PD62058a	9	137846617	138177292	1	0	M	0.8	1.99566770265082	loss	330676
PD62058a	10	49156	5917639	2	1	M	0.8	1.99566770265082	gain	5868484
PD62058a	10	5918246	30460776	1	1	M	0.8	1.99566770265082	neutral	24542531
PD62058a	10	30460873	31521895	1	0	M	0.8	1.99566770265082	loss	1061023
PD62058a	10	31524045	75176024	1	1	M	0.8	1.99566770265082	neutral	43651980
PD62058a	10	75211032	75407668	4	0	M	0.8	1.99566770265082	gain	196637
PD62058a	10	75431683	80144040	1	1	M	0.8	1.99566770265082	neutral	4712358
PD62058a	10	80144120	84196593	2	1	M	0.8	1.99566770265082	gain	4052474
PD62058a	10	84196656	84205902	3	3	M	0.8	1.99566770265082	gain	9247
PD62058a	10	84208444	97865727	1	1	M	0.8	1.99566770265082	neutral	13657284
PD62058a	10	97878648	98163380	1	0	M	0.8	1.99566770265082	loss	284733
PD62058a	10	98208577	110781139	1	1	M	0.8	1.99566770265082	neutral	12572563
PD62058a	10	110781304	114285997	2	1	M	0.8	1.99566770265082	gain	3504694
PD62058a	10	114286036	132366850	1	1	M	0.8	1.99566770265082	neutral	18080815
PD62058a	10	132404547	132710500	4	0	M	0.8	1.99566770265082	gain	305954
PD62058a	10	132726756	133224624	1	0	M	0.8	1.99566770265082	loss	497869
PD62058a	10	133230505	133625894	1	1	M	0.8	1.99566770265082	neutral	395390
PD62058a	11	197291	698841	1	1	M	0.8	1.99566770265082	neutral	501551
PD62058a	11	700180	842543	2	1	M	0.8	1.99566770265082	gain	142364
PD62058a	11	842627	1200759	1	1	M	0.8	1.99566770265082	neutral	358133
PD62058a	11	1223262	1241088	2	1	M	0.8	1.99566770265082	gain	17827
PD62058a	11	1241188	1263179	3	0	M	0.8	1.99566770265082	gain	21992
PD62058a	11	1263242	1839732	1	1	M	0.8	1.99566770265082	neutral	576491
PD62058a	11	1839995	2149056	1	0	M	0.8	1.99566770265082	loss	309062
PD62058a	11	2149086	6601011	1	1	M	0.8	1.99566770265082	neutral	4451926
PD62058a	11	6601163	6619550	5	0	M	0.8	1.99566770265082	gain	18388
PD62058a	11	6621514	17547541	1	1	M	0.8	1.99566770265082	neutral	10926028
PD62058a	11	17548169	17959500	1	0	M	0.8	1.99566770265082	loss	411332
PD62058a	11	17959623	55886141	1	1	M	0.8	1.99566770265082	neutral	37926519
PD62058a	11	55886193	56160108	1	0	M	0.8	1.99566770265082	loss	273916
PD62058a	11	56160115	57303041	1	1	M	0.8	1.99566770265082	neutral	1142927
PD62058a	11	57308353	57348584	4	0	M	0.8	1.99566770265082	gain	40232
PD62058a	11	57349623	59212828	1	1	M	0.8	1.99566770265082	neutral	1863206
PD62058a	11	59212905	59581660	2	0	M	0.8	1.99566770265082	neutral	368756
PD62058a	11	59593752	59859331	2	1	M	0.8	1.99566770265082	gain	265580
PD62058a	11	59861633	62533030	1	1	M	0.8	1.99566770265082	neutral	2671398
PD62058a	11	62533144	62789231	2	1	M	0.8	1.99566770265082	gain	256088
PD62058a	11	62789480	64221203	1	1	M	0.8	1.99566770265082	neutral	1431724
PD62058a	11	64223033	64343604	3	0	M	0.8	1.99566770265082	gain	120572
PD62058a	11	64343619	67228252	1	1	M	0.8	1.99566770265082	neutral	2884634
PD62058a	11	67245119	67416021	2	1	M	0.8	1.99566770265082	gain	170903
PD62058a	11	67416271	111909137	1	1	M	0.8	1.99566770265082	neutral	44492867
PD62058a	11	111910323	112217790	2	1	M	0.8	1.99566770265082	gain	307468
PD62058a	11	112217820	118315597	1	1	M	0.8	1.99566770265082	neutral	6097778
PD62058a	11	118339103	118339757	2	1	M	0.8	1.99566770265082	gain	655
PD62058a	11	118339924	133918960	1	1	M	0.8	1.99566770265082	neutral	15579037
PD62058a	11	133918961	134160197	1	0	M	0.8	1.99566770265082	loss	241237
PD62058a	11	134161702	134986843	1	1	M	0.8	1.99566770265082	neutral	825142
PD62058a	12	66973	6867538	1	1	M	0.8	1.99566770265082	neutral	6800566
PD62058a	12	6867736	6937582	2	2	M	0.8	1.99566770265082	gain	69847
PD62058a	12	6937674	8605211	1	1	M	0.8	1.99566770265082	neutral	1667538
PD62058a	12	8605273	8934485	1	0	M	0.8	1.99566770265082	loss	329213
PD62058a	12	8935211	52904795	1	1	M	0.8	1.99566770265082	neutral	43969585
PD62058a	12	52904798	53062202	2	2	M	0.8	1.99566770265082	gain	157405
PD62058a	12	53062494	56157344	1	1	M	0.8	1.99566770265082	neutral	3094851
PD62058a	12	56157555	56163804	3	2	M	0.8	1.99566770265082	gain	6250
PD62058a	12	56164699	71504650	1	1	M	0.8	1.99566770265082	neutral	15339952
PD62058a	12	71504736	71854788	2	1	M	0.8	1.99566770265082	gain	350053
PD62058a	12	71854895	98457008	1	1	M	0.8	1.99566770265082	neutral	26602114
PD62058a	12	98487213	98614304	3	0	M	0.8	1.99566770265082	gain	127092
PD62058a	12	98626307	100334128	1	1	M	0.8	1.99566770265082	neutral	1707822
PD62058a	12	100334249	102197022	2	1	M	0.8	1.99566770265082	gain	1862774
PD62058a	12	102201525	124486476	1	1	M	0.8	1.99566770265082	neutral	22284952
PD62058a	12	124486519	124947780	2	1	M	0.8	1.99566770265082	gain	461262
PD62058a	12	124947898	133234349	1	1	M	0.8	1.99566770265082	neutral	8286452
PD62058a	13	19026300	51937226	1	1	M	0.8	1.99566770265082	neutral	32910927
PD62058a	13	51937470	51946389	2	1	M	0.8	1.99566770265082	gain	8920
PD62058a	13	51946491	102731737	1	1	M	0.8	1.99566770265082	neutral	50785247
PD62058a	13	102732346	102747411	1	0	M	0.8	1.99566770265082	loss	15066
PD62058a	13	102747487	114325924	1	1	M	0.8	1.99566770265082	neutral	11578438
PD62058a	14	19097559	20299559	1	0	M	0.8	1.99566770265082	loss	1202001
PD62058a	14	20300703	20405649	1	1	M	0.8	1.99566770265082	neutral	104947
PD62058a	14	20406252	20641319	2	1	M	0.8	1.99566770265082	gain	235068
PD62058a	14	20641346	24059489	1	1	M	0.8	1.99566770265082	neutral	3418144
PD62058a	14	24059552	24331839	2	1	M	0.8	1.99566770265082	gain	272288
PD62058a	14	24331967	64587281	1	1	M	0.8	1.99566770265082	neutral	40255315
PD62058a	14	64587429	65012247	2	1	M	0.8	1.99566770265082	gain	424819
PD62058a	14	65012248	74299768	1	1	M	0.8	1.99566770265082	neutral	9287521
PD62058a	14	74299783	74676827	1	0	M	0.8	1.99566770265082	loss	377045
PD62058a	14	74683458	101064594	1	1	M	0.8	1.99566770265082	neutral	26381137
PD62058a	14	101064596	101066883	1	0	M	0.8	1.99566770265082	loss	2288
PD62058a	14	101552580	106874913	1	1	M	0.8	1.99566770265082	neutral	5322334
PD62058a	15	19964758	40813898	1	1	M	0.8	1.99566770265082	neutral	20849141
PD62058a	15	40813932	40938072	2	2	M	0.8	1.99566770265082	gain	124141
PD62058a	15	40953478	43770676	1	1	M	0.8	1.99566770265082	neutral	2817199
PD62058a	15	43773278	43798031	2	2	M	0.8	1.99566770265082	gain	24754
PD62058a	15	43798286	43814483	4	0	M	0.8	1.99566770265082	gain	16198
PD62058a	15	43814904	44633542	2	0	M	0.8	1.99566770265082	neutral	818639
PD62058a	15	44651559	47581408	2	1	M	0.8	1.99566770265082	gain	2929850
PD62058a	15	47581480	47761278	1	1	M	0.8	1.99566770265082	neutral	179799
PD62058a	15	47762113	48738304	1	0	M	0.8	1.99566770265082	loss	976192
PD62058a	15	48738468	101849544	1	1	M	0.8	1.99566770265082	neutral	53111077
PD62058a	16	47541	697179	1	1	M	0.8	1.99566770265082	neutral	649639
PD62058a	16	697322	730592	2	1	M	0.8	1.99566770265082	gain	33271
PD62058a	16	730664	762539	2	0	M	0.8	1.99566770265082	neutral	31876
PD62058a	16	763291	1426329	1	1	M	0.8	1.99566770265082	neutral	663039
PD62058a	16	1428295	1488517	1	0	M	0.8	1.99566770265082	loss	60223
PD62058a	16	1488559	1757985	1	1	M	0.8	1.99566770265082	neutral	269427
PD62058a	16	1758039	1773539	2	1	M	0.8	1.99566770265082	gain	15501
PD62058a	16	1773608	1963755	1	1	M	0.8	1.99566770265082	neutral	190148
PD62058a	16	1963851	1984275	2	2	M	0.8	1.99566770265082	gain	20425
PD62058a	16	1984584	3543379	1	1	M	0.8	1.99566770265082	neutral	1558796
PD62058a	16	3543521	3562894	1	0	M	0.8	1.99566770265082	loss	19374
PD62058a	16	3562897	28414773	1	1	M	0.8	1.99566770265082	neutral	24851877
PD62058a	16	28477622	28538796	4	0	M	0.8	1.99566770265082	gain	61175
PD62058a	16	28538948	56608579	1	1	M	0.8	1.99566770265082	neutral	28069632
PD62058a	16	56608705	56627039	2	2	M	0.8	1.99566770265082	gain	18335
PD62058a	16	56627110	75294018	1	1	M	0.8	1.99566770265082	neutral	18666909
PD62058a	16	75294081	75597297	2	1	M	0.8	1.99566770265082	gain	303217
PD62058a	16	75597469	81174743	1	1	M	0.8	1.99566770265082	neutral	5577275
PD62058a	16	81174868	81239048	1	0	M	0.8	1.99566770265082	loss	64181
PD62058a	16	81245446	88725689	1	1	M	0.8	1.99566770265082	neutral	7480244
PD62058a	16	88726317	88803659	1	0	M	0.8	1.99566770265082	loss	77343
PD62058a	16	88803691	88811922	3	0	M	0.8	1.99566770265082	gain	8232
PD62058a	16	88811949	90075852	1	1	M	0.8	1.99566770265082	neutral	1263904
PD62058a	17	156162	7831482	1	1	M	0.8	1.99566770265082	neutral	7675321
PD62058a	17	7831745	7890884	2	2	M	0.8	1.99566770265082	gain	59140
PD62058a	17	7893215	10443635	1	1	M	0.8	1.99566770265082	neutral	2550421
PD62058a	17	10444833	10460243	3	0	M	0.8	1.99566770265082	gain	15411
PD62058a	17	10462812	10504998	1	1	M	0.8	1.99566770265082	neutral	42187
PD62058a	17	10505006	10651775	1	0	M	0.8	1.99566770265082	loss	146770
PD62058a	17	10681101	10723231	2	1	M	0.8	1.99566770265082	gain	42131
PD62058a	17	10723361	28704734	1	1	M	0.8	1.99566770265082	neutral	17981374
PD62058a	17	28706734	28749606	5	0	M	0.8	1.99566770265082	gain	42873
PD62058a	17	28758290	28956969	3	0	M	0.8	1.99566770265082	gain	198680
PD62058a	17	28957176	29052842	1	0	M	0.8	1.99566770265082	loss	95667
PD62058a	17	29052860	35479130	1	1	M	0.8	1.99566770265082	neutral	6426271
PD62058a	17	35479132	35548274	1	0	M	0.8	1.99566770265082	loss	69143
PD62058a	17	35548498	41140541	1	1	M	0.8	1.99566770265082	neutral	5592044
PD62058a	17	41140554	41489424	1	0	M	0.8	1.99566770265082	loss	348871
PD62058a	17	41489478	41528185	2	1	M	0.8	1.99566770265082	gain	38708
PD62058a	17	41567345	44148470	1	1	M	0.8	1.99566770265082	neutral	2581126
PD62058a	17	44152565	48554908	2	0	M	0.8	1.99566770265082	neutral	4402344
PD62058a	17	48573699	48728228	5	0	M	0.8	1.99566770265082	gain	154530
PD62058a	17	48728264	48846022	4	0	M	0.8	1.99566770265082	gain	117759
PD62058a	17	48846063	58323092	2	0	M	0.8	1.99566770265082	neutral	9477030
PD62058a	17	58323122	58323227	1	0	M	0.8	1.99566770265082	loss	106
PD62058a	17	58323256	58527128	3	0	M	0.8	1.99566770265082	gain	203873
PD62058a	17	58531837	73199810	2	0	M	0.8	1.99566770265082	neutral	14667974
PD62058a	17	73199986	73236991	3	0	M	0.8	1.99566770265082	gain	37006
PD62058a	17	73237149	75035852	2	0	M	0.8	1.99566770265082	neutral	1798704
PD62058a	17	75035960	75098045	3	0	M	0.8	1.99566770265082	gain	62086
PD62058a	17	75098069	75612824	2	0	M	0.8	1.99566770265082	neutral	514756
PD62058a	17	75612953	75730928	3	0	M	0.8	1.99566770265082	gain	117976
PD62058a	17	75731387	78419621	2	0	M	0.8	1.99566770265082	neutral	2688235
PD62058a	17	78423887	78498849	1	0	M	0.8	1.99566770265082	loss	74963
PD62058a	17	78498879	83135891	2	0	M	0.8	1.99566770265082	neutral	4637013
PD62058a	18	120645	60623098	1	1	M	0.8	1.99566770265082	neutral	60502454
PD62058a	18	60623144	61816275	1	0	M	0.8	1.99566770265082	loss	1193132
PD62058a	18	62045901	80202756	1	1	M	0.8	1.99566770265082	neutral	18156856
PD62058a	19	281376	7626356	1	1	M	0.8	1.99566770265082	neutral	7344981
PD62058a	19	7626357	7646386	2	1	M	0.8	1.99566770265082	gain	20030
PD62058a	19	7647257	8002241	1	1	M	0.8	1.99566770265082	neutral	354985
PD62058a	19	8052985	8262171	1	0	M	0.8	1.99566770265082	loss	209187
PD62058a	19	8302274	8539933	1	1	M	0.8	1.99566770265082	neutral	237660
PD62058a	19	8539940	10091159	1	0	M	0.8	1.99566770265082	loss	1551220
PD62058a	19	10092699	10119874	3	0	M	0.8	1.99566770265082	gain	27176
PD62058a	19	10119920	14059035	1	1	M	0.8	1.99566770265082	neutral	3939116
PD62058a	19	14072400	14093715	4	0	M	0.8	1.99566770265082	gain	21316
PD62058a	19	14097936	15010997	1	1	M	0.8	1.99566770265082	neutral	913062
PD62058a	19	15011012	15110039	1	0	M	0.8	1.99566770265082	loss	99028
PD62058a	19	15110439	15122860	2	1	M	0.8	1.99566770265082	gain	12422
PD62058a	19	15122921	22403304	1	1	M	0.8	1.99566770265082	neutral	7280384
PD62058a	19	22403362	23146352	1	0	M	0.8	1.99566770265082	loss	742991
PD62058a	19	23222994	32711815	1	1	M	0.8	1.99566770265082	neutral	9488822
PD62058a	19	32719963	32756042	1	0	M	0.8	1.99566770265082	loss	36080
PD62058a	19	32757059	35106788	1	1	M	0.8	1.99566770265082	neutral	2349730
PD62058a	19	35106825	35141272	3	3	M	0.8	1.99566770265082	gain	34448
PD62058a	19	35141282	39269314	1	1	M	0.8	1.99566770265082	neutral	4128033
PD62058a	19	39269334	39380941	1	0	M	0.8	1.99566770265082	loss	111608
PD62058a	19	39381082	39415366	2	2	M	0.8	1.99566770265082	gain	34285
PD62058a	19	39415400	40725261	1	1	M	0.8	1.99566770265082	neutral	1309862
PD62058a	19	40729133	40810488	2	1	M	0.8	1.99566770265082	gain	81356
PD62058a	19	40818669	41756671	1	1	M	0.8	1.99566770265082	neutral	938003
PD62058a	19	41756698	41762244	3	2	M	0.8	1.99566770265082	gain	5547
PD62058a	19	41762330	42594779	1	1	M	0.8	1.99566770265082	neutral	832450
PD62058a	19	42723922	43026340	1	0	M	0.8	1.99566770265082	loss	302419
PD62058a	19	43026342	47802293	1	1	M	0.8	1.99566770265082	neutral	4775952
PD62058a	19	47802297	47992081	1	0	M	0.8	1.99566770265082	loss	189785
PD62058a	19	48008631	49309774	1	1	M	0.8	1.99566770265082	neutral	1301144
PD62058a	19	49309952	49436874	1	0	M	0.8	1.99566770265082	loss	126923
PD62058a	19	49441311	51345141	1	1	M	0.8	1.99566770265082	neutral	1903831
PD62058a	19	51346867	54099839	1	0	M	0.8	1.99566770265082	loss	2752973
PD62058a	19	54100748	54465525	1	1	M	0.8	1.99566770265082	neutral	364778
PD62058a	19	54498201	55320478	1	0	M	0.8	1.99566770265082	loss	822278
PD62058a	19	55320651	55403076	1	1	M	0.8	1.99566770265082	neutral	82426
PD62058a	19	55404542	57547197	1	0	M	0.8	1.99566770265082	loss	2142656
PD62058a	19	57547371	58572521	1	1	M	0.8	1.99566770265082	neutral	1025151
PD62058a	20	87623	17512110	1	1	M	0.8	1.99566770265082	neutral	17424488
PD62058a	20	17514683	18142641	2	1	M	0.8	1.99566770265082	gain	627959
PD62058a	20	18142931	64273629	1	1	M	0.8	1.99566770265082	neutral	46130699
PD62058a	21	9068512	30165921	1	1	M	0.8	1.99566770265082	neutral	21097410
PD62058a	21	30165959	31213493	1	0	M	0.8	1.99566770265082	loss	1047535
PD62058a	21	31217511	44339226	1	1	M	0.8	1.99566770265082	neutral	13121716
PD62058a	21	44339314	44801582	1	0	M	0.8	1.99566770265082	loss	462269
PD62058a	21	44801652	44895028	1	1	M	0.8	1.99566770265082	neutral	93377
PD62058a	21	44895052	46664392	1	0	M	0.8	1.99566770265082	loss	1769341
PD62058a	22	16572142	37508950	1	1	M	0.8	1.99566770265082	neutral	20936809
PD62058a	22	37508956	37655992	2	1	M	0.8	1.99566770265082	gain	147037
PD62058a	22	37656047	37810117	3	0	M	0.8	1.99566770265082	gain	154071
PD62058a	22	37810264	39670915	1	1	M	0.8	1.99566770265082	neutral	1860652
PD62058a	22	39670953	39765593	1	0	M	0.8	1.99566770265082	loss	94641
PD62058a	22	39821109	50526017	1	1	M	0.8	1.99566770265082	neutral	10704909
PD62058a	22	50526170	50604457	2	1	M	0.8	1.99566770265082	gain	78288
PD62058a	22	50604796	50780662	1	1	M	0.8	1.99566770265082	neutral	175867
PD62058a	X	284193	1378620	2	0	M	0.8	1.99566770265082	gain	1094428
PD62058a	X	1378705	1435014	3	0	M	0.8	1.99566770265082	gain	56310
PD62058a	X	1435016	2740759	2	0	M	0.8	1.99566770265082	gain	1305744
PD62058a	X	2770446	2774703	3	0	M	0.8	1.99566770265082	gain	4258
PD62058a	X	2781986	2938114	2	0	M	0.8	1.99566770265082	gain	156129
PD62058a	X	2949286	49123710	1	0	M	0.8	1.99566770265082	neutral	46174425
PD62058a	X	49157331	49175942	3	0	M	0.8	1.99566770265082	gain	18612
PD62058a	X	49177131	118641152	1	0	M	0.8	1.99566770265082	neutral	69464022
PD62058a	X	118654893	119943285	2	0	M	0.8	1.99566770265082	gain	1288393
PD62058a	X	120077077	155997686	1	0	M	0.8	1.99566770265082	neutral	35920610
PD62058a	X	155997715	156005413	2	0	M	0.8	1.99566770265082	gain	7699
PD62058c	1	69511	248918428	1	1	M	0.54	1.98530282374794	neutral	248848918
PD62058c	2	41404	242004549	1	1	M	0.54	1.98530282374794	neutral	241963146
PD62058c	3	197664	198038561	1	1	M	0.54	1.98530282374794	neutral	197840898
PD62058c	4	85813	190025891	1	1	M	0.54	1.98530282374794	neutral	189940079
PD62058c	5	140238	181260906	1	1	M	0.54	1.98530282374794	neutral	181120669
PD62058c	6	203397	170584376	1	1	M	0.54	1.98530282374794	neutral	170380980
PD62058c	7	193222	159233344	1	1	M	0.54	1.98530282374794	neutral	159040123
PD62058c	8	232977	145054093	1	1	M	0.54	1.98530282374794	neutral	144821117
PD62058c	9	154795	138177292	1	1	M	0.54	1.98530282374794	neutral	138022498
PD62058c	10	49156	133625894	1	1	M	0.54	1.98530282374794	neutral	133576739
PD62058c	11	197291	134986843	1	1	M	0.54	1.98530282374794	neutral	134789553
PD62058c	12	66973	133234349	1	1	M	0.54	1.98530282374794	neutral	133167377
PD62058c	13	19026300	114325924	1	1	M	0.54	1.98530282374794	neutral	95299625
PD62058c	14	19097559	106874913	1	1	M	0.54	1.98530282374794	neutral	87777355
PD62058c	15	19964758	101849544	1	1	M	0.54	1.98530282374794	neutral	81884787
PD62058c	16	47541	90075852	1	1	M	0.54	1.98530282374794	neutral	90028312
PD62058c	17	156162	44147882	1	1	M	0.54	1.98530282374794	neutral	43991721
PD62058c	17	44148114	83135891	2	0	M	0.54	1.98530282374794	neutral	38987778
PD62058c	18	120645	80202756	1	1	M	0.54	1.98530282374794	neutral	80082112
PD62058c	19	281376	41756671	1	1	M	0.54	1.98530282374794	neutral	41475296
PD62058c	19	41756698	41797857	2	1	M	0.54	1.98530282374794	gain	41160
PD62058c	19	41807119	58572521	1	1	M	0.54	1.98530282374794	neutral	16765403
PD62058c	20	87623	64273629	1	1	M	0.54	1.98530282374794	neutral	64186007
PD62058c	21	9068512	46664392	1	1	M	0.54	1.98530282374794	neutral	37595881
PD62058c	22	16572142	50780662	1	1	M	0.54	1.98530282374794	neutral	34208521
PD62058c	X	284193	1348341	2	0	M	0.54	1.98530282374794	gain	1064149
PD62058c	X	1348343	1435014	1	0	M	0.54	1.98530282374794	neutral	86672
PD62058c	X	1435016	2740759	2	0	M	0.54	1.98530282374794	gain	1305744
PD62058c	X	2770446	2774703	3	0	M	0.54	1.98530282374794	gain	4258
PD62058c	X	2781986	155524613	1	0	M	0.54	1.98530282374794	neutral	152742628
PD62058c	X	155773979	156005413	2	0	M	0.54	1.98530282374794	gain	231435
PD62060a	1	69511	4712475	1	1	M	0.6	1.87225057334212	neutral	4642965
PD62060a	1	4712525	30742440	1	0	M	0.6	1.87225057334212	loss	26029916
PD62060a	1	30742517	248918428	1	1	M	0.6	1.87225057334212	neutral	218175912
PD62060a	2	41509	230462576	1	1	M	0.6	1.87225057334212	neutral	230421068
PD62060a	2	230463981	230473245	1	0	M	0.6	1.87225057334212	loss	9265
PD62060a	2	230473496	242004549	1	1	M	0.6	1.87225057334212	neutral	11531054
PD62060a	3	197630	198038561	1	1	M	0.6	1.87225057334212	neutral	197840932
PD62060a	4	85813	190025891	1	1	M	0.6	1.87225057334212	neutral	189940079
PD62060a	5	140238	89120537	1	1	M	0.6	1.87225057334212	neutral	88980300
PD62060a	5	90016670	141237003	1	0	M	0.6	1.87225057334212	loss	51220334
PD62060a	5	141240488	181260906	1	1	M	0.6	1.87225057334212	neutral	40020419
PD62060a	6	203397	32331967	1	1	M	0.6	1.87225057334212	neutral	32128571
PD62060a	6	32331987	33585786	1	0	M	0.6	1.87225057334212	loss	1253800
PD62060a	6	33586545	144803015	1	1	M	0.6	1.87225057334212	neutral	111216471
PD62060a	6	144803159	164687729	1	0	M	0.6	1.87225057334212	loss	19884571
PD62060a	6	165280060	170584376	1	1	M	0.6	1.87225057334212	neutral	5304317
PD62060a	7	193222	159233324	1	1	M	0.6	1.87225057334212	neutral	159040103
PD62060a	8	232977	19313821	1	1	M	0.6	1.87225057334212	neutral	19080845
PD62060a	8	19313865	33592312	1	0	M	0.6	1.87225057334212	loss	14278448
PD62060a	8	33593508	145054093	1	1	M	0.6	1.87225057334212	neutral	111460586
PD62060a	9	154795	138177317	1	1	M	0.6	1.87225057334212	neutral	138022523
PD62060a	10	49134	133625894	1	1	M	0.6	1.87225057334212	neutral	133576761
PD62060a	11	197291	54591521	1	1	M	0.6	1.87225057334212	neutral	54394231
PD62060a	11	54591570	134986843	1	0	M	0.6	1.87225057334212	loss	80395274
PD62060a	12	66973	3680286	2	1	M	0.6	1.87225057334212	gain	3613314
PD62060a	12	3680396	5045880	4	1	M	0.6	1.87225057334212	gain	1365485
PD62060a	12	5494436	133234349	1	1	M	0.6	1.87225057334212	neutral	127739914
PD62060a	13	19026300	114325924	2	1	M	0.6	1.87225057334212	gain	95299625
PD62060a	14	19097559	22105733	1	1	M	0.6	1.87225057334212	neutral	3008175
PD62060a	14	22105745	22478829	2	1	M	0.6	1.87225057334212	gain	373085
PD62060a	14	22478914	105855266	1	1	M	0.6	1.87225057334212	neutral	83376353
PD62060a	14	105855447	105864679	1	0	M	0.6	1.87225057334212	loss	9233
PD62060a	14	105864693	105881512	2	1	M	0.6	1.87225057334212	gain	16820
PD62060a	14	105881513	106874913	1	1	M	0.6	1.87225057334212	neutral	993401
PD62060a	15	19964758	101849608	1	1	M	0.6	1.87225057334212	neutral	81884851
PD62060a	16	47354	90094900	1	1	M	0.6	1.87225057334212	neutral	90047547
PD62060a	17	156162	6109659	1	1	M	0.6	1.87225057334212	neutral	5953498
PD62060a	17	6109750	18661862	1	0	M	0.6	1.87225057334212	loss	12552113
PD62060a	17	18662035	43861844	1	1	M	0.6	1.87225057334212	neutral	25199810
PD62060a	17	43877755	83135891	2	0	M	0.6	1.87225057334212	neutral	39258137
PD62060a	18	120645	80202756	1	0	M	0.6	1.87225057334212	loss	80082112
PD62060a	19	281360	58572521	1	1	M	0.6	1.87225057334212	neutral	58291162
PD62060a	20	87623	64273629	1	1	M	0.6	1.87225057334212	neutral	64186007
PD62060a	21	9068512	46664523	1	1	M	0.6	1.87225057334212	neutral	37596012
PD62060a	22	16572142	50780662	1	0	M	0.6	1.87225057334212	loss	34208521
PD62060a	X	284193	2774703	2	0	M	0.6	1.87225057334212	gain	2490511
PD62060a	X	2781927	155545046	1	0	M	0.6	1.87225057334212	neutral	152763120
PD62060a	X	155773979	156005413	2	0	M	0.6	1.87225057334212	gain	231435
PD62060c	1	69511	6254421	1	1	M	0.46	1.89423524019556	neutral	6184911
PD62060c	1	6254623	30757720	1	0	M	0.46	1.89423524019556	loss	24503098
PD62060c	1	30757821	248918428	1	1	M	0.46	1.89423524019556	neutral	218160608
PD62060c	2	41509	242004549	1	1	M	0.46	1.89423524019556	neutral	241963041
PD62060c	3	197630	198038561	1	1	M	0.46	1.89423524019556	neutral	197840932
PD62060c	4	85813	190025891	1	1	M	0.46	1.89423524019556	neutral	189940079
PD62060c	5	140238	90016765	1	1	M	0.46	1.89423524019556	neutral	89876528
PD62060c	5	90394156	141237003	1	0	M	0.46	1.89423524019556	loss	50842848
PD62060c	5	141240488	181260906	1	1	M	0.46	1.89423524019556	neutral	40020419
PD62060c	6	203397	32370609	1	1	M	0.46	1.89423524019556	neutral	32167213
PD62060c	6	32371571	33593077	1	0	M	0.46	1.89423524019556	loss	1221507
PD62060c	6	33593087	144557201	1	1	M	0.46	1.89423524019556	neutral	110964115
PD62060c	6	144577074	165301462	1	0	M	0.46	1.89423524019556	loss	20724389
PD62060c	6	165301517	170584376	1	1	M	0.46	1.89423524019556	neutral	5282860
PD62060c	7	193222	159233324	1	1	M	0.46	1.89423524019556	neutral	159040103
PD62060c	8	232977	145054093	1	1	M	0.46	1.89423524019556	neutral	144821117
PD62060c	9	154795	138177317	1	1	M	0.46	1.89423524019556	neutral	138022523
PD62060c	10	49134	133625894	1	1	M	0.46	1.89423524019556	neutral	133576761
PD62060c	11	197291	621063	1	1	M	0.46	1.89423524019556	neutral	423773
PD62060c	11	621182	5403631	2	1	M	0.46	1.89423524019556	gain	4782450
PD62060c	11	5422085	54591802	1	1	M	0.46	1.89423524019556	neutral	49169718
PD62060c	11	54591893	134986843	1	0	M	0.46	1.89423524019556	loss	80394951
PD62060c	12	66973	133234349	1	1	M	0.46	1.89423524019556	neutral	133167377
PD62060c	13	19026300	114325924	1	1	M	0.46	1.89423524019556	neutral	95299625
PD62060c	14	19097559	21941350	1	1	M	0.46	1.89423524019556	neutral	2843792
PD62060c	14	21941380	22482927	2	1	M	0.46	1.89423524019556	gain	541548
PD62060c	14	22483025	105855266	1	1	M	0.46	1.89423524019556	neutral	83372242
PD62060c	14	105855447	105864660	1	0	M	0.46	1.89423524019556	loss	9214
PD62060c	14	105864662	106874913	1	1	M	0.46	1.89423524019556	neutral	1010252
PD62060c	15	19964758	101849608	1	1	M	0.46	1.89423524019556	neutral	81884851
PD62060c	16	47354	90094900	1	1	M	0.46	1.89423524019556	neutral	90047547
PD62060c	17	156162	6427112	1	1	M	0.46	1.89423524019556	neutral	6270951
PD62060c	17	6428241	8444115	1	0	M	0.46	1.89423524019556	loss	2015875
PD62060c	17	8450732	8476980	2	1	M	0.46	1.89423524019556	gain	26249
PD62060c	17	8477112	8909366	1	0	M	0.46	1.89423524019556	loss	432255
PD62060c	17	8911402	13000282	1	1	M	0.46	1.89423524019556	neutral	4088881
PD62060c	17	13002257	18661862	1	0	M	0.46	1.89423524019556	loss	5659606
PD62060c	17	18662035	43399725	1	1	M	0.46	1.89423524019556	neutral	24737691
PD62060c	17	43399969	83135891	2	0	M	0.46	1.89423524019556	neutral	39735923
PD62060c	18	120645	15006053	1	1	M	0.46	1.89423524019556	neutral	14885409
PD62060c	18	20954783	80202756	1	0	M	0.46	1.89423524019556	loss	59247974
PD62060c	19	281360	58572521	1	1	M	0.46	1.89423524019556	neutral	58291162
PD62060c	20	87623	6040928	1	1	M	0.46	1.89423524019556	neutral	5953306
PD62060c	20	6041057	64273629	2	1	M	0.46	1.89423524019556	gain	58232573
PD62060c	21	9068512	46664523	1	1	M	0.46	1.89423524019556	neutral	37596012
PD62060c	22	16572142	50780662	1	0	M	0.46	1.89423524019556	loss	34208521
PD62060c	X	284193	2774703	2	0	M	0.46	1.89423524019556	gain	2490511
PD62060c	X	2781927	155545046	1	0	M	0.46	1.89423524019556	neutral	152763120
PD62060c	X	155773979	156005413	2	0	M	0.46	1.89423524019556	gain	231435
PD62064a	1	826681	248918428	1	1	M	1	1.98536874286859	neutral	248091748
PD62064a	2	41393	242004549	1	1	M	1	1.98536874286859	neutral	241963157
PD62064a	3	197937	198038561	1	1	M	1	1.98536874286859	neutral	197840625
PD62064a	4	85813	190025891	1	1	M	1	1.98536874286859	neutral	189940079
PD62064a	5	140238	140701022	1	1	M	1	1.98536874286859	neutral	140560785
PD62064a	5	140704103	141151196	2	1	M	1	1.98536874286859	gain	447094
PD62064a	5	141151271	181260906	1	1	M	1	1.98536874286859	neutral	40109636
PD62064a	6	203397	170584376	1	1	M	1	1.98536874286859	neutral	170380980
PD62064a	7	193222	159233344	1	1	M	1	1.98536874286859	neutral	159040123
PD62064a	8	232977	145054093	1	1	M	1	1.98536874286859	neutral	144821117
PD62064a	9	154795	138177317	1	1	M	1	1.98536874286859	neutral	138022523
PD62064a	10	49230	133625894	1	1	M	1	1.98536874286859	neutral	133576665
PD62064a	11	197291	134986843	1	1	M	1	1.98536874286859	neutral	134789553
PD62064a	12	66973	133234532	1	1	M	1	1.98536874286859	neutral	133167560
PD62064a	13	19026300	114325924	1	1	M	1	1.98536874286859	neutral	95299625
PD62064a	14	19733402	106874913	1	1	M	1	1.98536874286859	neutral	87141512
PD62064a	15	19964758	101849608	1	1	M	1	1.98536874286859	neutral	81884851
PD62064a	16	47541	90094880	1	1	M	1	1.98536874286859	neutral	90047340
PD62064a	17	156162	83135891	1	1	M	1	1.98536874286859	neutral	82979730
PD62064a	18	120645	80202756	1	1	M	1	1.98536874286859	neutral	80082112
PD62064a	19	281468	58572521	1	1	M	1	1.98536874286859	neutral	58291054
PD62064a	20	87623	64273492	1	1	M	1	1.98536874286859	neutral	64185870
PD62064a	21	9068512	46664392	1	1	M	1	1.98536874286859	neutral	37595881
PD62064a	22	16572142	50780662	1	1	M	1	1.98536874286859	neutral	34208521
PD62064a	X	284193	2774703	2	0	M	1	1.98536874286859	gain	2490511
PD62064a	X	2781927	155524613	1	0	M	1	1.98536874286859	neutral	152742687
PD62064a	X	155773979	156005413	2	0	M	1	1.98536874286859	gain	231435
PD62064c	1	826681	248918428	1	1	M	0.47	1.98473266485029	neutral	248091748
PD62064c	2	41393	242004549	1	1	M	0.47	1.98473266485029	neutral	241963157
PD62064c	3	197937	198038561	1	1	M	0.47	1.98473266485029	neutral	197840625
PD62064c	4	85813	190025891	1	1	M	0.47	1.98473266485029	neutral	189940079
PD62064c	5	140238	181260906	1	1	M	0.47	1.98473266485029	neutral	181120669
PD62064c	6	203397	170584376	1	1	M	0.47	1.98473266485029	neutral	170380980
PD62064c	7	193222	101362935	1	1	M	0.47	1.98473266485029	neutral	101169714
PD62064c	7	101362942	101532973	1	0	M	0.47	1.98473266485029	loss	170032
PD62064c	7	101533224	159233344	1	1	M	0.47	1.98473266485029	neutral	57700121
PD62064c	8	232977	145054093	1	1	M	0.47	1.98473266485029	neutral	144821117
PD62064c	9	154795	138177317	1	1	M	0.47	1.98473266485029	neutral	138022523
PD62064c	10	49230	133625894	1	1	M	0.47	1.98473266485029	neutral	133576665
PD62064c	11	197291	134986843	1	1	M	0.47	1.98473266485029	neutral	134789553
PD62064c	12	66973	133234532	1	1	M	0.47	1.98473266485029	neutral	133167560
PD62064c	13	19026300	114325924	1	1	M	0.47	1.98473266485029	neutral	95299625
PD62064c	14	19733402	106874913	1	1	M	0.47	1.98473266485029	neutral	87141512
PD62064c	15	19964758	101849608	1	1	M	0.47	1.98473266485029	neutral	81884851
PD62064c	16	47541	90094880	1	1	M	0.47	1.98473266485029	neutral	90047340
PD62064c	17	156162	83135891	1	1	M	0.47	1.98473266485029	neutral	82979730
PD62064c	18	120645	80202756	1	1	M	0.47	1.98473266485029	neutral	80082112
PD62064c	19	281468	58572521	1	1	M	0.47	1.98473266485029	neutral	58291054
PD62064c	20	87623	279138	2	1	M	0.47	1.98473266485029	gain	191516
PD62064c	20	279177	64273492	1	1	M	0.47	1.98473266485029	neutral	63994316
PD62064c	21	9068512	46664392	1	1	M	0.47	1.98473266485029	neutral	37595881
PD62064c	22	16572142	50780662	1	1	M	0.47	1.98473266485029	neutral	34208521
PD62064c	X	284193	2774703	2	0	M	0.47	1.98473266485029	gain	2490511
PD62064c	X	2781927	155524613	1	0	M	0.47	1.98473266485029	neutral	152742687
PD62064c	X	155773979	155898177	3	0	M	0.47	1.98473266485029	gain	124199
PD62064c	X	155898234	156005413	2	0	M	0.47	1.98473266485029	gain	107180
PD62064d	1	826681	248918428	1	1	M	0.5	1.98460147294804	neutral	248091748
PD62064d	2	41393	242004549	1	1	M	0.5	1.98460147294804	neutral	241963157
PD62064d	3	197937	198038561	1	1	M	0.5	1.98460147294804	neutral	197840625
PD62064d	4	85813	190025891	1	1	M	0.5	1.98460147294804	neutral	189940079
PD62064d	5	140238	181260906	1	1	M	0.5	1.98460147294804	neutral	181120669
PD62064d	6	203397	170584376	1	1	M	0.5	1.98460147294804	neutral	170380980
PD62064d	7	193222	159233344	1	1	M	0.5	1.98460147294804	neutral	159040123
PD62064d	8	232977	145054093	1	1	M	0.5	1.98460147294804	neutral	144821117
PD62064d	9	154795	138177317	1	1	M	0.5	1.98460147294804	neutral	138022523
PD62064d	10	49230	133625894	1	1	M	0.5	1.98460147294804	neutral	133576665
PD62064d	11	197291	134986843	1	1	M	0.5	1.98460147294804	neutral	134789553
PD62064d	12	66973	133234532	1	1	M	0.5	1.98460147294804	neutral	133167560
PD62064d	13	19026300	114325924	1	1	M	0.5	1.98460147294804	neutral	95299625
PD62064d	14	19733402	106874913	1	1	M	0.5	1.98460147294804	neutral	87141512
PD62064d	15	19964758	101849608	1	1	M	0.5	1.98460147294804	neutral	81884851
PD62064d	16	47541	90094880	1	1	M	0.5	1.98460147294804	neutral	90047340
PD62064d	17	156162	83135891	1	1	M	0.5	1.98460147294804	neutral	82979730
PD62064d	18	120645	80202756	1	1	M	0.5	1.98460147294804	neutral	80082112
PD62064d	19	281468	58572521	1	1	M	0.5	1.98460147294804	neutral	58291054
PD62064d	20	87623	64273492	1	1	M	0.5	1.98460147294804	neutral	64185870
PD62064d	21	9068512	46664392	1	1	M	0.5	1.98460147294804	neutral	37595881
PD62064d	22	16572142	50780662	1	1	M	0.5	1.98460147294804	neutral	34208521
PD62064d	X	284193	2770653	2	0	M	0.5	1.98460147294804	gain	2486461
PD62064d	X	2774669	155524613	1	0	M	0.5	1.98460147294804	neutral	152749945
PD62064d	X	155773979	156005413	2	0	M	0.5	1.98460147294804	gain	231435
PD62065a	1	826681	248918428	1	1	M	0.55	2.02348822265062	neutral	248091748
PD62065a	2	41393	88861069	1	1	M	0.55	2.02348822265062	neutral	88819677
PD62065a	2	88861074	88861160	0	0	M	0.55	2.02348822265062	loss	87
PD62065a	2	88861175	88861407	2	2	M	0.55	2.02348822265062	gain	233
PD62065a	2	88861410	88861669	3	0	M	0.55	2.02348822265062	gain	260
PD62065a	2	88861673	88897241	1	0	M	0.55	2.02348822265062	loss	35569
PD62065a	2	88897390	176189326	1	1	M	0.55	2.02348822265062	neutral	87291937
PD62065a	2	176189509	177551930	2	1	M	0.55	2.02348822265062	gain	1362422
PD62065a	2	177552063	242004549	1	1	M	0.55	2.02348822265062	neutral	64452487
PD62065a	3	197630	75737045	1	1	M	0.55	2.02348822265062	neutral	75539416
PD62065a	3	75737079	77040964	4	0	M	0.55	2.02348822265062	gain	1303886
PD62065a	3	77097888	77477686	0	0	M	0.55	2.02348822265062	loss	379799
PD62065a	3	77493183	198038561	1	1	M	0.55	2.02348822265062	neutral	120545379
PD62065a	4	85813	190025891	1	1	M	0.55	2.02348822265062	neutral	189940079
PD62065a	5	140238	181260906	1	1	M	0.55	2.02348822265062	neutral	181120669
PD62065a	6	203397	29829919	1	1	M	0.55	2.02348822265062	neutral	29626523
PD62065a	6	29830174	29888245	2	1	M	0.55	2.02348822265062	gain	58072
PD62065a	6	29888401	170584376	1	1	M	0.55	2.02348822265062	neutral	140695976
PD62065a	7	193222	4759216	1	1	M	0.55	2.02348822265062	neutral	4565995
PD62065a	7	4759304	5199488	2	1	M	0.55	2.02348822265062	gain	440185
PD62065a	7	5199508	159233344	1	1	M	0.55	2.02348822265062	neutral	154033837
PD62065a	8	232977	145054093	2	1	M	0.55	2.02348822265062	gain	144821117
PD62065a	9	154795	138177317	1	1	M	0.55	2.02348822265062	neutral	138022523
PD62065a	10	49156	94588396	1	1	M	0.55	2.02348822265062	neutral	94539241
PD62065a	10	94588478	94720472	2	1	M	0.55	2.02348822265062	gain	131995
PD62065a	10	94724372	132912865	1	1	M	0.55	2.02348822265062	neutral	38188494
PD62065a	10	132912867	133167677	2	1	M	0.55	2.02348822265062	gain	254811
PD62065a	10	133168186	133625894	1	1	M	0.55	2.02348822265062	neutral	457709
PD62065a	11	197291	134986843	1	1	M	0.55	2.02348822265062	neutral	134789553
PD62065a	12	66973	29291295	2	0	M	0.55	2.02348822265062	neutral	29224323
PD62065a	12	29291304	133234349	1	1	M	0.55	2.02348822265062	neutral	103943046
PD62065a	13	19026300	19375146	2	0	M	0.55	2.02348822265062	neutral	348847
PD62065a	13	19375147	114325924	1	1	M	0.55	2.02348822265062	neutral	94950778
PD62065a	14	19733402	106874913	1	1	M	0.55	2.02348822265062	neutral	87141512
PD62065a	15	19964758	101849608	1	1	M	0.55	2.02348822265062	neutral	81884851
PD62065a	16	47354	50292858	1	1	M	0.55	2.02348822265062	neutral	50245505
PD62065a	16	50293305	50328926	1	0	M	0.55	2.02348822265062	loss	35622
PD62065a	16	50334610	90094880	1	1	M	0.55	2.02348822265062	neutral	39760271
PD62065a	17	156162	41101789	1	1	M	0.55	2.02348822265062	neutral	40945628
PD62065a	17	41101818	41302915	1	0	M	0.55	2.02348822265062	loss	201098
PD62065a	17	41307750	42219890	1	1	M	0.55	2.02348822265062	neutral	912141
PD62065a	17	42219917	83135759	2	0	M	0.55	2.02348822265062	neutral	40915843
PD62065a	18	117381	74567390	1	1	M	0.55	2.02348822265062	neutral	74450010
PD62065a	18	74567400	80202756	2	1	M	0.55	2.02348822265062	gain	5635357
PD62065a	19	281468	8860932	1	1	M	0.55	2.02348822265062	neutral	8579465
PD62065a	19	8861203	8935315	1	0	M	0.55	2.02348822265062	loss	74113
PD62065a	19	8936200	11947526	1	1	M	0.55	2.02348822265062	neutral	3011327
PD62065a	19	11947527	12147349	2	1	M	0.55	2.02348822265062	gain	199823
PD62065a	19	12147441	45353210	1	1	M	0.55	2.02348822265062	neutral	33205770
PD62065a	19	45353263	45355535	0	0	M	0.55	2.02348822265062	loss	2273
PD62065a	19	45355779	58572521	1	1	M	0.55	2.02348822265062	neutral	13216743
PD62065a	20	87623	64273629	1	1	M	0.55	2.02348822265062	neutral	64186007
PD62065a	21	9068512	46664523	1	1	M	0.55	2.02348822265062	neutral	37596012
PD62065a	22	16572142	50780662	1	1	M	0.55	2.02348822265062	neutral	34208521
PD62065a	X	284193	2794620	3	0	M	0.55	2.02348822265062	gain	2510428
PD62065a	X	2797283	155061845	1	0	M	0.55	2.02348822265062	neutral	152264563
PD62065a	X	155061915	156005413	2	0	M	0.55	2.02348822265062	gain	943499
PD62065c	1	826681	248918428	1	1	M	0.86	1.98388377751497	neutral	248091748
PD62065c	2	41393	242004549	1	1	M	0.86	1.98388377751497	neutral	241963157
PD62065c	3	197630	198038561	1	1	M	0.86	1.98388377751497	neutral	197840932
PD62065c	4	85813	190025891	1	1	M	0.86	1.98388377751497	neutral	189940079
PD62065c	5	140238	181260906	1	1	M	0.86	1.98388377751497	neutral	181120669
PD62065c	6	203397	170584376	1	1	M	0.86	1.98388377751497	neutral	170380980
PD62065c	7	193222	159233344	1	1	M	0.86	1.98388377751497	neutral	159040123
PD62065c	8	232977	145054093	1	1	M	0.86	1.98388377751497	neutral	144821117
PD62065c	9	154795	138177317	1	1	M	0.86	1.98388377751497	neutral	138022523
PD62065c	10	49156	133625894	1	1	M	0.86	1.98388377751497	neutral	133576739
PD62065c	11	197291	134986843	1	1	M	0.86	1.98388377751497	neutral	134789553
PD62065c	12	66973	133234532	1	1	M	0.86	1.98388377751497	neutral	133167560
PD62065c	13	19026300	114325924	1	1	M	0.86	1.98388377751497	neutral	95299625
PD62065c	14	19733402	106874913	1	1	M	0.86	1.98388377751497	neutral	87141512
PD62065c	15	19964758	89751079	1	1	M	0.86	1.98388377751497	neutral	69786322
PD62065c	15	89751199	89765000	0	0	M	0.86	1.98388377751497	loss	13802
PD62065c	15	89765022	101849608	1	1	M	0.86	1.98388377751497	neutral	12084587
PD62065c	16	47354	90094880	1	1	M	0.86	1.98388377751497	neutral	90047527
PD62065c	17	156162	83135759	1	1	M	0.86	1.98388377751497	neutral	82979598
PD62065c	18	117381	80202756	1	1	M	0.86	1.98388377751497	neutral	80085376
PD62065c	19	281468	58572521	1	1	M	0.86	1.98388377751497	neutral	58291054
PD62065c	20	87623	64273629	1	1	M	0.86	1.98388377751497	neutral	64186007
PD62065c	21	9068512	46664523	1	1	M	0.86	1.98388377751497	neutral	37596012
PD62065c	22	16572142	50780662	1	1	M	0.86	1.98388377751497	neutral	34208521
PD62065c	X	284193	2774703	2	0	M	0.86	1.98388377751497	gain	2490511
PD62065c	X	2781927	155545046	1	0	M	0.86	1.98388377751497	neutral	152763120
PD62065c	X	155773979	156005413	2	0	M	0.86	1.98388377751497	gain	231435
PD62065d	1	826681	248918428	1	1	M	0.41	2.02261032401289	neutral	248091748
PD62065d	2	41393	242004549	1	1	M	0.41	2.02261032401289	neutral	241963157
PD62065d	3	197630	198038561	1	1	M	0.41	2.02261032401289	neutral	197840932
PD62065d	4	85813	190025891	1	1	M	0.41	2.02261032401289	neutral	189940079
PD62065d	5	140238	181260906	1	1	M	0.41	2.02261032401289	neutral	181120669
PD62065d	6	203397	25966791	2	0	M	0.41	2.02261032401289	neutral	25763395
PD62065d	6	25966840	26365451	2	1	M	0.41	2.02261032401289	gain	398612
PD62065d	6	26368051	32815407	2	0	M	0.41	2.02261032401289	neutral	6447357
PD62065d	6	32816813	33323059	2	1	M	0.41	2.02261032401289	gain	506247
PD62065d	6	33323088	47253167	2	0	M	0.41	2.02261032401289	neutral	13930080
PD62065d	6	47253190	170584376	1	1	M	0.41	2.02261032401289	neutral	123331187
PD62065d	7	193222	159233344	1	1	M	0.41	2.02261032401289	neutral	159040123
PD62065d	8	232977	145054093	2	1	M	0.41	2.02261032401289	gain	144821117
PD62065d	9	154795	138177317	1	1	M	0.41	2.02261032401289	neutral	138022523
PD62065d	10	49156	133625894	1	1	M	0.41	2.02261032401289	neutral	133576739
PD62065d	11	197291	134986843	1	1	M	0.41	2.02261032401289	neutral	134789553
PD62065d	12	66973	28579754	2	0	M	0.41	2.02261032401289	neutral	28512782
PD62065d	12	28579939	133234532	1	1	M	0.41	2.02261032401289	neutral	104654594
PD62065d	13	19026300	114325924	1	1	M	0.41	2.02261032401289	neutral	95299625
PD62065d	14	19733402	106874913	1	1	M	0.41	2.02261032401289	neutral	87141512
PD62065d	15	19964758	101849608	1	1	M	0.41	2.02261032401289	neutral	81884851
PD62065d	16	47354	90094880	1	1	M	0.41	2.02261032401289	neutral	90047527
PD62065d	17	156162	42162437	1	1	M	0.41	2.02261032401289	neutral	42006276
PD62065d	17	42162480	83135759	2	0	M	0.41	2.02261032401289	neutral	40973280
PD62065d	18	117381	80202756	1	1	M	0.41	2.02261032401289	neutral	80085376
PD62065d	19	281468	58572521	1	1	M	0.41	2.02261032401289	neutral	58291054
PD62065d	20	87623	64273629	1	1	M	0.41	2.02261032401289	neutral	64186007
PD62065d	21	9068512	46664523	1	1	M	0.41	2.02261032401289	neutral	37596012
PD62065d	22	16572142	50780662	1	1	M	0.41	2.02261032401289	neutral	34208521
PD62065d	X	284193	2774703	2	0	M	0.41	2.02261032401289	gain	2490511
PD62065d	X	2781927	155545046	1	0	M	0.41	2.02261032401289	neutral	152763120
PD62065d	X	155773979	155942265	2	0	M	0.41	2.02261032401289	gain	168287
PD62065d	X	155997618	156005413	3	0	M	0.41	2.02261032401289	gain	7796
PD62065e	1	826681	248918428	1	1	M	1	1.98447706868415	neutral	248091748
PD62065e	2	41393	88860510	1	1	M	1	1.98447706868415	neutral	88819118
PD62065e	2	88860519	88861407	2	1	M	1	1.98447706868415	gain	889
PD62065e	2	88861410	242004549	1	1	M	1	1.98447706868415	neutral	153143140
PD62065e	3	197630	198038561	1	1	M	1	1.98447706868415	neutral	197840932
PD62065e	4	85813	190025891	1	1	M	1	1.98447706868415	neutral	189940079
PD62065e	5	140238	141331492	1	1	M	1	1.98447706868415	neutral	141191255
PD62065e	5	141331524	141371204	2	1	M	1	1.98447706868415	gain	39681
PD62065e	5	141371372	181260906	1	1	M	1	1.98447706868415	neutral	39889535
PD62065e	6	203397	170584376	1	1	M	1	1.98447706868415	neutral	170380980
PD62065e	7	193222	159233344	1	1	M	1	1.98447706868415	neutral	159040123
PD62065e	8	232977	145054093	1	1	M	1	1.98447706868415	neutral	144821117
PD62065e	9	154795	138177317	1	1	M	1	1.98447706868415	neutral	138022523
PD62065e	10	49156	133625894	1	1	M	1	1.98447706868415	neutral	133576739
PD62065e	11	197291	134986843	1	1	M	1	1.98447706868415	neutral	134789553
PD62065e	12	66973	133234532	1	1	M	1	1.98447706868415	neutral	133167560
PD62065e	13	19026300	114325924	1	1	M	1	1.98447706868415	neutral	95299625
PD62065e	14	19733402	106874913	1	1	M	1	1.98447706868415	neutral	87141512
PD62065e	15	19964758	101849608	1	1	M	1	1.98447706868415	neutral	81884851
PD62065e	16	47354	90094880	1	1	M	1	1.98447706868415	neutral	90047527
PD62065e	17	156162	83135759	1	1	M	1	1.98447706868415	neutral	82979598
PD62065e	18	117381	80202756	1	1	M	1	1.98447706868415	neutral	80085376
PD62065e	19	281468	58572521	1	1	M	1	1.98447706868415	neutral	58291054
PD62065e	20	87623	64273629	1	1	M	1	1.98447706868415	neutral	64186007
PD62065e	21	9068512	46664523	1	1	M	1	1.98447706868415	neutral	37596012
PD62065e	22	16572142	50780662	1	1	M	1	1.98447706868415	neutral	34208521
PD62065e	X	284193	2774703	2	0	M	1	1.98447706868415	gain	2490511
PD62065e	X	2781927	155545046	1	0	M	1	1.98447706868415	neutral	152763120
PD62065e	X	155773979	156005413	2	0	M	1	1.98447706868415	gain	231435
PD62066a	1	69511	248918428	1	1	F	0.76	1.93877166479334	neutral	248848918
PD62066a	2	41393	242004549	1	1	F	0.76	1.93877166479334	neutral	241963157
PD62066a	3	197630	198038561	1	1	F	0.76	1.93877166479334	neutral	197840932
PD62066a	4	85813	16589007	1	1	F	0.76	1.93877166479334	neutral	16503195
PD62066a	4	16595943	31142567	1	0	F	0.76	1.93877166479334	loss	14546625
PD62066a	4	36068130	55964439	1	1	F	0.76	1.93877166479334	neutral	19896310
PD62066a	4	55965881	190025891	1	0	F	0.76	1.93877166479334	loss	134060011
PD62066a	5	140238	31317387	3	1	F	0.76	1.93877166479334	gain	31177150
PD62066a	5	31317422	45696148	2	1	F	0.76	1.93877166479334	gain	14378727
PD62066a	5	50399127	181260906	1	0	F	0.76	1.93877166479334	loss	130861780
PD62066a	6	203397	26096612	1	1	F	0.76	1.93877166479334	neutral	25893216
PD62066a	6	26103829	26368115	1	0	F	0.76	1.93877166479334	loss	264287
PD62066a	6	26370235	170584376	1	1	F	0.76	1.93877166479334	neutral	144214142
PD62066a	7	193222	100952551	1	1	F	0.76	1.93877166479334	neutral	100759330
PD62066a	7	100958932	101043851	2	1	F	0.76	1.93877166479334	gain	84920
PD62066a	7	101047792	159233344	1	1	F	0.76	1.93877166479334	neutral	58185553
PD62066a	8	232977	145054093	1	1	F	0.76	1.93877166479334	neutral	144821117
PD62066a	9	154795	138177303	1	1	F	0.76	1.93877166479334	neutral	138022509
PD62066a	10	49156	133625894	1	1	F	0.76	1.93877166479334	neutral	133576739
PD62066a	11	197291	134986843	1	1	F	0.76	1.93877166479334	neutral	134789553
PD62066a	12	66973	22065226	1	0	F	0.76	1.93877166479334	loss	21998254
PD62066a	12	22201717	133234349	1	1	F	0.76	1.93877166479334	neutral	111032633
PD62066a	13	19026300	114325924	1	1	F	0.76	1.93877166479334	neutral	95299625
PD62066a	14	19733402	106874913	1	1	F	0.76	1.93877166479334	neutral	87141512
PD62066a	15	19964758	101849608	1	1	F	0.76	1.93877166479334	neutral	81884851
PD62066a	16	47354	90094900	1	1	F	0.76	1.93877166479334	neutral	90047547
PD62066a	17	156162	83135891	1	1	F	0.76	1.93877166479334	neutral	82979730
PD62066a	18	117381	80202756	1	1	F	0.76	1.93877166479334	neutral	80085376
PD62066a	19	281376	4198172	1	0	F	0.76	1.93877166479334	loss	3916797
PD62066a	19	4198173	5070804	2	1	F	0.76	1.93877166479334	gain	872632
PD62066a	19	5070822	6279875	1	0	F	0.76	1.93877166479334	loss	1209054
PD62066a	19	6306846	6890454	1	1	F	0.76	1.93877166479334	neutral	583609
PD62066a	19	6896333	8334915	2	1	F	0.76	1.93877166479334	gain	1438583
PD62066a	19	8334965	10499341	1	1	F	0.76	1.93877166479334	neutral	2164377
PD62066a	19	10499560	11041408	2	1	F	0.76	1.93877166479334	gain	541849
PD62066a	19	11058220	58572521	1	1	F	0.76	1.93877166479334	neutral	47514302
PD62066a	20	87541	25848734	1	1	F	0.76	1.93877166479334	neutral	25761194
PD62066a	20	25919472	64273629	2	1	F	0.76	1.93877166479334	gain	38354158
PD62066a	21	9068512	46664392	1	1	F	0.76	1.93877166479334	neutral	37595881
PD62066a	22	16572142	50780662	1	1	F	0.76	1.93877166479334	neutral	34208521
PD62066a	X	284193	156005413	1	0	F	0.76	1.93877166479334	loss	155721221
PD62066c	1	69511	248918428	2	2	F	0.69	3.68410039098474	neutral	248848918
PD62066c	2	41393	242004549	2	2	F	0.69	3.68410039098474	neutral	241963157
PD62066c	3	197630	198038561	2	2	F	0.69	3.68410039098474	neutral	197840932
PD62066c	4	85813	16898323	2	1	F	0.69	3.68410039098474	loss	16812511
PD62066c	4	16898332	31142567	2	0	F	0.69	3.68410039098474	loss	14244236
PD62066c	4	36068130	55080024	2	1	F	0.69	3.68410039098474	loss	19011895
PD62066c	4	55081901	190025891	2	0	F	0.69	3.68410039098474	loss	134943991
PD62066c	5	140238	31317387	6	2	F	0.69	3.68410039098474	gain	31177150
PD62066c	5	31317422	45696148	4	2	F	0.69	3.68410039098474	gain	14378727
PD62066c	5	50399127	140701006	2	0	F	0.69	3.68410039098474	loss	90301880
PD62066c	5	140701015	141331243	3	0	F	0.69	3.68410039098474	loss	630229
PD62066c	5	141331265	181260906	2	0	F	0.69	3.68410039098474	loss	39929642
PD62066c	6	203397	170584376	2	2	F	0.69	3.68410039098474	neutral	170380980
PD62066c	7	193222	159233344	2	2	F	0.69	3.68410039098474	neutral	159040123
PD62066c	8	232977	145054093	2	2	F	0.69	3.68410039098474	neutral	144821117
PD62066c	9	154795	138177303	2	2	F	0.69	3.68410039098474	neutral	138022509
PD62066c	10	49156	133625894	2	2	F	0.69	3.68410039098474	neutral	133576739
PD62066c	11	197291	1081664	2	1	F	0.69	3.68410039098474	loss	884374
PD62066c	11	1081676	1100827	3	2	F	0.69	3.68410039098474	gain	19152
PD62066c	11	1100845	134986843	2	1	F	0.69	3.68410039098474	loss	133885999
PD62066c	12	66973	22062456	2	0	F	0.69	3.68410039098474	loss	21995484
PD62066c	12	22065215	28307769	2	2	F	0.69	3.68410039098474	neutral	6242555
PD62066c	12	28307860	30695788	2	0	F	0.69	3.68410039098474	loss	2387929
PD62066c	12	30710151	133234349	2	2	F	0.69	3.68410039098474	neutral	102524199
PD62066c	13	19026300	114325924	2	2	F	0.69	3.68410039098474	neutral	95299625
PD62066c	14	19733402	106874913	2	1	F	0.69	3.68410039098474	loss	87141512
PD62066c	15	19964758	101849608	2	1	F	0.69	3.68410039098474	loss	81884851
PD62066c	16	47354	90094880	2	2	F	0.69	3.68410039098474	neutral	90047527
PD62066c	17	156162	83135891	2	2	F	0.69	3.68410039098474	neutral	82979730
PD62066c	18	117381	80202756	2	2	F	0.69	3.68410039098474	neutral	80085376
PD62066c	19	281376	4198172	2	0	F	0.69	3.68410039098474	loss	3916797
PD62066c	19	4198173	5047408	4	2	F	0.69	3.68410039098474	gain	849236
PD62066c	19	5047680	6262344	2	0	F	0.69	3.68410039098474	loss	1214665
PD62066c	19	6279875	6890454	2	2	F	0.69	3.68410039098474	neutral	610580
PD62066c	19	6896333	8335737	4	2	F	0.69	3.68410039098474	gain	1439405
PD62066c	19	8337589	10499341	2	2	F	0.69	3.68410039098474	neutral	2161753
PD62066c	19	10499560	11058901	6	2	F	0.69	3.68410039098474	gain	559342
PD62066c	19	11059615	58572521	2	2	F	0.69	3.68410039098474	neutral	47512907
PD62066c	20	87541	30393665	2	1	F	0.69	3.68410039098474	loss	30306125
PD62066c	20	30398033	64273629	4	1	F	0.69	3.68410039098474	gain	33875597
PD62066c	21	9068512	46664392	2	2	F	0.69	3.68410039098474	neutral	37595881
PD62066c	22	16572142	50780662	2	1	F	0.69	3.68410039098474	loss	34208521
PD62066c	X	284193	156005413	2	0	F	0.69	3.68410039098474	loss	155721221
PD62067a	1	826681	248918428	1	1	F	0.47	2.22135471798619	neutral	248091748
PD62067a	2	41509	88857769	1	1	F	0.47	2.22135471798619	neutral	88816261
PD62067a	2	88860450	88861407	2	2	F	0.47	2.22135471798619	gain	958
PD62067a	2	88861410	242004549	1	1	F	0.47	2.22135471798619	neutral	153143140
PD62067a	3	197630	198038561	1	1	F	0.47	2.22135471798619	neutral	197840932
PD62067a	4	85813	190025891	1	1	F	0.47	2.22135471798619	neutral	189940079
PD62067a	5	140238	181260906	1	1	F	0.47	2.22135471798619	neutral	181120669
PD62067a	6	203397	170584376	1	1	F	0.47	2.22135471798619	neutral	170380980
PD62067a	7	193222	100951903	1	1	F	0.47	2.22135471798619	neutral	100758682
PD62067a	7	100952010	101051595	2	1	F	0.47	2.22135471798619	gain	99586
PD62067a	7	101051672	159233344	1	1	F	0.47	2.22135471798619	neutral	58181673
PD62067a	8	232977	145054093	2	1	F	0.47	2.22135471798619	gain	144821117
PD62067a	9	154795	35091721	2	0	F	0.47	2.22135471798619	neutral	34936927
PD62067a	9	35091847	138177317	1	1	F	0.47	2.22135471798619	neutral	103085471
PD62067a	10	49134	133625894	1	1	F	0.47	2.22135471798619	neutral	133576761
PD62067a	11	197291	134986843	1	1	F	0.47	2.22135471798619	neutral	134789553
PD62067a	12	66973	133234532	2	1	F	0.47	2.22135471798619	gain	133167560
PD62067a	13	19026300	114325924	2	2	F	0.47	2.22135471798619	gain	95299625
PD62067a	14	19097559	106874913	1	1	F	0.47	2.22135471798619	neutral	87777355
PD62067a	15	19964758	101849544	1	1	F	0.47	2.22135471798619	neutral	81884787
PD62067a	16	47354	90094900	1	1	F	0.47	2.22135471798619	neutral	90047547
PD62067a	17	156162	83135891	1	1	F	0.47	2.22135471798619	neutral	82979730
PD62067a	18	120645	80202756	1	1	F	0.47	2.22135471798619	neutral	80082112
PD62067a	19	281360	8858668	1	1	F	0.47	2.22135471798619	neutral	8577309
PD62067a	19	8860899	8936591	1	0	F	0.47	2.22135471798619	loss	75693
PD62067a	19	8936629	29529845	1	1	F	0.47	2.22135471798619	neutral	20593217
PD62067a	19	29530116	58572521	3	1	F	0.47	2.22135471798619	gain	29042406
PD62067a	20	87623	64273629	1	1	F	0.47	2.22135471798619	neutral	64186007
PD62067a	21	9068512	10605565	3	0	F	0.47	2.22135471798619	gain	1537054
PD62067a	21	10605633	46664523	1	1	F	0.47	2.22135471798619	neutral	36058891
PD62067a	22	16572142	50780662	1	1	F	0.47	2.22135471798619	neutral	34208521
PD62067a	X	284193	156005528	2	1	F	0.47	2.22135471798619	gain	155721336
PD62067c	1	826681	89014718	4	0	F	0.56	4.00581862163926	neutral	88188038
PD62067c	1	89015213	206917728	2	2	F	0.56	4.00581862163926	neutral	117902516
PD62067c	1	206921228	207063890	3	3	F	0.56	4.00581862163926	gain	142663
PD62067c	1	207063892	248918428	2	2	F	0.56	4.00581862163926	neutral	41854537
PD62067c	2	41509	28937961	2	2	F	0.56	4.00581862163926	neutral	28896453
PD62067c	2	28941339	29024363	2	1	F	0.56	4.00581862163926	loss	83025
PD62067c	2	29024438	29045377	1	1	F	0.56	4.00581862163926	loss	20940
PD62067c	2	29045509	29227507	2	1	F	0.56	4.00581862163926	loss	181999
PD62067c	2	29227517	88812490	2	2	F	0.56	4.00581862163926	neutral	59584974
PD62067c	2	88857435	88861407	4	3	F	0.56	4.00581862163926	gain	3973
PD62067c	2	88861410	189008165	2	2	F	0.56	4.00581862163926	neutral	100146756
PD62067c	2	189009011	189449360	1	1	F	0.56	4.00581862163926	loss	440350
PD62067c	2	189450994	226914283	2	2	F	0.56	4.00581862163926	neutral	37463290
PD62067c	2	226914350	227310736	1	1	F	0.56	4.00581862163926	loss	396387
PD62067c	2	227310763	233842243	2	2	F	0.56	4.00581862163926	neutral	6531481
PD62067c	2	233844143	234060422	3	2	F	0.56	4.00581862163926	gain	216280
PD62067c	2	234060510	242004549	2	2	F	0.56	4.00581862163926	neutral	7944040
PD62067c	3	197630	198038561	2	2	F	0.56	4.00581862163926	neutral	197840932
PD62067c	4	85813	190025891	2	2	F	0.56	4.00581862163926	neutral	189940079
PD62067c	5	140238	83538480	2	2	F	0.56	4.00581862163926	neutral	83398243
PD62067c	5	83538579	181260906	4	0	F	0.56	4.00581862163926	neutral	97722328
PD62067c	6	203397	152334188	2	2	F	0.56	4.00581862163926	neutral	152130792
PD62067c	6	152334193	152480685	2	1	F	0.56	4.00581862163926	loss	146493
PD62067c	6	152481503	167976580	2	2	F	0.56	4.00581862163926	neutral	15495078
PD62067c	6	167976588	168527617	3	3	F	0.56	4.00581862163926	gain	551030
PD62067c	6	168527623	170584376	2	2	F	0.56	4.00581862163926	neutral	2056754
PD62067c	7	193222	159233344	2	2	F	0.56	4.00581862163926	neutral	159040123
PD62067c	8	232977	141466325	2	2	F	0.56	4.00581862163926	neutral	141233349
PD62067c	8	141466326	141496578	2	1	F	0.56	4.00581862163926	loss	30253
PD62067c	8	141507034	145054093	2	2	F	0.56	4.00581862163926	neutral	3547060
PD62067c	9	154795	42796064	2	2	F	0.56	4.00581862163926	neutral	42641270
PD62067c	9	62801194	83780412	3	2	F	0.56	4.00581862163926	gain	20979219
PD62067c	9	83784900	138177317	2	2	F	0.56	4.00581862163926	neutral	54392418
PD62067c	10	49134	133625894	2	2	F	0.56	4.00581862163926	neutral	133576761
PD62067c	11	197291	34511455	2	2	F	0.56	4.00581862163926	neutral	34314165
PD62067c	11	34622233	34916454	4	4	F	0.56	4.00581862163926	gain	294222
PD62067c	11	34916527	57699506	2	2	F	0.56	4.00581862163926	neutral	22782980
PD62067c	11	57699802	60733494	3	2	F	0.56	4.00581862163926	gain	3033693
PD62067c	11	60733729	124424266	2	2	F	0.56	4.00581862163926	neutral	63690538
PD62067c	11	124424317	124571210	2	1	F	0.56	4.00581862163926	loss	146894
PD62067c	11	124571296	134986843	2	2	F	0.56	4.00581862163926	neutral	10415548
PD62067c	12	66973	14503798	2	2	F	0.56	4.00581862163926	neutral	14436826
PD62067c	12	14503834	14914618	3	2	F	0.56	4.00581862163926	gain	410785
PD62067c	12	14914824	54401626	2	2	F	0.56	4.00581862163926	neutral	39486803
PD62067c	12	54401935	54569250	1	1	F	0.56	4.00581862163926	loss	167316
PD62067c	12	54569402	101187389	2	2	F	0.56	4.00581862163926	neutral	46617988
PD62067c	12	101187407	101396246	3	2	F	0.56	4.00581862163926	gain	208840
PD62067c	12	101396319	101396375	8	0	F	0.56	4.00581862163926	gain	57
PD62067c	12	101396595	101770477	3	3	F	0.56	4.00581862163926	gain	373883
PD62067c	12	101771240	133234532	2	2	F	0.56	4.00581862163926	neutral	31463293
PD62067c	13	19026300	114325924	2	2	F	0.56	4.00581862163926	neutral	95299625
PD62067c	14	19097559	106874913	2	2	F	0.56	4.00581862163926	neutral	87777355
PD62067c	15	19964758	44826994	2	2	F	0.56	4.00581862163926	neutral	24862237
PD62067c	15	44827003	45135087	3	3	F	0.56	4.00581862163926	gain	308085
PD62067c	15	45135100	101849544	2	2	F	0.56	4.00581862163926	neutral	56714445
PD62067c	16	47354	90094900	2	2	F	0.56	4.00581862163926	neutral	90047547
PD62067c	17	156162	83135891	2	2	F	0.56	4.00581862163926	neutral	82979730
PD62067c	18	120645	80202756	2	2	F	0.56	4.00581862163926	neutral	80082112
PD62067c	19	281360	8731226	2	2	F	0.56	4.00581862163926	neutral	8449867
PD62067c	19	8731431	8938845	2	1	F	0.56	4.00581862163926	loss	207415
PD62067c	19	8938942	49171976	2	2	F	0.56	4.00581862163926	neutral	40233035
PD62067c	19	49172199	49202251	3	3	F	0.56	4.00581862163926	gain	30053
PD62067c	19	49210146	54217156	2	2	F	0.56	4.00581862163926	neutral	5007011
PD62067c	19	54218340	54435958	2	1	F	0.56	4.00581862163926	loss	217619
PD62067c	19	54436070	54498204	6	0	F	0.56	4.00581862163926	gain	62135
PD62067c	19	54502771	58572521	2	2	F	0.56	4.00581862163926	neutral	4069751
PD62067c	20	87623	64273629	2	2	F	0.56	4.00581862163926	neutral	64186007
PD62067c	21	9068512	46664523	2	2	F	0.56	4.00581862163926	neutral	37596012
PD62067c	22	16572142	50780662	2	2	F	0.56	4.00581862163926	neutral	34208521
PD62067c	X	284193	156005528	2	2	F	0.56	4.00581862163926	neutral	155721336
PD62068a	1	69511	160181657	1	1	F	0.81	2.02139545983786	neutral	160112147
PD62068a	1	160181660	161750039	1	0	F	0.81	2.02139545983786	loss	1568380
PD62068a	1	161751614	169593711	1	1	F	0.81	2.02139545983786	neutral	7842098
PD62068a	1	169593766	169711588	1	0	F	0.81	2.02139545983786	loss	117823
PD62068a	1	169725777	248918428	1	1	F	0.81	2.02139545983786	neutral	79192652
PD62068a	2	41509	242004549	1	1	F	0.81	2.02139545983786	neutral	241963041
PD62068a	3	197937	64649596	1	1	F	0.81	2.02139545983786	neutral	64451660
PD62068a	3	64649612	66038404	2	1	F	0.81	2.02139545983786	gain	1388793
PD62068a	3	66220872	198038561	1	1	F	0.81	2.02139545983786	neutral	131817690
PD62068a	4	85813	73452332	1	1	F	0.81	2.02139545983786	neutral	73366520
PD62068a	4	73452460	73501762	2	1	F	0.81	2.02139545983786	gain	49303
PD62068a	4	73503249	190025891	1	1	F	0.81	2.02139545983786	neutral	116522643
PD62068a	5	140359	96803892	1	1	F	0.81	2.02139545983786	neutral	96663534
PD62068a	5	96814196	96979091	1	0	F	0.81	2.02139545983786	loss	164896
PD62068a	5	96979616	181260211	1	1	F	0.81	2.02139545983786	neutral	84280596
PD62068a	6	203397	30069217	1	1	F	0.81	2.02139545983786	neutral	29865821
PD62068a	6	30070870	30185751	2	1	F	0.81	2.02139545983786	gain	114882
PD62068a	6	30185857	32443749	1	1	F	0.81	2.02139545983786	neutral	2257893
PD62068a	6	32443796	33725470	1	0	F	0.81	2.02139545983786	loss	1281675
PD62068a	6	33726806	170584376	1	1	F	0.81	2.02139545983786	neutral	136857571
PD62068a	7	193222	2702777	1	1	F	0.81	2.02139545983786	neutral	2509556
PD62068a	7	2702908	2913281	1	0	F	0.81	2.02139545983786	loss	210374
PD62068a	7	2913393	159233344	1	1	F	0.81	2.02139545983786	neutral	156319952
PD62068a	8	232977	145054093	1	1	F	0.81	2.02139545983786	neutral	144821117
PD62068a	9	154795	138175500	1	1	F	0.81	2.02139545983786	neutral	138020706
PD62068a	10	49156	21904579	1	1	F	0.81	2.02139545983786	neutral	21855424
PD62068a	10	21919824	22386716	1	0	F	0.81	2.02139545983786	loss	466893
PD62068a	10	22386815	133625894	1	1	F	0.81	2.02139545983786	neutral	111239080
PD62068a	11	197291	67405440	1	1	F	0.81	2.02139545983786	neutral	67208150
PD62068a	11	67405470	67428895	1	0	F	0.81	2.02139545983786	loss	23426
PD62068a	11	67428908	108382918	1	1	F	0.81	2.02139545983786	neutral	40954011
PD62068a	11	108382973	108510614	2	1	F	0.81	2.02139545983786	gain	127642
PD62068a	11	108510629	134986843	1	1	F	0.81	2.02139545983786	neutral	26476215
PD62068a	12	66973	69879391	1	1	F	0.81	2.02139545983786	neutral	69812419
PD62068a	12	69879496	71626410	2	1	F	0.81	2.02139545983786	gain	1746915
PD62068a	12	71627771	133234349	1	1	F	0.81	2.02139545983786	neutral	61606579
PD62068a	13	19026300	114325924	1	1	F	0.81	2.02139545983786	neutral	95299625
PD62068a	14	19097460	21895137	1	1	F	0.81	2.02139545983786	neutral	2797678
PD62068a	14	21918274	21965637	1	0	F	0.81	2.02139545983786	loss	47364
PD62068a	14	21965862	22475376	1	1	F	0.81	2.02139545983786	neutral	509515
PD62068a	14	22477600	22589186	1	0	F	0.81	2.02139545983786	loss	111587
PD62068a	14	22589224	105855266	1	1	F	0.81	2.02139545983786	neutral	83266043
PD62068a	14	105855447	105864257	1	0	F	0.81	2.02139545983786	loss	8811
PD62068a	14	105864260	105916907	2	0	F	0.81	2.02139545983786	neutral	52648
PD62068a	14	105919386	106874913	1	1	F	0.81	2.02139545983786	neutral	955528
PD62068a	15	19964758	101849544	1	1	F	0.81	2.02139545983786	neutral	81884787
PD62068a	16	47541	90094880	1	1	F	0.81	2.02139545983786	neutral	90047340
PD62068a	17	156162	83135759	1	1	F	0.81	2.02139545983786	neutral	82979598
PD62068a	18	120645	80202756	1	1	F	0.81	2.02139545983786	neutral	80082112
PD62068a	19	281376	6896334	1	1	F	0.81	2.02139545983786	neutral	6614959
PD62068a	19	6896369	6908445	1	0	F	0.81	2.02139545983786	loss	12077
PD62068a	19	6908546	41677609	1	1	F	0.81	2.02139545983786	neutral	34769064
PD62068a	19	41683785	41688055	2	1	F	0.81	2.02139545983786	gain	4271
PD62068a	19	41688101	58572521	1	1	F	0.81	2.02139545983786	neutral	16884421
PD62068a	20	87623	46560288	2	1	F	0.81	2.02139545983786	gain	46472666
PD62068a	20	46563528	46566529	3	1	F	0.81	2.02139545983786	gain	3002
PD62068a	20	46566592	64273492	2	1	F	0.81	2.02139545983786	gain	17706901
PD62068a	21	9068512	46664392	1	1	F	0.81	2.02139545983786	neutral	37595881
PD62068a	22	16572142	50780662	1	1	F	0.81	2.02139545983786	neutral	34208521
PD62068a	X	284193	156005413	1	1	F	0.81	2.02139545983786	neutral	155721221
PD62068c	1	69511	119721157	1	1	F	0.69	1.90263700488334	neutral	119651647
PD62068c	1	119723403	119894295	2	1	F	0.69	1.90263700488334	gain	170893
PD62068c	1	119894769	121568263	2	0	F	0.69	1.90263700488334	neutral	1673495
PD62068c	1	143544307	160344595	1	1	F	0.69	1.90263700488334	neutral	16800289
PD62068c	1	160348927	160684797	1	0	F	0.69	1.90263700488334	loss	335871
PD62068c	1	160684948	169597075	1	1	F	0.69	1.90263700488334	neutral	8912128
PD62068c	1	169597088	169711588	0	0	F	0.69	1.90263700488334	loss	114501
PD62068c	1	169725777	248918428	1	1	F	0.69	1.90263700488334	neutral	79192652
PD62068c	2	41509	88860454	1	1	F	0.69	1.90263700488334	neutral	88818946
PD62068c	2	88860457	88885989	1	0	F	0.69	1.90263700488334	loss	25533
PD62068c	2	88886000	242004549	1	1	F	0.69	1.90263700488334	neutral	153118550
PD62068c	3	197937	198038561	1	1	F	0.69	1.90263700488334	neutral	197840625
PD62068c	4	85813	73420317	1	1	F	0.69	1.90263700488334	neutral	73334505
PD62068c	4	73421156	73501762	2	1	F	0.69	1.90263700488334	gain	80607
PD62068c	4	73503249	151282285	1	1	F	0.69	1.90263700488334	neutral	77779037
PD62068c	4	151282385	151722340	4	1	F	0.69	1.90263700488334	gain	439956
PD62068c	4	151758812	185690486	1	1	F	0.69	1.90263700488334	neutral	33931675
PD62068c	4	185690490	190025891	2	1	F	0.69	1.90263700488334	gain	4335402
PD62068c	5	140359	45696148	1	1	F	0.69	1.90263700488334	neutral	45555790
PD62068c	5	50399214	96803459	1	0	F	0.69	1.90263700488334	loss	46404246
PD62068c	5	96803547	96979091	0	0	F	0.69	1.90263700488334	loss	175545
PD62068c	5	96979616	181260211	1	0	F	0.69	1.90263700488334	loss	84280596
PD62068c	6	203397	7333957	2	0	F	0.69	1.90263700488334	neutral	7130561
PD62068c	6	7355036	7578586	3	0	F	0.69	1.90263700488334	gain	223551
PD62068c	6	7578590	32459971	1	0	F	0.69	1.90263700488334	loss	24881382
PD62068c	6	32460012	32741540	0	0	F	0.69	1.90263700488334	loss	281529
PD62068c	6	32741569	33700502	1	0	F	0.69	1.90263700488334	loss	958934
PD62068c	6	33700561	170584376	2	0	F	0.69	1.90263700488334	neutral	136883816
PD62068c	7	193222	142005492	1	1	F	0.69	1.90263700488334	neutral	141812271
PD62068c	7	142005603	142060512	2	1	F	0.69	1.90263700488334	gain	54910
PD62068c	7	142060518	142255651	4	0	F	0.69	1.90263700488334	gain	195134
PD62068c	7	142257563	159233344	1	1	F	0.69	1.90263700488334	neutral	16975782
PD62068c	8	232977	6414878	1	0	F	0.69	1.90263700488334	loss	6181902
PD62068c	8	6414936	58959849	1	1	F	0.69	1.90263700488334	neutral	52544914
PD62068c	8	58960056	86222824	3	1	F	0.69	1.90263700488334	gain	27262769
PD62068c	8	86222921	145054093	2	1	F	0.69	1.90263700488334	gain	58831173
PD62068c	9	154795	21140908	1	0	F	0.69	1.90263700488334	loss	20986114
PD62068c	9	21140945	27168470	0	0	F	0.69	1.90263700488334	loss	6027526
PD62068c	9	27168573	35072307	2	0	F	0.69	1.90263700488334	neutral	7903735
PD62068c	9	35072568	42796064	1	0	F	0.69	1.90263700488334	loss	7723497
PD62068c	9	62801194	117714087	1	1	F	0.69	1.90263700488334	neutral	54912894
PD62068c	9	119167079	137348306	2	1	F	0.69	1.90263700488334	gain	18181228
PD62068c	9	137348320	138175500	1	1	F	0.69	1.90263700488334	neutral	827181
PD62068c	10	49156	121551207	1	1	F	0.69	1.90263700488334	neutral	121502052
PD62068c	10	121551357	127964866	2	1	F	0.69	1.90263700488334	gain	6413510
PD62068c	10	127965013	133625894	1	1	F	0.69	1.90263700488334	neutral	5660882
PD62068c	11	197291	810488	1	0	F	0.69	1.90263700488334	loss	613198
PD62068c	11	812677	67404265	1	1	F	0.69	1.90263700488334	neutral	66591589
PD62068c	11	67405440	67428895	1	0	F	0.69	1.90263700488334	loss	23456
PD62068c	11	67428908	134986843	1	1	F	0.69	1.90263700488334	neutral	67557936
PD62068c	12	66973	70400406	1	1	F	0.69	1.90263700488334	neutral	70333434
PD62068c	12	70422768	71628776	2	1	F	0.69	1.90263700488334	gain	1206009
PD62068c	12	71628809	133234349	1	1	F	0.69	1.90263700488334	neutral	61605541
PD62068c	13	19026300	114325924	1	1	F	0.69	1.90263700488334	neutral	95299625
PD62068c	14	19097460	21918611	1	1	F	0.69	1.90263700488334	neutral	2821152
PD62068c	14	21918639	21924669	0	0	F	0.69	1.90263700488334	loss	6031
PD62068c	14	21941349	22483025	1	1	F	0.69	1.90263700488334	neutral	541677
PD62068c	14	22483099	22589186	1	0	F	0.69	1.90263700488334	loss	106088
PD62068c	14	22589224	93222442	1	1	F	0.69	1.90263700488334	neutral	70633219
PD62068c	14	93227076	105855266	2	1	F	0.69	1.90263700488334	gain	12628191
PD62068c	14	105855447	105864251	1	0	F	0.69	1.90263700488334	loss	8805
PD62068c	14	105864254	106874913	2	1	F	0.69	1.90263700488334	gain	1010660
PD62068c	15	19964758	44767616	1	1	F	0.69	1.90263700488334	neutral	24802859
PD62068c	15	44767816	44961537	2	1	F	0.69	1.90263700488334	gain	193722
PD62068c	15	44961594	45143195	3	0	F	0.69	1.90263700488334	gain	181602
PD62068c	15	45144012	63043900	1	1	F	0.69	1.90263700488334	neutral	17899889
PD62068c	15	63044092	63122245	2	1	F	0.69	1.90263700488334	gain	78154
PD62068c	15	63122521	81278664	1	1	F	0.69	1.90263700488334	neutral	18156144
PD62068c	15	81278726	81322359	1	0	F	0.69	1.90263700488334	loss	43634
PD62068c	15	81322461	101849544	1	1	F	0.69	1.90263700488334	neutral	20527084
PD62068c	16	47541	19555708	1	1	F	0.69	1.90263700488334	neutral	19508168
PD62068c	16	19555729	19705283	1	0	F	0.69	1.90263700488334	loss	149555
PD62068c	16	19705291	90094880	1	1	F	0.69	1.90263700488334	neutral	70389590
PD62068c	17	156162	83135759	2	0	F	0.69	1.90263700488334	neutral	82979598
PD62068c	18	120645	21704631	1	1	F	0.69	1.90263700488334	neutral	21583987
PD62068c	18	21741538	43979247	4	1	F	0.69	1.90263700488334	gain	22237710
PD62068c	18	43979251	49119004	12	1	F	0.69	1.90263700488334	gain	5139754
PD62068c	18	49209659	80202756	1	0	F	0.69	1.90263700488334	loss	30993098
PD62068c	19	281376	41677422	1	0	F	0.69	1.90263700488334	loss	41396047
PD62068c	19	41677501	41688055	2	1	F	0.69	1.90263700488334	gain	10555
PD62068c	19	41688101	58572521	1	0	F	0.69	1.90263700488334	loss	16884421
PD62068c	20	87623	41170170	1	1	F	0.69	1.90263700488334	neutral	41082548
PD62068c	20	41170263	64273492	2	1	F	0.69	1.90263700488334	gain	23103230
PD62068c	21	9068512	41746626	1	1	F	0.69	1.90263700488334	neutral	32678115
PD62068c	21	41746854	41804606	2	1	F	0.69	1.90263700488334	gain	57753
PD62068c	21	41810313	46664392	1	1	F	0.69	1.90263700488334	neutral	4854080
PD62068c	22	16572142	50780662	1	0	F	0.69	1.90263700488334	loss	34208521
PD62068c	X	284193	156005413	1	0	F	0.69	1.90263700488334	loss	155721221
PD62068d	1	69511	151423561	1	1	F	0.61	1.91089896579157	neutral	151354051
PD62068d	1	151424327	151540486	2	1	F	0.61	1.91089896579157	gain	116160
PD62068d	1	151545808	160240070	1	1	F	0.61	1.91089896579157	neutral	8694263
PD62068d	1	160240389	161781951	1	0	F	0.61	1.91089896579157	loss	1541563
PD62068d	1	161782075	169597004	1	1	F	0.61	1.91089896579157	neutral	7814930
PD62068d	1	169597027	169711588	1	0	F	0.61	1.91089896579157	loss	114562
PD62068d	1	169725777	248918428	2	1	F	0.61	1.91089896579157	gain	79192652
PD62068d	2	41509	88812343	1	1	F	0.61	1.91089896579157	neutral	88770835
PD62068d	2	88857435	88897241	1	0	F	0.61	1.91089896579157	loss	39807
PD62068d	2	88897390	196068497	1	1	F	0.61	1.91089896579157	neutral	107171108
PD62068d	2	196068655	196271165	1	0	F	0.61	1.91089896579157	loss	202511
PD62068d	2	196271334	242004549	1	1	F	0.61	1.91089896579157	neutral	45733216
PD62068d	3	197937	198038561	1	1	F	0.61	1.91089896579157	neutral	197840625
PD62068d	4	85813	190025891	1	1	F	0.61	1.91089896579157	neutral	189940079
PD62068d	5	140359	45696148	1	1	F	0.61	1.91089896579157	neutral	45555790
PD62068d	5	50399214	96873311	1	0	F	0.61	1.91089896579157	loss	46474098
PD62068d	5	96873422	96908920	0	0	F	0.61	1.91089896579157	loss	35499
PD62068d	5	96908934	181260211	1	0	F	0.61	1.91089896579157	loss	84351278
PD62068d	6	203397	26017718	2	0	F	0.61	1.91089896579157	neutral	25814322
PD62068d	6	26017776	26370388	0	0	F	0.61	1.91089896579157	loss	352613
PD62068d	6	26370429	27814786	1	0	F	0.61	1.91089896579157	loss	1444358
PD62068d	6	27815426	27911315	0	0	F	0.61	1.91089896579157	loss	95890
PD62068d	6	27911422	29887929	2	0	F	0.61	1.91089896579157	neutral	1976508
PD62068d	6	29887956	29945566	1	0	F	0.61	1.91089896579157	loss	57611
PD62068d	6	29945576	31170600	2	0	F	0.61	1.91089896579157	neutral	1225025
PD62068d	6	31197661	32459971	1	0	F	0.61	1.91089896579157	loss	1262311
PD62068d	6	32460012	32741540	0	0	F	0.61	1.91089896579157	loss	281529
PD62068d	6	32741569	33593444	1	0	F	0.61	1.91089896579157	loss	851876
PD62068d	6	33621548	170584376	2	0	F	0.61	1.91089896579157	neutral	136962829
PD62068d	7	193222	100220562	1	1	F	0.61	1.91089896579157	neutral	100027341
PD62068d	7	100220672	100550282	1	0	F	0.61	1.91089896579157	loss	329611
PD62068d	7	100550293	142796623	1	1	F	0.61	1.91089896579157	neutral	42246331
PD62068d	7	142796922	142813350	1	0	F	0.61	1.91089896579157	loss	16429
PD62068d	7	142863555	150397765	1	1	F	0.61	1.91089896579157	neutral	7534211
PD62068d	7	150398183	150749939	1	0	F	0.61	1.91089896579157	loss	351757
PD62068d	7	150749983	159233344	2	0	F	0.61	1.91089896579157	neutral	8483362
PD62068d	8	232977	4419942	1	0	F	0.61	1.91089896579157	loss	4186966
PD62068d	8	4420011	60801587	1	1	F	0.61	1.91089896579157	neutral	56381577
PD62068d	8	60801631	86222824	3	1	F	0.61	1.91089896579157	gain	25421194
PD62068d	8	86222921	145054093	2	1	F	0.61	1.91089896579157	gain	58831173
PD62068d	9	154795	21140908	1	0	F	0.61	1.91089896579157	loss	20986114
PD62068d	9	21140945	27168470	0	0	F	0.61	1.91089896579157	loss	6027526
PD62068d	9	27168573	42796064	1	0	F	0.61	1.91089896579157	loss	15627492
PD62068d	9	62801194	138175500	2	1	F	0.61	1.91089896579157	gain	75374307
PD62068d	10	49156	133625894	1	1	F	0.61	1.91089896579157	neutral	133576739
PD62068d	11	197291	842627	1	0	F	0.61	1.91089896579157	loss	645337
PD62068d	11	842630	62666509	1	1	F	0.61	1.91089896579157	neutral	61823880
PD62068d	11	62666625	62870867	1	0	F	0.61	1.91089896579157	loss	204243
PD62068d	11	62871540	64203434	1	1	F	0.61	1.91089896579157	neutral	1331895
PD62068d	11	64204152	64319694	1	0	F	0.61	1.91089896579157	loss	115543
PD62068d	11	64319797	64353327	1	1	F	0.61	1.91089896579157	neutral	33531
PD62068d	11	64353328	67665677	1	0	F	0.61	1.91089896579157	loss	3312350
PD62068d	11	67666231	134986843	1	1	F	0.61	1.91089896579157	neutral	67320613
PD62068d	12	66973	14696212	1	1	F	0.61	1.91089896579157	neutral	14629240
PD62068d	12	14770995	14840948	1	0	F	0.61	1.91089896579157	loss	69954
PD62068d	12	14840975	52904795	1	1	F	0.61	1.91089896579157	neutral	38063821
PD62068d	12	52904798	108654271	1	0	F	0.61	1.91089896579157	loss	55749474
PD62068d	12	108654461	110396471	1	1	F	0.61	1.91089896579157	neutral	1742011
PD62068d	12	110403498	110512915	1	0	F	0.61	1.91089896579157	loss	109418
PD62068d	12	110512967	133234349	1	1	F	0.61	1.91089896579157	neutral	22721383
PD62068d	13	19026300	114325924	1	1	F	0.61	1.91089896579157	neutral	95299625
PD62068d	14	19097460	22490615	1	1	F	0.61	1.91089896579157	neutral	3393156
PD62068d	14	22492775	22598387	1	0	F	0.61	1.91089896579157	loss	105613
PD62068d	14	22601590	93222442	1	1	F	0.61	1.91089896579157	neutral	70620853
PD62068d	14	93227076	105488402	2	1	F	0.61	1.91089896579157	gain	12261327
PD62068d	14	105488431	105855266	1	1	F	0.61	1.91089896579157	neutral	366836
PD62068d	14	105855447	105864257	1	0	F	0.61	1.91089896579157	loss	8811
PD62068d	14	105864260	105916907	4	0	F	0.61	1.91089896579157	gain	52648
PD62068d	14	105919386	106874913	1	1	F	0.61	1.91089896579157	neutral	955528
PD62068d	15	19964758	44658976	1	1	F	0.61	1.91089896579157	neutral	24694219
PD62068d	15	44660383	44758968	0	0	F	0.61	1.91089896579157	loss	98586
PD62068d	15	44767192	63071036	1	1	F	0.61	1.91089896579157	neutral	18303845
PD62068d	15	63121798	63630553	1	0	F	0.61	1.91089896579157	loss	508756
PD62068d	15	63632862	101849544	1	1	F	0.61	1.91089896579157	neutral	38216683
PD62068d	16	47541	4891748	1	1	F	0.61	1.91089896579157	neutral	4844208
PD62068d	16	4891886	5031918	2	1	F	0.61	1.91089896579157	gain	140033
PD62068d	16	5033249	19555708	1	1	F	0.61	1.91089896579157	neutral	14522460
PD62068d	16	19555729	19705198	1	0	F	0.61	1.91089896579157	loss	149470
PD62068d	16	19705283	81245485	1	1	F	0.61	1.91089896579157	neutral	61540203
PD62068d	16	81245515	81290555	2	2	F	0.61	1.91089896579157	gain	45041
PD62068d	16	81315159	90094880	1	1	F	0.61	1.91089896579157	neutral	8779722
PD62068d	17	156162	8114623	1	0	F	0.61	1.91089896579157	loss	7958462
PD62068d	17	8115043	8207622	0	0	F	0.61	1.91089896579157	loss	92580
PD62068d	17	8207699	64505955	1	0	F	0.61	1.91089896579157	loss	56298257
PD62068d	17	64505962	64521580	0	0	F	0.61	1.91089896579157	loss	15619
PD62068d	17	64522694	67348509	2	0	F	0.61	1.91089896579157	neutral	2825816
PD62068d	17	67348705	83135759	1	0	F	0.61	1.91089896579157	loss	15787055
PD62068d	18	120645	15006053	1	1	F	0.61	1.91089896579157	neutral	14885409
PD62068d	18	20951491	43277206	3	1	F	0.61	1.91089896579157	gain	22325716
PD62068d	18	43979247	49119004	9	1	F	0.61	1.91089896579157	gain	5139758
PD62068d	18	49209659	80202756	1	0	F	0.61	1.91089896579157	loss	30993098
PD62068d	19	281376	15623580	1	0	F	0.61	1.91089896579157	loss	15342205
PD62068d	19	15624112	35738623	1	1	F	0.61	1.91089896579157	neutral	20114512
PD62068d	19	35739273	35759670	0	0	F	0.61	1.91089896579157	loss	20398
PD62068d	19	35759745	41025800	1	1	F	0.61	1.91089896579157	neutral	5266056
PD62068d	19	41025920	41625955	1	0	F	0.61	1.91089896579157	loss	600036
PD62068d	19	41626776	57253151	1	1	F	0.61	1.91089896579157	neutral	15626376
PD62068d	19	57253402	58572521	1	0	F	0.61	1.91089896579157	loss	1319120
PD62068d	20	87623	64273492	2	1	F	0.61	1.91089896579157	gain	64185870
PD62068d	21	9068512	46664392	1	1	F	0.61	1.91089896579157	neutral	37595881
PD62068d	22	16572142	50780662	1	0	F	0.61	1.91089896579157	loss	34208521
PD62068d	X	284193	156005413	1	0	F	0.61	1.91089896579157	loss	155721221
PD62068e	1	69511	160344595	1	1	F	1	1.99916640145816	neutral	160275085
PD62068e	1	160348927	160684797	1	0	F	1	1.99916640145816	loss	335871
PD62068e	1	160684948	169594892	1	1	F	1	1.99916640145816	neutral	8909945
PD62068e	1	169596008	169726892	1	0	F	1	1.99916640145816	loss	130885
PD62068e	1	169727613	248918428	1	1	F	1	1.99916640145816	neutral	79190816
PD62068e	2	41509	242004549	1	1	F	1	1.99916640145816	neutral	241963041
PD62068e	3	197937	198038561	1	1	F	1	1.99916640145816	neutral	197840625
PD62068e	4	85813	190025891	1	1	F	1	1.99916640145816	neutral	189940079
PD62068e	5	140359	181260211	1	1	F	1	1.99916640145816	neutral	181119853
PD62068e	6	203397	32638920	1	1	F	1	1.99916640145816	neutral	32435524
PD62068e	6	32638924	32660832	1	0	F	1	1.99916640145816	loss	21909
PD62068e	6	32660834	170584376	1	1	F	1	1.99916640145816	neutral	137923543
PD62068e	7	193222	159233344	1	1	F	1	1.99916640145816	neutral	159040123
PD62068e	8	232977	145054093	1	1	F	1	1.99916640145816	neutral	144821117
PD62068e	9	154795	138175500	1	1	F	1	1.99916640145816	neutral	138020706
PD62068e	10	49156	133625894	1	1	F	1	1.99916640145816	neutral	133576739
PD62068e	11	197291	134986843	1	1	F	1	1.99916640145816	neutral	134789553
PD62068e	12	66973	133234349	1	1	F	1	1.99916640145816	neutral	133167377
PD62068e	13	19026300	114325924	1	1	F	1	1.99916640145816	neutral	95299625
PD62068e	14	19097460	105855266	1	1	F	1	1.99916640145816	neutral	86757807
PD62068e	14	105855447	105864254	1	0	F	1	1.99916640145816	loss	8808
PD62068e	14	105864257	106874913	1	1	F	1	1.99916640145816	neutral	1010657
PD62068e	15	19964758	101849544	1	1	F	1	1.99916640145816	neutral	81884787
PD62068e	16	47541	90094880	1	1	F	1	1.99916640145816	neutral	90047340
PD62068e	17	156162	83135759	1	1	F	1	1.99916640145816	neutral	82979598
PD62068e	18	120645	80202756	1	1	F	1	1.99916640145816	neutral	80082112
PD62068e	19	281376	58572521	1	1	F	1	1.99916640145816	neutral	58291146
PD62068e	20	87623	64273492	1	1	F	1	1.99916640145816	neutral	64185870
PD62068e	21	9068512	46664392	1	1	F	1	1.99916640145816	neutral	37595881
PD62068e	22	16572142	50780662	1	1	F	1	1.99916640145816	neutral	34208521
PD62068e	X	284193	156005413	1	1	F	1	1.99916640145816	neutral	155721221
PD62068f	1	69511	248918428	1	1	F	0.57	1.99913188007647	neutral	248848918
PD62068f	2	41509	88861887	1	1	F	0.57	1.99913188007647	neutral	88820379
PD62068f	2	88861892	88886258	1	0	F	0.57	1.99913188007647	loss	24367
PD62068f	2	88897183	131443822	1	1	F	0.57	1.99913188007647	neutral	42546640
PD62068f	2	131443823	131476190	2	2	F	0.57	1.99913188007647	gain	32368
PD62068f	2	131476212	242004549	1	1	F	0.57	1.99913188007647	neutral	110528338
PD62068f	3	197937	198038561	1	1	F	0.57	1.99913188007647	neutral	197840625
PD62068f	4	85813	190025891	1	1	F	0.57	1.99913188007647	neutral	189940079
PD62068f	5	140359	181260211	1	1	F	0.57	1.99913188007647	neutral	181119853
PD62068f	6	203397	32638920	1	1	F	0.57	1.99913188007647	neutral	32435524
PD62068f	6	32638924	32660832	1	0	F	0.57	1.99913188007647	loss	21909
PD62068f	6	32660834	170584376	1	1	F	0.57	1.99913188007647	neutral	137923543
PD62068f	7	193222	100220562	1	1	F	0.57	1.99913188007647	neutral	100027341
PD62068f	7	100220672	100550282	1	0	F	0.57	1.99913188007647	loss	329611
PD62068f	7	100550293	159233344	1	1	F	0.57	1.99913188007647	neutral	58683052
PD62068f	8	232977	145054093	1	1	F	0.57	1.99913188007647	neutral	144821117
PD62068f	9	154795	138175500	1	1	F	0.57	1.99913188007647	neutral	138020706
PD62068f	10	49156	133625894	1	1	F	0.57	1.99913188007647	neutral	133576739
PD62068f	11	197291	67404265	1	1	F	0.57	1.99913188007647	neutral	67206975
PD62068f	11	67405440	67428895	1	0	F	0.57	1.99913188007647	loss	23456
PD62068f	11	67428908	134986843	1	1	F	0.57	1.99913188007647	neutral	67557936
PD62068f	12	66973	133234349	1	1	F	0.57	1.99913188007647	neutral	133167377
PD62068f	13	19026300	114325924	1	1	F	0.57	1.99913188007647	neutral	95299625
PD62068f	14	19097460	22499871	1	1	F	0.57	1.99913188007647	neutral	3402412
PD62068f	14	22501477	22589178	1	0	F	0.57	1.99913188007647	loss	87702
PD62068f	14	22589186	105855266	1	1	F	0.57	1.99913188007647	neutral	83266081
PD62068f	14	105855447	105864693	1	0	F	0.57	1.99913188007647	loss	9247
PD62068f	14	105865169	106874913	1	1	F	0.57	1.99913188007647	neutral	1009745
PD62068f	15	19964758	101849544	1	1	F	0.57	1.99913188007647	neutral	81884787
PD62068f	16	47541	90094880	1	1	F	0.57	1.99913188007647	neutral	90047340
PD62068f	17	156162	83135759	1	1	F	0.57	1.99913188007647	neutral	82979598
PD62068f	18	120645	80202756	1	1	F	0.57	1.99913188007647	neutral	80082112
PD62068f	19	281376	15623580	1	1	F	0.57	1.99913188007647	neutral	15342205
PD62068f	19	15624112	15741784	2	1	F	0.57	1.99913188007647	gain	117673
PD62068f	19	15742031	58572521	1	1	F	0.57	1.99913188007647	neutral	42830491
PD62068f	20	87623	64273492	1	1	F	0.57	1.99913188007647	neutral	64185870
PD62068f	21	9068512	46664392	1	1	F	0.57	1.99913188007647	neutral	37595881
PD62068f	22	16572142	50780662	1	1	F	0.57	1.99913188007647	neutral	34208521
PD62068f	X	284193	156005413	1	1	F	0.57	1.99913188007647	neutral	155721221
PD62068g	1	69511	12509075	1	1	F	0.7	1.98464936479195	neutral	12439565
PD62068g	1	12568430	12578661	2	2	F	0.7	1.98464936479195	gain	10232
PD62068g	1	12578936	16986896	1	1	F	0.7	1.98464936479195	neutral	4407961
PD62068g	1	16986953	23083310	2	1	F	0.7	1.98464936479195	gain	6096358
PD62068g	1	23088945	152219638	1	1	F	0.7	1.98464936479195	neutral	129130694
PD62068g	1	152219687	153345422	2	1	F	0.7	1.98464936479195	gain	1125736
PD62068g	1	153345432	156879176	1	1	F	0.7	1.98464936479195	neutral	3533745
PD62068g	1	156879203	156908252	2	0	F	0.7	1.98464936479195	neutral	29050
PD62068g	1	156908739	157521096	2	1	F	0.7	1.98464936479195	gain	612358
PD62068g	1	157521276	160240389	1	1	F	0.7	1.98464936479195	neutral	2719114
PD62068g	1	160244094	162402839	1	0	F	0.7	1.98464936479195	loss	2158746
PD62068g	1	162411882	248918428	1	1	F	0.7	1.98464936479195	neutral	86506547
PD62068g	2	41509	26776504	1	1	F	0.7	1.98464936479195	neutral	26734996
PD62068g	2	26778438	26946977	2	1	F	0.7	1.98464936479195	gain	168540
PD62068g	2	27022293	88738136	1	1	F	0.7	1.98464936479195	neutral	61715844
PD62068g	2	88750000	88861407	1	0	F	0.7	1.98464936479195	loss	111408
PD62068g	2	88861410	135870198	1	1	F	0.7	1.98464936479195	neutral	47008789
PD62068g	2	135870364	136199247	1	0	F	0.7	1.98464936479195	loss	328884
PD62068g	2	136882095	178460993	1	1	F	0.7	1.98464936479195	neutral	41578899
PD62068g	2	178461089	178577104	1	0	F	0.7	1.98464936479195	loss	116016
PD62068g	2	178577190	196071022	1	1	F	0.7	1.98464936479195	neutral	17493833
PD62068g	2	196071073	196271165	1	0	F	0.7	1.98464936479195	loss	200093
PD62068g	2	196271334	201217538	1	1	F	0.7	1.98464936479195	neutral	4946205
PD62068g	2	201217564	201285141	1	0	F	0.7	1.98464936479195	loss	67578
PD62068g	2	201286390	231594159	1	1	F	0.7	1.98464936479195	neutral	30307770
PD62068g	2	231707595	231801208	1	0	F	0.7	1.98464936479195	loss	93614
PD62068g	2	231808402	242004549	1	1	F	0.7	1.98464936479195	neutral	10196148
PD62068g	3	197937	15589517	1	1	F	0.7	1.98464936479195	neutral	15391581
PD62068g	3	15591562	16263944	1	0	F	0.7	1.98464936479195	loss	672383
PD62068g	3	16264028	38946743	1	1	F	0.7	1.98464936479195	neutral	22682716
PD62068g	3	38950162	39265671	1	0	F	0.7	1.98464936479195	loss	315510
PD62068g	3	39265765	64649596	1	1	F	0.7	1.98464936479195	neutral	25383832
PD62068g	3	64649612	66038404	2	1	F	0.7	1.98464936479195	gain	1388793
PD62068g	3	66220872	122795617	1	1	F	0.7	1.98464936479195	neutral	56574746
PD62068g	3	122806715	124398636	2	1	F	0.7	1.98464936479195	gain	1591922
PD62068g	3	124398668	198038561	1	1	F	0.7	1.98464936479195	neutral	73639894
PD62068g	4	85813	76748977	1	1	F	0.7	1.98464936479195	neutral	76663165
PD62068g	4	76754204	77020478	2	1	F	0.7	1.98464936479195	gain	266275
PD62068g	4	77028769	77819015	1	0	F	0.7	1.98464936479195	loss	790247
PD62068g	4	77819072	190025891	1	1	F	0.7	1.98464936479195	neutral	112206820
PD62068g	5	140359	96786505	1	1	F	0.7	1.98464936479195	neutral	96646147
PD62068g	5	96786506	97006608	1	0	F	0.7	1.98464936479195	loss	220103
PD62068g	5	97013794	97027727	1	1	F	0.7	1.98464936479195	neutral	13934
PD62068g	5	97027755	100902721	1	0	F	0.7	1.98464936479195	loss	3874967
PD62068g	5	102236845	141123259	1	1	F	0.7	1.98464936479195	neutral	38886415
PD62068g	5	141135693	141384827	2	1	F	0.7	1.98464936479195	gain	249135
PD62068g	5	141385275	141490317	3	0	F	0.7	1.98464936479195	gain	105043
PD62068g	5	141490413	150203822	1	1	F	0.7	1.98464936479195	neutral	8713410
PD62068g	5	150203824	150302287	2	1	F	0.7	1.98464936479195	gain	98464
PD62068g	5	150361128	181199254	1	1	F	0.7	1.98464936479195	neutral	30838127
PD62068g	5	181199899	181260211	1	0	F	0.7	1.98464936479195	loss	60313
PD62068g	6	203397	7313165	1	1	F	0.7	1.98464936479195	neutral	7109769
PD62068g	6	7313173	7578586	1	0	F	0.7	1.98464936479195	loss	265414
PD62068g	6	7578590	25966791	1	1	F	0.7	1.98464936479195	neutral	18388202
PD62068g	6	25966840	27814786	1	0	F	0.7	1.98464936479195	loss	1847947
PD62068g	6	27815426	27893904	0	0	F	0.7	1.98464936479195	loss	78479
PD62068g	6	27911277	29044339	1	0	F	0.7	1.98464936479195	loss	1133063
PD62068g	6	29044764	29830363	1	1	F	0.7	1.98464936479195	neutral	785600
PD62068g	6	29887715	32055754	1	0	F	0.7	1.98464936479195	loss	2168040
PD62068g	6	32055766	32121077	1	1	F	0.7	1.98464936479195	neutral	65312
PD62068g	6	32121211	32641648	1	0	F	0.7	1.98464936479195	loss	520438
PD62068g	6	32641669	32660832	0	0	F	0.7	1.98464936479195	loss	19164
PD62068g	6	32660834	33640602	1	0	F	0.7	1.98464936479195	loss	979769
PD62068g	6	33655720	170584376	1	1	F	0.7	1.98464936479195	neutral	136928657
PD62068g	7	193222	30452934	1	1	F	0.7	1.98464936479195	neutral	30259713
PD62068g	7	30452982	30599913	1	0	F	0.7	1.98464936479195	loss	146932
PD62068g	7	30603536	43583370	1	1	F	0.7	1.98464936479195	neutral	12979835
PD62068g	7	43596072	43648635	0	0	F	0.7	1.98464936479195	loss	52564
PD62068g	7	43771096	100220562	1	1	F	0.7	1.98464936479195	neutral	56449467
PD62068g	7	100220672	100677821	1	0	F	0.7	1.98464936479195	loss	457150
PD62068g	7	100678183	100752877	2	0	F	0.7	1.98464936479195	neutral	74695
PD62068g	7	100752995	100773878	2	1	F	0.7	1.98464936479195	gain	20884
PD62068g	7	100775338	142762884	1	1	F	0.7	1.98464936479195	neutral	41987547
PD62068g	7	142796623	142802725	0	0	F	0.7	1.98464936479195	loss	6103
PD62068g	7	142812542	150340584	1	1	F	0.7	1.98464936479195	neutral	7528043
PD62068g	7	150369811	150749732	1	0	F	0.7	1.98464936479195	loss	379922
PD62068g	7	150749848	159233344	2	0	F	0.7	1.98464936479195	neutral	8483497
PD62068g	8	232977	22539531	1	1	F	0.7	1.98464936479195	neutral	22306555
PD62068g	8	22539544	22724811	1	0	F	0.7	1.98464936479195	loss	185268
PD62068g	8	22724914	145054093	1	1	F	0.7	1.98464936479195	neutral	122329180
PD62068g	9	154795	138175500	1	1	F	0.7	1.98464936479195	neutral	138020706
PD62068g	10	49156	22316376	1	1	F	0.7	1.98464936479195	neutral	22267221
PD62068g	10	22316469	22320091	0	0	F	0.7	1.98464936479195	loss	3623
PD62068g	10	22326393	72900301	1	1	F	0.7	1.98464936479195	neutral	50573909
PD62068g	10	72911672	73045005	2	1	F	0.7	1.98464936479195	gain	133334
PD62068g	10	73045107	77112480	1	1	F	0.7	1.98464936479195	neutral	4067374
PD62068g	10	77121076	77183647	2	2	F	0.7	1.98464936479195	gain	62572
PD62068g	10	77184765	133625894	1	1	F	0.7	1.98464936479195	neutral	56441130
PD62068g	11	197291	842543	1	1	F	0.7	1.98464936479195	neutral	645253
PD62068g	11	842627	1750552	2	1	F	0.7	1.98464936479195	gain	907926
PD62068g	11	1750567	62666509	1	1	F	0.7	1.98464936479195	neutral	60915943
PD62068g	11	62666625	62885307	1	0	F	0.7	1.98464936479195	loss	218683
PD62068g	11	62885478	64203434	1	1	F	0.7	1.98464936479195	neutral	1317957
PD62068g	11	64204152	64344456	1	0	F	0.7	1.98464936479195	loss	140305
PD62068g	11	64344547	65128507	1	1	F	0.7	1.98464936479195	neutral	783961
PD62068g	11	65128536	65133670	1	0	F	0.7	1.98464936479195	loss	5135
PD62068g	11	65170212	65344093	2	0	F	0.7	1.98464936479195	neutral	173882
PD62068g	11	65344476	66715794	1	0	F	0.7	1.98464936479195	loss	1371319
PD62068g	11	66715854	67266657	1	1	F	0.7	1.98464936479195	neutral	550804
PD62068g	11	67266795	68042830	1	0	F	0.7	1.98464936479195	loss	776036
PD62068g	11	68042874	72095542	1	1	F	0.7	1.98464936479195	neutral	4052669
PD62068g	11	72096671	72112859	1	0	F	0.7	1.98464936479195	loss	16189
PD62068g	11	72135877	118264115	1	1	F	0.7	1.98464936479195	neutral	46128239
PD62068g	11	118264162	119025933	1	0	F	0.7	1.98464936479195	loss	761772
PD62068g	11	119026101	134986843	1	1	F	0.7	1.98464936479195	neutral	15960743
PD62068g	12	66973	52206006	1	1	F	0.7	1.98464936479195	neutral	52139034
PD62068g	12	52206020	52848509	2	1	F	0.7	1.98464936479195	gain	642490
PD62068g	12	52848605	57129111	1	1	F	0.7	1.98464936479195	neutral	4280507
PD62068g	12	57138415	57200665	2	1	F	0.7	1.98464936479195	gain	62251
PD62068g	12	57200669	133234349	1	1	F	0.7	1.98464936479195	neutral	76033681
PD62068g	13	19026300	114325924	1	1	F	0.7	1.98464936479195	neutral	95299625
PD62068g	14	19097460	22478059	1	1	F	0.7	1.98464936479195	neutral	3380600
PD62068g	14	22478825	22633977	1	0	F	0.7	1.98464936479195	loss	155153
PD62068g	14	22633991	24209933	1	1	F	0.7	1.98464936479195	neutral	1575943
PD62068g	14	24209981	24270640	1	0	F	0.7	1.98464936479195	loss	60660
PD62068g	14	24270961	101061979	1	1	F	0.7	1.98464936479195	neutral	76791019
PD62068g	14	101062149	101558641	2	2	F	0.7	1.98464936479195	gain	496493
PD62068g	14	101561531	101893180	1	0	F	0.7	1.98464936479195	loss	331650
PD62068g	14	101893217	105474836	1	1	F	0.7	1.98464936479195	neutral	3581620
PD62068g	14	105478583	105491109	1	0	F	0.7	1.98464936479195	loss	12527
PD62068g	14	105491175	105855266	1	1	F	0.7	1.98464936479195	neutral	364092
PD62068g	14	105855447	105864257	1	0	F	0.7	1.98464936479195	loss	8811
PD62068g	14	105864260	106874913	1	1	F	0.7	1.98464936479195	neutral	1010654
PD62068g	15	19964758	43708753	1	1	F	0.7	1.98464936479195	neutral	23743996
PD62068g	15	43732696	44758968	1	0	F	0.7	1.98464936479195	loss	1026273
PD62068g	15	44767192	74244025	1	1	F	0.7	1.98464936479195	neutral	29476834
PD62068g	15	74244131	74416730	2	1	F	0.7	1.98464936479195	gain	172600
PD62068g	15	74417296	101849544	1	1	F	0.7	1.98464936479195	neutral	27432249
PD62068g	16	47541	30521608	1	1	F	0.7	1.98464936479195	neutral	30474068
PD62068g	16	30525192	30704141	1	0	F	0.7	1.98464936479195	loss	178950
PD62068g	16	30704198	67936027	1	1	F	0.7	1.98464936479195	neutral	37231830
PD62068g	16	67936246	68230184	1	0	F	0.7	1.98464936479195	loss	293939
PD62068g	16	68230191	88699554	1	1	F	0.7	1.98464936479195	neutral	20469364
PD62068g	16	88699572	88707120	1	0	F	0.7	1.98464936479195	loss	7549
PD62068g	16	88707276	90094880	1	1	F	0.7	1.98464936479195	neutral	1387605
PD62068g	17	156162	2394022	1	1	F	0.7	1.98464936479195	neutral	2237861
PD62068g	17	2394183	2400631	0	0	F	0.7	1.98464936479195	loss	6449
PD62068g	17	2407038	7196811	1	1	F	0.7	1.98464936479195	neutral	4789774
PD62068g	17	7202687	7289551	1	0	F	0.7	1.98464936479195	loss	86865
PD62068g	17	7289567	7858608	1	1	F	0.7	1.98464936479195	neutral	569042
PD62068g	17	7858937	7890654	1	0	F	0.7	1.98464936479195	loss	31718
PD62068g	17	7890786	8080363	2	0	F	0.7	1.98464936479195	neutral	189578
PD62068g	17	8080481	8173478	1	0	F	0.7	1.98464936479195	loss	92998
PD62068g	17	8173535	8190161	0	0	F	0.7	1.98464936479195	loss	16627
PD62068g	17	8205013	40660091	1	1	F	0.7	1.98464936479195	neutral	32455079
PD62068g	17	40664998	41758705	2	1	F	0.7	1.98464936479195	gain	1093708
PD62068g	17	41758805	64505955	1	1	F	0.7	1.98464936479195	neutral	22747151
PD62068g	17	64505962	64507093	0	0	F	0.7	1.98464936479195	loss	1132
PD62068g	17	64510152	66803924	1	1	F	0.7	1.98464936479195	neutral	2293773
PD62068g	17	66803989	67215926	2	1	F	0.7	1.98464936479195	gain	411938
PD62068g	17	67216019	83135759	1	1	F	0.7	1.98464936479195	neutral	15919741
PD62068g	18	120645	80202756	1	1	F	0.7	1.98464936479195	neutral	80082112
PD62068g	19	281376	8091324	1	1	F	0.7	1.98464936479195	neutral	7809949
PD62068g	19	8091337	8136347	2	1	F	0.7	1.98464936479195	gain	45011
PD62068g	19	8136366	12897793	1	1	F	0.7	1.98464936479195	neutral	4761428
PD62068g	19	12897817	13115238	1	0	F	0.7	1.98464936479195	loss	217422
PD62068g	19	13115264	15623580	1	1	F	0.7	1.98464936479195	neutral	2508317
PD62068g	19	15624112	15949643	2	1	F	0.7	1.98464936479195	gain	325532
PD62068g	19	15949681	35738261	1	1	F	0.7	1.98464936479195	neutral	19788581
PD62068g	19	35738623	35759670	1	0	F	0.7	1.98464936479195	loss	21048
PD62068g	19	35759745	38879816	1	1	F	0.7	1.98464936479195	neutral	3120072
PD62068g	19	38880806	38883841	1	0	F	0.7	1.98464936479195	loss	3036
PD62068g	19	38889007	40810347	1	1	F	0.7	1.98464936479195	neutral	1921341
PD62068g	19	40810355	40845322	1	0	F	0.7	1.98464936479195	loss	34968
PD62068g	19	40845362	41025800	2	1	F	0.7	1.98464936479195	gain	180439
PD62068g	19	41025920	41425578	1	1	F	0.7	1.98464936479195	neutral	399659
PD62068g	19	41425597	41584494	1	0	F	0.7	1.98464936479195	loss	158898
PD62068g	19	41585428	41851798	1	1	F	0.7	1.98464936479195	neutral	266371
PD62068g	19	41860610	41896979	1	0	F	0.7	1.98464936479195	loss	36370
PD62068g	19	41898021	42528472	1	1	F	0.7	1.98464936479195	neutral	630452
PD62068g	19	42528531	42916171	2	1	F	0.7	1.98464936479195	gain	387641
PD62068g	19	42916188	49427038	1	1	F	0.7	1.98464936479195	neutral	6510851
PD62068g	19	49427095	49543180	1	0	F	0.7	1.98464936479195	loss	116086
PD62068g	19	49543216	50519457	1	1	F	0.7	1.98464936479195	neutral	976242
PD62068g	19	50548680	50629489	2	1	F	0.7	1.98464936479195	gain	80810
PD62068g	19	50629521	54419089	1	1	F	0.7	1.98464936479195	neutral	3789569
PD62068g	19	54419187	54465081	1	0	F	0.7	1.98464936479195	loss	45895
PD62068g	19	54465158	57254787	1	1	F	0.7	1.98464936479195	neutral	2789630
PD62068g	19	57280780	58572521	1	0	F	0.7	1.98464936479195	loss	1291742
PD62068g	20	87623	64273492	1	1	F	0.7	1.98464936479195	neutral	64185870
PD62068g	21	9068512	30166376	1	1	F	0.7	1.98464936479195	neutral	21097865
PD62068g	21	30166386	30592740	2	1	F	0.7	1.98464936479195	gain	426355
PD62068g	21	30598624	39295885	1	1	F	0.7	1.98464936479195	neutral	8697262
PD62068g	21	39296181	39390677	0	0	F	0.7	1.98464936479195	loss	94497
PD62068g	21	39390902	46664392	1	1	F	0.7	1.98464936479195	neutral	7273491
PD62068g	22	16572142	26298953	1	1	F	0.7	1.98464936479195	neutral	9726812
PD62068g	22	26299111	26375793	2	1	F	0.7	1.98464936479195	gain	76683
PD62068g	22	26377792	50780662	1	1	F	0.7	1.98464936479195	neutral	24402871
PD62068g	X	284193	153888537	1	1	F	0.7	1.98464936479195	neutral	153604345
PD62068g	X	153905157	154419497	1	0	F	0.7	1.98464936479195	loss	514341
PD62068g	X	154420108	156005413	1	1	F	0.7	1.98464936479195	neutral	1585306
PD62070d	1	69511	248918428	1	1	M	1	1.9861398572523	neutral	248848918
PD62070d	2	41393	242004549	1	1	M	1	1.9861398572523	neutral	241963157
PD62070d	3	197937	198038561	1	1	M	1	1.9861398572523	neutral	197840625
PD62070d	4	85813	190025891	1	1	M	1	1.9861398572523	neutral	189940079
PD62070d	5	140359	140842478	1	1	M	1	1.9861398572523	neutral	140702120
PD62070d	5	140842554	141151510	2	1	M	1	1.9861398572523	gain	308957
PD62070d	5	141151518	181260906	1	1	M	1	1.9861398572523	neutral	40109389
PD62070d	6	203397	170583765	1	1	M	1	1.9861398572523	neutral	170380369
PD62070d	7	193222	159233344	1	1	M	1	1.9861398572523	neutral	159040123
PD62070d	8	232977	145054093	1	1	M	1	1.9861398572523	neutral	144821117
PD62070d	9	154795	138177317	1	1	M	1	1.9861398572523	neutral	138022523
PD62070d	10	49156	133625894	1	1	M	1	1.9861398572523	neutral	133576739
PD62070d	11	197291	134986843	1	1	M	1	1.9861398572523	neutral	134789553
PD62070d	12	66973	133234349	1	1	M	1	1.9861398572523	neutral	133167377
PD62070d	13	19026300	114325924	1	1	M	1	1.9861398572523	neutral	95299625
PD62070d	14	19097607	106874913	1	1	M	1	1.9861398572523	neutral	87777307
PD62070d	15	19964758	24962234	1	1	M	1	1.9861398572523	neutral	4997477
PD62070d	15	24967885	25175004	2	1	M	1	1.9861398572523	gain	207120
PD62070d	15	25176822	25189439	3	0	M	1	1.9861398572523	gain	12618
PD62070d	15	25189486	25694886	2	1	M	1	1.9861398572523	gain	505401
PD62070d	15	25695021	101849608	1	1	M	1	1.9861398572523	neutral	76154588
PD62070d	16	47354	90094900	1	1	M	1	1.9861398572523	neutral	90047547
PD62070d	17	156162	83135759	1	1	M	1	1.9861398572523	neutral	82979598
PD62070d	18	120645	80202756	1	1	M	1	1.9861398572523	neutral	80082112
PD62070d	19	281376	50827949	1	1	M	1	1.9861398572523	neutral	50546574
PD62070d	19	50831583	51099108	2	1	M	1	1.9861398572523	gain	267526
PD62070d	19	51104043	58572521	1	1	M	1	1.9861398572523	neutral	7468479
PD62070d	20	87623	64273492	1	1	M	1	1.9861398572523	neutral	64185870
PD62070d	21	9068512	46664392	1	1	M	1	1.9861398572523	neutral	37595881
PD62070d	22	16572142	50780662	1	1	M	1	1.9861398572523	neutral	34208521
PD62070d	X	284193	2782048	2	0	M	1	1.9861398572523	gain	2497856
PD62070d	X	2782116	155524613	1	0	M	1	1.9861398572523	neutral	152742498
PD62070d	X	155773979	156005413	3	0	M	1	1.9861398572523	gain	231435
PD62072a	1	69511	152107347	1	1	M	0.44	2.00335245336339	neutral	152037837
PD62072a	1	152107513	153459085	2	2	M	0.44	2.00335245336339	gain	1351573
PD62072a	1	153459146	185911590	1	1	M	0.44	2.00335245336339	neutral	32452445
PD62072a	1	185911745	186296816	2	2	M	0.44	2.00335245336339	gain	385072
PD62072a	1	186300069	247841197	1	1	M	0.44	2.00335245336339	neutral	61541129
PD62072a	1	247841312	248918428	2	1	M	0.44	2.00335245336339	gain	1077117
PD62072a	2	41393	88861377	1	1	M	0.44	2.00335245336339	neutral	88819985
PD62072a	2	88861397	89234822	2	1	M	0.44	2.00335245336339	gain	373426
PD62072a	2	89234831	242004549	1	1	M	0.44	2.00335245336339	neutral	152769719
PD62072a	3	197664	198038561	1	1	M	0.44	2.00335245336339	neutral	197840898
PD62072a	4	85813	86753138	1	1	M	0.44	2.00335245336339	neutral	86667326
PD62072a	4	86753188	87047827	2	1	M	0.44	2.00335245336339	gain	294640
PD62072a	4	87049523	190025891	1	1	M	0.44	2.00335245336339	neutral	102976369
PD62072a	5	140238	140786397	1	1	M	0.44	2.00335245336339	neutral	140646160
PD62072a	5	140786647	141487520	2	2	M	0.44	2.00335245336339	gain	700874
PD62072a	5	141487556	181260906	1	1	M	0.44	2.00335245336339	neutral	39773351
PD62072a	6	203397	159266149	1	1	M	0.44	2.00335245336339	neutral	159062753
PD62072a	6	159266264	159712817	2	1	M	0.44	2.00335245336339	gain	446554
PD62072a	6	159712911	170584376	1	1	M	0.44	2.00335245336339	neutral	10871466
PD62072a	7	193222	159233324	1	1	M	0.44	2.00335245336339	neutral	159040103
PD62072a	8	232977	145054093	1	1	M	0.44	2.00335245336339	neutral	144821117
PD62072a	9	154795	138177328	1	1	M	0.44	2.00335245336339	neutral	138022534
PD62072a	10	49134	122572519	1	1	M	0.44	2.00335245336339	neutral	122523386
PD62072a	10	122573682	122676817	2	2	M	0.44	2.00335245336339	gain	103136
PD62072a	10	122676832	133625894	1	1	M	0.44	2.00335245336339	neutral	10949063
PD62072a	11	197291	244197	1	0	M	0.44	2.00335245336339	loss	46907
PD62072a	11	244414	48160009	1	1	M	0.44	2.00335245336339	neutral	47915596
PD62072a	11	48163431	48306282	2	2	M	0.44	2.00335245336339	gain	142852
PD62072a	11	48306289	55773808	2	1	M	0.44	2.00335245336339	gain	7467520
PD62072a	11	55774029	59713287	1	1	M	0.44	2.00335245336339	neutral	3939259
PD62072a	11	59713475	60047111	1	0	M	0.44	2.00335245336339	loss	333637
PD62072a	11	60061389	71582954	1	1	M	0.44	2.00335245336339	neutral	11521566
PD62072a	11	71796048	71796253	0	0	M	0.44	2.00335245336339	loss	206
PD62072a	11	71865740	134986843	1	1	M	0.44	2.00335245336339	neutral	63121104
PD62072a	12	66973	50104336	1	1	M	0.44	2.00335245336339	neutral	50037364
PD62072a	12	50104356	51358297	1	0	M	0.44	2.00335245336339	loss	1253942
PD62072a	12	51359113	55685391	2	1	M	0.44	2.00335245336339	gain	4326279
PD62072a	12	55686005	133234349	1	1	M	0.44	2.00335245336339	neutral	77548345
PD62072a	13	19026300	19178485	3	0	M	0.44	2.00335245336339	gain	152186
PD62072a	13	19179309	19503337	2	2	M	0.44	2.00335245336339	gain	324029
PD62072a	13	19633709	114325924	1	1	M	0.44	2.00335245336339	neutral	94692216
PD62072a	14	19733402	20243598	2	2	M	0.44	2.00335245336339	gain	510197
PD62072a	14	20243652	104939864	1	1	M	0.44	2.00335245336339	neutral	84696213
PD62072a	14	104939898	104949893	2	1	M	0.44	2.00335245336339	gain	9996
PD62072a	14	104949899	105986647	1	1	M	0.44	2.00335245336339	neutral	1036749
PD62072a	14	105986679	106578807	2	2	M	0.44	2.00335245336339	gain	592129
PD62072a	14	106578808	106874913	2	1	M	0.44	2.00335245336339	gain	296106
PD62072a	15	19964758	24985051	1	1	M	0.44	2.00335245336339	neutral	5020294
PD62072a	15	24986870	25227182	2	2	M	0.44	2.00335245336339	gain	240313
PD62072a	15	25227192	101849544	1	1	M	0.44	2.00335245336339	neutral	76622353
PD62072a	16	47541	90094900	1	1	M	0.44	2.00335245336339	neutral	90047360
PD62072a	17	156162	83135891	1	1	M	0.44	2.00335245336339	neutral	82979730
PD62072a	18	120645	80202756	1	1	M	0.44	2.00335245336339	neutral	80082112
PD62072a	19	281376	2945002	1	1	M	0.44	2.00335245336339	neutral	2663627
PD62072a	19	2978116	2993645	1	0	M	0.44	2.00335245336339	loss	15530
PD62072a	19	2993943	39894126	1	1	M	0.44	2.00335245336339	neutral	36900184
PD62072a	19	39894144	40006028	1	0	M	0.44	2.00335245336339	loss	111885
PD62072a	19	40007284	44101171	1	1	M	0.44	2.00335245336339	neutral	4093888
PD62072a	19	44101389	44428346	2	1	M	0.44	2.00335245336339	gain	326958
PD62072a	19	44428347	54537099	1	1	M	0.44	2.00335245336339	neutral	10108753
PD62072a	19	54537101	54635344	2	1	M	0.44	2.00335245336339	gain	98244
PD62072a	19	54635352	58572521	1	1	M	0.44	2.00335245336339	neutral	3937170
PD62072a	20	87623	64273492	1	1	M	0.44	2.00335245336339	neutral	64185870
PD62072a	21	9068512	44580031	1	1	M	0.44	2.00335245336339	neutral	35511520
PD62072a	21	44580041	44657895	2	2	M	0.44	2.00335245336339	gain	77855
PD62072a	21	44657936	46664392	1	1	M	0.44	2.00335245336339	neutral	2006457
PD62072a	22	16572142	50780662	1	1	M	0.44	2.00335245336339	neutral	34208521
PD62072a	X	284193	2740742	2	0	M	0.44	2.00335245336339	gain	2456550
PD62072a	X	2740756	2774703	3	0	M	0.44	2.00335245336339	gain	33948
PD62072a	X	2781927	139956760	1	0	M	0.44	2.00335245336339	neutral	137174834
PD62072a	X	139958008	141905995	2	0	M	0.44	2.00335245336339	gain	1947988
PD62072a	X	141906070	155514051	1	0	M	0.44	2.00335245336339	neutral	13607982
PD62072a	X	155524613	156005413	2	0	M	0.44	2.00335245336339	gain	480801
PD62073a	1	69511	3493665	1	1	F	0.71	1.96636317989406	neutral	3424155
PD62073a	1	3493741	3497693	2	1	F	0.71	1.96636317989406	gain	3953
PD62073a	1	3498435	146019740	1	1	F	0.71	1.96636317989406	neutral	142521306
PD62073a	1	146020223	148334756	1	0	F	0.71	1.96636317989406	loss	2314534
PD62073a	1	148953097	152110008	1	1	F	0.71	1.96636317989406	neutral	3156912
PD62073a	1	152110285	152220079	2	1	F	0.71	1.96636317989406	gain	109795
PD62073a	1	152220155	248918428	1	1	F	0.71	1.96636317989406	neutral	96698274
PD62073a	2	41393	25419425	1	1	F	0.71	1.96636317989406	neutral	25378033
PD62073a	2	25427460	26232134	1	0	F	0.71	1.96636317989406	loss	804675
PD62073a	2	26232259	68047313	1	1	F	0.71	1.96636317989406	neutral	41815055
PD62073a	2	68125174	90190440	1	0	F	0.71	1.96636317989406	loss	22065267
PD62073a	2	90190462	242004549	1	1	F	0.71	1.96636317989406	neutral	151814088
PD62073a	3	197630	66243362	1	1	F	0.71	1.96636317989406	neutral	66045733
PD62073a	3	66263176	66407303	1	0	F	0.71	1.96636317989406	loss	144128
PD62073a	3	66407584	198038561	1	1	F	0.71	1.96636317989406	neutral	131630978
PD62073a	4	85813	190025891	1	1	F	0.71	1.96636317989406	neutral	189940079
PD62073a	5	140359	80321538	1	1	F	0.71	1.96636317989406	neutral	80181180
PD62073a	5	80434259	81636494	1	0	F	0.71	1.96636317989406	loss	1202236
PD62073a	5	81650327	137498475	1	1	F	0.71	1.96636317989406	neutral	55848149
PD62073a	5	137622028	138441242	1	0	F	0.71	1.96636317989406	loss	819215
PD62073a	5	138441580	140830132	1	1	F	0.71	1.96636317989406	neutral	2388553
PD62073a	5	140830448	140875823	2	1	F	0.71	1.96636317989406	gain	45376
PD62073a	5	140875993	181260906	1	1	F	0.71	1.96636317989406	neutral	40384914
PD62073a	6	203397	56168296	1	1	F	0.71	1.96636317989406	neutral	55964900
PD62073a	6	56168308	56182640	2	1	F	0.71	1.96636317989406	gain	14333
PD62073a	6	56460138	84764041	1	1	F	0.71	1.96636317989406	neutral	28303904
PD62073a	6	85450215	89656638	1	0	F	0.71	1.96636317989406	loss	4206424
PD62073a	6	89656752	90312920	1	1	F	0.71	1.96636317989406	neutral	656169
PD62073a	6	90516489	118566170	1	0	F	0.71	1.96636317989406	loss	28049682
PD62073a	6	118566238	170584376	1	1	F	0.71	1.96636317989406	neutral	52018139
PD62073a	7	193222	55923742	1	1	F	0.71	1.96636317989406	neutral	55730521
PD62073a	7	55939805	57470007	1	0	F	0.71	1.96636317989406	loss	1530203
PD62073a	7	63572919	159233344	1	1	F	0.71	1.96636317989406	neutral	95660426
PD62073a	8	232977	2201489	1	1	F	0.71	1.96636317989406	neutral	1968513
PD62073a	8	2938633	4994510	1	0	F	0.71	1.96636317989406	loss	2055878
PD62073a	8	6406552	145054093	1	1	F	0.71	1.96636317989406	neutral	138647542
PD62073a	9	154795	28863752	1	1	F	0.71	1.96636317989406	neutral	28708958
PD62073a	9	28888787	32984584	1	0	F	0.71	1.96636317989406	loss	4095798
PD62073a	9	32984659	138177317	1	1	F	0.71	1.96636317989406	neutral	105192659
PD62073a	10	49134	71566929	1	1	F	0.71	1.96636317989406	neutral	71517796
PD62073a	10	71567000	72375969	1	0	F	0.71	1.96636317989406	loss	808970
PD62073a	10	72379442	85916237	1	1	F	0.71	1.96636317989406	neutral	13536796
PD62073a	10	85916315	88362557	1	0	F	0.71	1.96636317989406	loss	2446243
PD62073a	10	88362631	133625894	1	1	F	0.71	1.96636317989406	neutral	45263264
PD62073a	11	197291	134986843	1	1	F	0.71	1.96636317989406	neutral	134789553
PD62073a	12	66973	11395399	1	1	F	0.71	1.96636317989406	neutral	11328427
PD62073a	12	11750842	12637834	1	0	F	0.71	1.96636317989406	loss	886993
PD62073a	12	12642033	49636846	1	1	F	0.71	1.96636317989406	neutral	36994814
PD62073a	12	49637654	49707012	1	0	F	0.71	1.96636317989406	loss	69359
PD62073a	12	49707103	75042218	1	1	F	0.71	1.96636317989406	neutral	25335116
PD62073a	12	75042219	87783945	1	0	F	0.71	1.96636317989406	loss	12741727
PD62073a	12	87784014	117027459	1	1	F	0.71	1.96636317989406	neutral	29243446
PD62073a	12	117027572	117674220	1	0	F	0.71	1.96636317989406	loss	646649
PD62073a	12	117674374	133234349	1	1	F	0.71	1.96636317989406	neutral	15559976
PD62073a	13	19026300	114325924	1	1	F	0.71	1.96636317989406	neutral	95299625
PD62073a	14	19733402	93532613	1	1	F	0.71	1.96636317989406	neutral	73799212
PD62073a	14	93532702	94769908	1	0	F	0.71	1.96636317989406	loss	1237207
PD62073a	14	95090675	106874913	1	1	F	0.71	1.96636317989406	neutral	11784239
PD62073a	15	19964758	41319753	1	1	F	0.71	1.96636317989406	neutral	21354996
PD62073a	15	41319806	42801045	1	0	F	0.71	1.96636317989406	loss	1481240
PD62073a	15	42801171	58852041	1	1	F	0.71	1.96636317989406	neutral	16050871
PD62073a	15	58883579	61854786	1	0	F	0.71	1.96636317989406	loss	2971208
PD62073a	15	61854971	75527268	1	1	F	0.71	1.96636317989406	neutral	13672298
PD62073a	15	75527304	77114772	1	0	F	0.71	1.96636317989406	loss	1587469
PD62073a	15	77114938	101849608	1	1	F	0.71	1.96636317989406	neutral	24734671
PD62073a	16	47354	740078	1	1	F	0.71	1.96636317989406	neutral	692725
PD62073a	16	740862	770817	2	1	F	0.71	1.96636317989406	gain	29956
PD62073a	16	770888	30343130	1	1	F	0.71	1.96636317989406	neutral	29572243
PD62073a	16	30353391	30782209	1	0	F	0.71	1.96636317989406	loss	428819
PD62073a	16	30782300	67211001	1	1	F	0.71	1.96636317989406	neutral	36428702
PD62073a	16	67223989	67833945	1	0	F	0.71	1.96636317989406	loss	609957
PD62073a	16	67842563	90094900	1	1	F	0.71	1.96636317989406	neutral	22252338
PD62073a	17	156162	9693255	1	1	F	0.71	1.96636317989406	neutral	9537094
PD62073a	17	9700116	11640271	1	0	F	0.71	1.96636317989406	loss	1940156
PD62073a	17	11640293	27560545	1	1	F	0.71	1.96636317989406	neutral	15920253
PD62073a	17	27560613	27798892	1	0	F	0.71	1.96636317989406	loss	238280
PD62073a	17	27879452	57988141	1	1	F	0.71	1.96636317989406	neutral	30108690
PD62073a	17	58005757	58661480	1	0	F	0.71	1.96636317989406	loss	655724
PD62073a	17	58661491	83135891	1	1	F	0.71	1.96636317989406	neutral	24474401
PD62073a	18	120645	61539155	1	1	F	0.71	1.96636317989406	neutral	61418511
PD62073a	18	61539247	75427479	1	0	F	0.71	1.96636317989406	loss	13888233
PD62073a	18	75427483	78994584	1	1	F	0.71	1.96636317989406	neutral	3567102
PD62073a	18	78994871	79753841	1	0	F	0.71	1.96636317989406	loss	758971
PD62073a	18	79863811	80202756	1	1	F	0.71	1.96636317989406	neutral	338946
PD62073a	19	281360	8605262	1	1	F	0.71	1.96636317989406	neutral	8323903
PD62073a	19	8697355	9093977	1	0	F	0.71	1.96636317989406	loss	396623
PD62073a	19	9102188	39893598	1	1	F	0.71	1.96636317989406	neutral	30791411
PD62073a	19	39893933	39924790	2	1	F	0.71	1.96636317989406	gain	30858
PD62073a	19	39926982	58572521	1	1	F	0.71	1.96636317989406	neutral	18645540
PD62073a	20	87623	35269852	1	1	F	0.71	1.96636317989406	neutral	35182230
PD62073a	20	35269908	35280899	1	0	F	0.71	1.96636317989406	loss	10992
PD62073a	20	35284181	63080264	1	1	F	0.71	1.96636317989406	neutral	27796084
PD62073a	20	63080296	63843432	1	0	F	0.71	1.96636317989406	loss	763137
PD62073a	20	63843502	64273629	1	1	F	0.71	1.96636317989406	neutral	430128
PD62073a	21	9068512	44558674	1	1	F	0.71	1.96636317989406	neutral	35490163
PD62073a	21	44558683	44654285	2	1	F	0.71	1.96636317989406	gain	95603
PD62073a	21	44654519	46664533	1	1	F	0.71	1.96636317989406	neutral	2010015
PD62073a	22	16572142	50780662	1	1	F	0.71	1.96636317989406	neutral	34208521
PD62073a	X	284193	57910028	1	1	F	0.71	1.96636317989406	neutral	57625836
PD62073a	X	63299368	66605242	1	0	F	0.71	1.96636317989406	loss	3305875
PD62073a	X	66615942	156005528	1	1	F	0.71	1.96636317989406	neutral	89389587
PD62074d	1	69511	248918428	1	1	M	0.39	1.98330499916106	neutral	248848918
PD62074d	2	41393	242004549	1	1	M	0.39	1.98330499916106	neutral	241963157
PD62074d	3	197664	198038561	1	1	M	0.39	1.98330499916106	neutral	197840898
PD62074d	4	85813	190025891	1	1	M	0.39	1.98330499916106	neutral	189940079
PD62074d	5	140238	181260906	1	1	M	0.39	1.98330499916106	neutral	181120669
PD62074d	6	203397	31025722	1	1	M	0.39	1.98330499916106	neutral	30822326
PD62074d	6	31025756	31111299	1	0	M	0.39	1.98330499916106	loss	85544
PD62074d	6	31111459	170584319	1	1	M	0.39	1.98330499916106	neutral	139472861
PD62074d	7	193222	159233344	1	1	M	0.39	1.98330499916106	neutral	159040123
PD62074d	8	232977	145054093	1	1	M	0.39	1.98330499916106	neutral	144821117
PD62074d	9	154795	76295357	1	1	M	0.39	1.98330499916106	neutral	76140563
PD62074d	9	76295471	76323058	1	0	M	0.39	1.98330499916106	loss	27588
PD62074d	9	76323127	138177317	1	1	M	0.39	1.98330499916106	neutral	61854191
PD62074d	10	49230	132912757	1	1	M	0.39	1.98330499916106	neutral	132863528
PD62074d	10	132912831	133625894	2	0	M	0.39	1.98330499916106	neutral	713064
PD62074d	11	197291	134986843	1	1	M	0.39	1.98330499916106	neutral	134789553
PD62074d	12	66973	133234532	1	1	M	0.39	1.98330499916106	neutral	133167560
PD62074d	13	19026300	114325924	1	1	M	0.39	1.98330499916106	neutral	95299625
PD62074d	14	19733402	106874913	1	1	M	0.39	1.98330499916106	neutral	87141512
PD62074d	15	19964758	101849608	1	1	M	0.39	1.98330499916106	neutral	81884851
PD62074d	16	47354	90094880	1	1	M	0.39	1.98330499916106	neutral	90047527
PD62074d	17	156162	83135891	1	1	M	0.39	1.98330499916106	neutral	82979730
PD62074d	18	120645	80202756	1	1	M	0.39	1.98330499916106	neutral	80082112
PD62074d	19	281376	13768966	1	1	M	0.39	1.98330499916106	neutral	13487591
PD62074d	19	13769073	13774424	3	3	M	0.39	1.98330499916106	gain	5352
PD62074d	19	13774495	58572521	1	1	M	0.39	1.98330499916106	neutral	44798027
PD62074d	20	87623	289809	1	0	M	0.39	1.98330499916106	loss	202187
PD62074d	20	290214	64273629	1	1	M	0.39	1.98330499916106	neutral	63983416
PD62074d	21	9068512	46664523	1	1	M	0.39	1.98330499916106	neutral	37596012
PD62074d	22	16572142	50780662	1	1	M	0.39	1.98330499916106	neutral	34208521
PD62074d	X	284193	2774703	2	0	M	0.39	1.98330499916106	gain	2490511
PD62074d	X	2781927	155895548	1	0	M	0.39	1.98330499916106	neutral	153113622
PD62074d	X	155898177	156005413	3	0	M	0.39	1.98330499916106	gain	107237
PD62075a	1	826681	31409818	1	0	F	0.68	2.00948802852776	loss	30583138
PD62075a	1	31409883	248918428	1	1	F	0.68	2.00948802852776	neutral	217508546
PD62075a	2	41393	242004549	1	1	F	0.68	2.00948802852776	neutral	241963157
PD62075a	3	197664	198038561	1	1	F	0.68	2.00948802852776	neutral	197840898
PD62075a	4	85813	46250306	1	0	F	0.68	2.00948802852776	loss	46164494
PD62075a	4	46250586	70522834	1	1	F	0.68	2.00948802852776	neutral	24272249
PD62075a	4	70522872	70524930	2	1	F	0.68	2.00948802852776	gain	2059
PD62075a	4	70525064	190025891	1	1	F	0.68	2.00948802852776	neutral	119500828
PD62075a	5	140238	140786686	1	1	F	0.68	2.00948802852776	neutral	140646449
PD62075a	5	140786763	141478339	2	1	F	0.68	2.00948802852776	gain	691577
PD62075a	5	141478678	181260906	1	1	F	0.68	2.00948802852776	neutral	39782229
PD62075a	6	203292	170584376	1	1	F	0.68	2.00948802852776	neutral	170381085
PD62075a	7	193222	159233344	2	1	F	0.68	2.00948802852776	gain	159040123
PD62075a	8	232977	145054093	1	1	F	0.68	2.00948802852776	neutral	144821117
PD62075a	9	154795	138177328	1	1	F	0.68	2.00948802852776	neutral	138022534
PD62075a	10	49156	133625894	1	1	F	0.68	2.00948802852776	neutral	133576739
PD62075a	11	197291	1160580	1	1	F	0.68	2.00948802852776	neutral	963290
PD62075a	11	1160678	1194627	2	1	F	0.68	2.00948802852776	gain	33950
PD62075a	11	1194899	134986843	1	1	F	0.68	2.00948802852776	neutral	133791945
PD62075a	12	66973	52045446	1	1	F	0.68	2.00948802852776	neutral	51978474
PD62075a	12	52054314	52834004	2	1	F	0.68	2.00948802852776	gain	779691
PD62075a	12	52834019	133234532	1	1	F	0.68	2.00948802852776	neutral	80400514
PD62075a	13	19026300	114325924	1	1	F	0.68	2.00948802852776	neutral	95299625
PD62075a	14	19733402	19936608	2	0	F	0.68	2.00948802852776	neutral	203207
PD62075a	14	19936715	106874913	1	1	F	0.68	2.00948802852776	neutral	86938199
PD62075a	15	19964758	101849608	1	1	F	0.68	2.00948802852776	neutral	81884851
PD62075a	16	47354	90094880	1	1	F	0.68	2.00948802852776	neutral	90047527
PD62075a	17	156162	21295661	1	0	F	0.68	2.00948802852776	loss	21139500
PD62075a	17	21295717	40928386	1	1	F	0.68	2.00948802852776	neutral	19632670
PD62075a	17	40928397	41567763	2	1	F	0.68	2.00948802852776	gain	639367
PD62075a	17	41567786	83135891	1	1	F	0.68	2.00948802852776	neutral	41568106
PD62075a	18	120645	80202756	1	1	F	0.68	2.00948802852776	neutral	80082112
PD62075a	19	281360	58572521	1	1	F	0.68	2.00948802852776	neutral	58291162
PD62075a	20	87623	45420410	1	1	F	0.68	2.00948802852776	neutral	45332788
PD62075a	20	45420629	64273629	2	1	F	0.68	2.00948802852776	gain	18853001
PD62075a	21	9068512	46664533	1	1	F	0.68	2.00948802852776	neutral	37596022
PD62075a	22	16572142	50780662	1	1	F	0.68	2.00948802852776	neutral	34208521
PD62075a	X	284193	156005413	1	1	F	0.68	2.00948802852776	neutral	155721221
PD62075c	1	826681	31373045	1	0	F	0.89	2.05702604858199	loss	30546365
PD62075c	1	31409817	248918428	1	1	F	0.89	2.05702604858199	neutral	217508612
PD62075c	2	41393	242004549	1	1	F	0.89	2.05702604858199	neutral	241963157
PD62075c	3	197664	198038561	1	1	F	0.89	2.05702604858199	neutral	197840898
PD62075c	4	85813	46065519	1	0	F	0.89	2.05702604858199	loss	45979707
PD62075c	4	46084043	98903552	1	1	F	0.89	2.05702604858199	neutral	52819510
PD62075c	4	98909528	99419208	1	0	F	0.89	2.05702604858199	loss	509681
PD62075c	4	99420486	190025891	1	1	F	0.89	2.05702604858199	neutral	90605406
PD62075c	5	140238	181260906	1	1	F	0.89	2.05702604858199	neutral	181120669
PD62075c	6	203292	170584376	1	1	F	0.89	2.05702604858199	neutral	170381085
PD62075c	7	193222	101031847	2	1	F	0.89	2.05702604858199	gain	100838626
PD62075c	7	101032086	101042479	2	0	F	0.89	2.05702604858199	neutral	10394
PD62075c	7	101042834	159233344	2	1	F	0.89	2.05702604858199	gain	58190511
PD62075c	8	232977	145054093	1	1	F	0.89	2.05702604858199	neutral	144821117
PD62075c	9	154795	138177328	1	1	F	0.89	2.05702604858199	neutral	138022534
PD62075c	10	49156	133625894	1	1	F	0.89	2.05702604858199	neutral	133576739
PD62075c	11	197291	1033179	1	1	F	0.89	2.05702604858199	neutral	835889
PD62075c	11	1033240	1161672	2	1	F	0.89	2.05702604858199	gain	128433
PD62075c	11	1161914	1199578	3	0	F	0.89	2.05702604858199	gain	37665
PD62075c	11	1199697	134986843	1	1	F	0.89	2.05702604858199	neutral	133787147
PD62075c	12	66973	52041907	2	1	F	0.89	2.05702604858199	gain	51974935
PD62075c	12	52041960	52395821	2	2	F	0.89	2.05702604858199	gain	353862
PD62075c	12	52395907	133234532	2	1	F	0.89	2.05702604858199	gain	80838626
PD62075c	13	19026300	114325924	1	1	F	0.89	2.05702604858199	neutral	95299625
PD62075c	14	19733402	106874913	1	1	F	0.89	2.05702604858199	neutral	87141512
PD62075c	15	19964758	45113125	1	1	F	0.89	2.05702604858199	neutral	25148368
PD62075c	15	45113187	45134175	2	1	F	0.89	2.05702604858199	gain	20989
PD62075c	15	45134393	101849608	1	1	F	0.89	2.05702604858199	neutral	56715216
PD62075c	16	47354	90094880	1	1	F	0.89	2.05702604858199	neutral	90047527
PD62075c	17	156162	22204097	1	0	F	0.89	2.05702604858199	loss	22047936
PD62075c	17	22204104	83135891	1	1	F	0.89	2.05702604858199	neutral	60931788
PD62075c	18	120645	80202756	1	1	F	0.89	2.05702604858199	neutral	80082112
PD62075c	19	281360	11615011	1	1	F	0.89	2.05702604858199	neutral	11333652
PD62075c	19	11616688	12381141	1	0	F	0.89	2.05702604858199	loss	764454
PD62075c	19	12381165	58572521	1	1	F	0.89	2.05702604858199	neutral	46191357
PD62075c	20	87623	45425709	1	1	F	0.89	2.05702604858199	neutral	45338087
PD62075c	20	45469654	64273629	2	1	F	0.89	2.05702604858199	gain	18803976
PD62075c	21	9068512	46664533	1	1	F	0.89	2.05702604858199	neutral	37596022
PD62075c	22	16572142	50780662	1	1	F	0.89	2.05702604858199	neutral	34208521
PD62075c	X	284193	156005413	1	1	F	0.89	2.05702604858199	neutral	155721221
PD62075d	1	826681	25258924	1	0	F	0.87	2.01171831470226	loss	24432244
PD62075d	1	25282004	25321858	2	0	F	0.87	2.01171831470226	neutral	39855
PD62075d	1	25321930	31373045	1	0	F	0.87	2.01171831470226	loss	6051116
PD62075d	1	31409817	81994097	1	1	F	0.87	2.01171831470226	neutral	50584281
PD62075d	1	81994120	84325577	1	0	F	0.87	2.01171831470226	loss	2331458
PD62075d	1	84325634	228340597	1	1	F	0.87	2.01171831470226	neutral	144014964
PD62075d	1	228340646	228373805	2	1	F	0.87	2.01171831470226	gain	33160
PD62075d	1	228373867	236427516	1	1	F	0.87	2.01171831470226	neutral	8053650
PD62075d	1	236468333	236686631	1	0	F	0.87	2.01171831470226	loss	218299
PD62075d	1	236686652	248918428	1	1	F	0.87	2.01171831470226	neutral	12231777
PD62075d	2	41393	130374793	1	1	F	0.87	2.01171831470226	neutral	130333401
PD62075d	2	130598658	130763090	2	2	F	0.87	2.01171831470226	gain	164433
PD62075d	2	130763255	168163753	1	1	F	0.87	2.01171831470226	neutral	37400499
PD62075d	2	168167199	168970063	1	0	F	0.87	2.01171831470226	loss	802865
PD62075d	2	168970082	209978659	1	1	F	0.87	2.01171831470226	neutral	41008578
PD62075d	2	209978734	211384085	2	1	F	0.87	2.01171831470226	gain	1405352
PD62075d	2	211386812	242004549	1	1	F	0.87	2.01171831470226	neutral	30617738
PD62075d	3	197664	10934988	1	1	F	0.87	2.01171831470226	neutral	10737325
PD62075d	3	10935011	11260276	2	1	F	0.87	2.01171831470226	gain	325266
PD62075d	3	11298631	198038561	1	1	F	0.87	2.01171831470226	neutral	186739931
PD62075d	4	85813	46065519	1	0	F	0.87	2.01171831470226	loss	45979707
PD62075d	4	46084043	70522834	1	1	F	0.87	2.01171831470226	neutral	24438792
PD62075d	4	70522872	70598513	2	1	F	0.87	2.01171831470226	gain	75642
PD62075d	4	70599524	190025891	1	1	F	0.87	2.01171831470226	neutral	119426368
PD62075d	5	140238	140795876	1	1	F	0.87	2.01171831470226	neutral	140655639
PD62075d	5	140796271	141096063	2	1	F	0.87	2.01171831470226	gain	299793
PD62075d	5	141096081	181260906	1	1	F	0.87	2.01171831470226	neutral	40164826
PD62075d	6	203292	25918714	1	1	F	0.87	2.01171831470226	neutral	25715423
PD62075d	6	25920893	26158463	1	0	F	0.87	2.01171831470226	loss	237571
PD62075d	6	26158704	27814786	1	1	F	0.87	2.01171831470226	neutral	1656083
PD62075d	6	27815426	27911315	1	0	F	0.87	2.01171831470226	loss	95890
PD62075d	6	27911422	32830870	1	1	F	0.87	2.01171831470226	neutral	4919449
PD62075d	6	32832444	32937525	1	0	F	0.87	2.01171831470226	loss	105082
PD62075d	6	32938451	170584376	1	1	F	0.87	2.01171831470226	neutral	137645926
PD62075d	7	193222	100866638	2	1	F	0.87	2.01171831470226	gain	100673417
PD62075d	7	100867437	100958977	1	1	F	0.87	2.01171831470226	neutral	91541
PD62075d	7	100958998	159233344	2	1	F	0.87	2.01171831470226	gain	58274347
PD62075d	8	232977	145054093	1	1	F	0.87	2.01171831470226	neutral	144821117
PD62075d	9	154795	138177328	1	1	F	0.87	2.01171831470226	neutral	138022534
PD62075d	10	49156	49327006	1	1	F	0.87	2.01171831470226	neutral	49277851
PD62075d	10	49327061	49627793	2	1	F	0.87	2.01171831470226	gain	300733
PD62075d	10	49627830	114261215	1	1	F	0.87	2.01171831470226	neutral	64633386
PD62075d	10	114261404	114285997	2	1	F	0.87	2.01171831470226	gain	24594
PD62075d	10	114286036	133625894	1	1	F	0.87	2.01171831470226	neutral	19339859
PD62075d	11	197291	1033179	1	1	F	0.87	2.01171831470226	neutral	835889
PD62075d	11	1033240	1161672	2	1	F	0.87	2.01171831470226	gain	128433
PD62075d	11	1161914	1196978	3	0	F	0.87	2.01171831470226	gain	35065
PD62075d	11	1196988	62762505	1	1	F	0.87	2.01171831470226	neutral	61565518
PD62075d	11	62762569	62888085	1	0	F	0.87	2.01171831470226	loss	125517
PD62075d	11	62888346	134986843	1	1	F	0.87	2.01171831470226	neutral	72098498
PD62075d	12	66973	52058822	1	1	F	0.87	2.01171831470226	neutral	51991850
PD62075d	12	52058973	52834004	2	1	F	0.87	2.01171831470226	gain	775032
PD62075d	12	52834019	133234532	1	1	F	0.87	2.01171831470226	neutral	80400514
PD62075d	13	19026300	114325924	1	1	F	0.87	2.01171831470226	neutral	95299625
PD62075d	14	19733402	19975490	2	1	F	0.87	2.01171831470226	gain	242089
PD62075d	14	19975505	106874913	1	1	F	0.87	2.01171831470226	neutral	86899409
PD62075d	15	19964758	25088827	1	1	F	0.87	2.01171831470226	neutral	5124070
PD62075d	15	25089945	25175004	2	1	F	0.87	2.01171831470226	gain	85060
PD62075d	15	25175197	61951827	1	1	F	0.87	2.01171831470226	neutral	36776631
PD62075d	15	61951918	62028550	1	0	F	0.87	2.01171831470226	loss	76633
PD62075d	15	62034890	101849608	1	1	F	0.87	2.01171831470226	neutral	39814719
PD62075d	16	47354	1426329	1	1	F	0.87	2.01171831470226	neutral	1378976
PD62075d	16	1428318	1460784	2	1	F	0.87	2.01171831470226	gain	32467
PD62075d	16	1460799	90094880	1	1	F	0.87	2.01171831470226	neutral	88634082
PD62075d	17	156162	21291373	1	0	F	0.87	2.01171831470226	loss	21135212
PD62075d	17	21295587	83135891	1	1	F	0.87	2.01171831470226	neutral	61840305
PD62075d	18	120645	63397003	1	1	F	0.87	2.01171831470226	neutral	63276359
PD62075d	18	63399230	66509032	2	1	F	0.87	2.01171831470226	gain	3109803
PD62075d	18	66509128	80202756	1	1	F	0.87	2.01171831470226	neutral	13693629
PD62075d	19	281360	8698750	1	1	F	0.87	2.01171831470226	neutral	8417391
PD62075d	19	8731001	9251769	2	1	F	0.87	2.01171831470226	gain	520769
PD62075d	19	9252123	58572521	1	1	F	0.87	2.01171831470226	neutral	49320399
PD62075d	20	87623	45425709	1	1	F	0.87	2.01171831470226	neutral	45338087
PD62075d	20	45469654	64273629	2	1	F	0.87	2.01171831470226	gain	18803976
PD62075d	21	9068512	46664533	1	1	F	0.87	2.01171831470226	neutral	37596022
PD62075d	22	16572142	50780662	1	1	F	0.87	2.01171831470226	neutral	34208521
PD62075d	X	284193	151404852	1	1	F	0.87	2.01171831470226	neutral	151120660
PD62075d	X	151404934	156005413	2	1	F	0.87	2.01171831470226	gain	4600480
PD62075e	1	826681	31373045	1	0	F	0.57	2.00682308067027	loss	30546365
PD62075e	1	31409817	248918428	1	1	F	0.57	2.00682308067027	neutral	217508612
PD62075e	2	41393	242004549	1	1	F	0.57	2.00682308067027	neutral	241963157
PD62075e	3	197664	198038561	1	1	F	0.57	2.00682308067027	neutral	197840898
PD62075e	4	85813	46250306	1	0	F	0.57	2.00682308067027	loss	46164494
PD62075e	4	46250586	190025891	1	1	F	0.57	2.00682308067027	neutral	143775306
PD62075e	5	140238	140704103	1	1	F	0.57	2.00682308067027	neutral	140563866
PD62075e	5	140705696	141534250	2	1	F	0.57	2.00682308067027	gain	828555
PD62075e	5	141534391	181260906	1	1	F	0.57	2.00682308067027	neutral	39726516
PD62075e	6	203292	170584376	1	1	F	0.57	2.00682308067027	neutral	170381085
PD62075e	7	193222	159233344	2	1	F	0.57	2.00682308067027	gain	159040123
PD62075e	8	232977	145054093	1	1	F	0.57	2.00682308067027	neutral	144821117
PD62075e	9	154795	138177328	1	1	F	0.57	2.00682308067027	neutral	138022534
PD62075e	10	49156	133625894	1	1	F	0.57	2.00682308067027	neutral	133576739
PD62075e	11	197291	134986843	1	1	F	0.57	2.00682308067027	neutral	134789553
PD62075e	12	66973	103742538	1	1	F	0.57	2.00682308067027	neutral	103675566
PD62075e	12	103742622	103966154	2	1	F	0.57	2.00682308067027	gain	223533
PD62075e	12	103966204	133234532	1	1	F	0.57	2.00682308067027	neutral	29268329
PD62075e	13	19026300	114325924	1	1	F	0.57	2.00682308067027	neutral	95299625
PD62075e	14	19733402	106874913	1	1	F	0.57	2.00682308067027	neutral	87141512
PD62075e	15	19964758	101849608	1	1	F	0.57	2.00682308067027	neutral	81884851
PD62075e	16	47354	90094880	1	1	F	0.57	2.00682308067027	neutral	90047527
PD62075e	17	156162	21302086	1	0	F	0.57	2.00682308067027	loss	21145925
PD62075e	17	21302111	83135891	1	1	F	0.57	2.00682308067027	neutral	61833781
PD62075e	18	120645	80202756	1	1	F	0.57	2.00682308067027	neutral	80082112
PD62075e	19	281360	58572521	1	1	F	0.57	2.00682308067027	neutral	58291162
PD62075e	20	87623	45425709	1	1	F	0.57	2.00682308067027	neutral	45338087
PD62075e	20	45469654	64273629	2	1	F	0.57	2.00682308067027	gain	18803976
PD62075e	21	9068512	46664533	1	1	F	0.57	2.00682308067027	neutral	37596022
PD62075e	22	16572142	50780662	1	1	F	0.57	2.00682308067027	neutral	34208521
PD62075e	X	284193	156005413	1	1	F	0.57	2.00682308067027	neutral	155721221
PD62076a	1	826681	248918428	1	1	F	1	2	neutral	248091748
PD62076a	2	41393	242004549	1	1	F	1	2	neutral	241963157
PD62076a	3	197664	198038561	1	1	F	1	2	neutral	197840898
PD62076a	4	85813	190025891	1	1	F	1	2	neutral	189940079
PD62076a	5	140238	181260906	1	1	F	1	2	neutral	181120669
PD62076a	6	203397	170584376	1	1	F	1	2	neutral	170380980
PD62076a	7	193222	159233344	1	1	F	1	2	neutral	159040123
PD62076a	8	232977	145054093	1	1	F	1	2	neutral	144821117
PD62076a	9	154795	138177328	1	1	F	1	2	neutral	138022534
PD62076a	10	49134	133625894	1	1	F	1	2	neutral	133576761
PD62076a	11	197291	134986843	1	1	F	1	2	neutral	134789553
PD62076a	12	66973	133234532	1	1	F	1	2	neutral	133167560
PD62076a	13	19026300	114325924	1	1	F	1	2	neutral	95299625
PD62076a	14	19097559	106874913	1	1	F	1	2	neutral	87777355
PD62076a	15	19964758	101849608	1	1	F	1	2	neutral	81884851
PD62076a	16	47541	90094900	1	1	F	1	2	neutral	90047360
PD62076a	17	156162	83135759	1	1	F	1	2	neutral	82979598
PD62076a	18	117381	80202756	1	1	F	1	2	neutral	80085376
PD62076a	19	281376	58572521	1	1	F	1	2	neutral	58291146
PD62076a	20	87623	64273492	1	1	F	1	2	neutral	64185870
PD62076a	21	9068512	46664533	1	1	F	1	2	neutral	37596022
PD62076a	22	16572142	50780662	1	1	F	1	2	neutral	34208521
PD62076a	X	284193	156005413	1	1	F	1	2	neutral	155721221
PD62076c	1	826681	248918428	1	1	F	1	2.12172020346276	neutral	248091748
PD62076c	2	41393	242004549	2	1	F	1	2.12172020346276	gain	241963157
PD62076c	3	197664	198038561	1	1	F	1	2.12172020346276	neutral	197840898
PD62076c	4	85813	190025891	1	1	F	1	2.12172020346276	neutral	189940079
PD62076c	5	140238	181260906	1	1	F	1	2.12172020346276	neutral	181120669
PD62076c	6	203397	170584376	1	1	F	1	2.12172020346276	neutral	170380980
PD62076c	7	193222	159233344	1	1	F	1	2.12172020346276	neutral	159040123
PD62076c	8	232977	145054093	1	1	F	1	2.12172020346276	neutral	144821117
PD62076c	9	154795	138177328	1	1	F	1	2.12172020346276	neutral	138022534
PD62076c	10	49134	133625894	1	1	F	1	2.12172020346276	neutral	133576761
PD62076c	11	197291	134986843	1	1	F	1	2.12172020346276	neutral	134789553
PD62076c	12	66973	133234532	2	1	F	1	2.12172020346276	gain	133167560
PD62076c	13	19026300	114325924	1	1	F	1	2.12172020346276	neutral	95299625
PD62076c	14	19097559	106874913	1	1	F	1	2.12172020346276	neutral	87777355
PD62076c	15	19964758	101849608	1	1	F	1	2.12172020346276	neutral	81884851
PD62076c	16	47541	90094900	1	1	F	1	2.12172020346276	neutral	90047360
PD62076c	17	156162	83135759	1	1	F	1	2.12172020346276	neutral	82979598
PD62076c	18	117381	80202756	1	1	F	1	2.12172020346276	neutral	80085376
PD62076c	19	281376	58572521	1	1	F	1	2.12172020346276	neutral	58291146
PD62076c	20	87623	64273492	1	1	F	1	2.12172020346276	neutral	64185870
PD62076c	21	9068512	46664533	1	1	F	1	2.12172020346276	neutral	37596022
PD62076c	22	16572142	50780662	1	1	F	1	2.12172020346276	neutral	34208521
PD62076c	X	284193	156005413	1	1	F	1	2.12172020346276	neutral	155721221
PD62078a	1	69511	248918428	1	1	M	0.24	2.14673660307694	neutral	248848918
PD62078a	2	41404	242004549	1	1	M	0.24	2.14673660307694	neutral	241963146
PD62078a	3	197630	198038561	1	1	M	0.24	2.14673660307694	neutral	197840932
PD62078a	4	85813	190025891	1	1	M	0.24	2.14673660307694	neutral	189940079
PD62078a	5	140238	181260906	1	1	M	0.24	2.14673660307694	neutral	181120669
PD62078a	6	203397	170584545	1	1	M	0.24	2.14673660307694	neutral	170381149
PD62078a	7	193222	159233344	1	1	M	0.24	2.14673660307694	neutral	159040123
PD62078a	8	232977	145054093	2	2	M	0.24	2.14673660307694	gain	144821117
PD62078a	9	154795	138177317	2	2	M	0.24	2.14673660307694	gain	138022523
PD62078a	10	49156	133625894	1	1	M	0.24	2.14673660307694	neutral	133576739
PD62078a	11	197291	134986843	1	1	M	0.24	2.14673660307694	neutral	134789553
PD62078a	12	66973	133234349	1	1	M	0.24	2.14673660307694	neutral	133167377
PD62078a	13	19026300	114325924	1	1	M	0.24	2.14673660307694	neutral	95299625
PD62078a	14	19097559	105919552	1	1	M	0.24	2.14673660307694	neutral	86821994
PD62078a	14	105921137	106874913	2	2	M	0.24	2.14673660307694	gain	953777
PD62078a	15	19964758	101849544	1	1	M	0.24	2.14673660307694	neutral	81884787
PD62078a	16	47541	90094900	1	1	M	0.24	2.14673660307694	neutral	90047360
PD62078a	17	156162	83135891	1	1	M	0.24	2.14673660307694	neutral	82979730
PD62078a	18	120645	80202756	1	1	M	0.24	2.14673660307694	neutral	80082112
PD62078a	19	281376	58572521	1	1	M	0.24	2.14673660307694	neutral	58291146
PD62078a	20	87623	64273492	1	1	M	0.24	2.14673660307694	neutral	64185870
PD62078a	21	9068512	46664392	1	1	M	0.24	2.14673660307694	neutral	37595881
PD62078a	22	16572142	50780662	1	1	M	0.24	2.14673660307694	neutral	34208521
PD62078a	X	284193	2738220	5	0	M	0.24	2.14673660307694	gain	2454028
PD62078a	X	2738233	2774703	7	0	M	0.24	2.14673660307694	gain	36471
PD62078a	X	2781927	155545046	1	0	M	0.24	2.14673660307694	neutral	152763120
PD62078a	X	155773979	155898234	5	0	M	0.24	2.14673660307694	gain	124256
PD62078a	X	155900534	156005528	4	0	M	0.24	2.14673660307694	gain	104995
PD62078c	1	69511	248918428	1	1	M	1	1.98470210611477	neutral	248848918
PD62078c	2	41404	242004549	1	1	M	1	1.98470210611477	neutral	241963146
PD62078c	3	197630	198038561	1	1	M	1	1.98470210611477	neutral	197840932
PD62078c	4	85813	190025891	1	1	M	1	1.98470210611477	neutral	189940079
PD62078c	5	140238	181260906	1	1	M	1	1.98470210611477	neutral	181120669
PD62078c	6	203397	170584545	1	1	M	1	1.98470210611477	neutral	170381149
PD62078c	7	193222	159233344	1	1	M	1	1.98470210611477	neutral	159040123
PD62078c	8	232977	145054093	1	1	M	1	1.98470210611477	neutral	144821117
PD62078c	9	154795	138177317	1	1	M	1	1.98470210611477	neutral	138022523
PD62078c	10	49156	133625894	1	1	M	1	1.98470210611477	neutral	133576739
PD62078c	11	197291	134986843	1	1	M	1	1.98470210611477	neutral	134789553
PD62078c	12	66973	133234349	1	1	M	1	1.98470210611477	neutral	133167377
PD62078c	13	19026300	114325924	1	1	M	1	1.98470210611477	neutral	95299625
PD62078c	14	19097559	106874913	1	1	M	1	1.98470210611477	neutral	87777355
PD62078c	15	19964758	101849544	1	1	M	1	1.98470210611477	neutral	81884787
PD62078c	16	47541	90094900	1	1	M	1	1.98470210611477	neutral	90047360
PD62078c	17	156162	83135891	1	1	M	1	1.98470210611477	neutral	82979730
PD62078c	18	120645	80202756	1	1	M	1	1.98470210611477	neutral	80082112
PD62078c	19	281376	58572521	1	1	M	1	1.98470210611477	neutral	58291146
PD62078c	20	87623	64273492	1	1	M	1	1.98470210611477	neutral	64185870
PD62078c	21	9068512	46664392	1	1	M	1	1.98470210611477	neutral	37595881
PD62078c	22	16572142	50780662	1	1	M	1	1.98470210611477	neutral	34208521
PD62078c	X	284193	1345416	1	1	M	1	1.98470210611477	gain	1061224
PD62078c	X	1345454	2740756	2	1	M	1	1.98470210611477	gain	1395303
PD62078c	X	2740759	2782048	2	0	M	1	1.98470210611477	gain	41290
PD62078c	X	2782116	155545046	1	0	M	1	1.98470210611477	neutral	152762931
PD62078c	X	155773979	156005528	2	0	M	1	1.98470210611477	gain	231550
PD62079a	1	69511	169597154	1	1	M	0.39	2.02570093457944	neutral	169527644
PD62079a	1	169603107	169725821	0	0	M	0.39	2.02570093457944	loss	122715
PD62079a	1	169725969	206496066	1	1	M	0.39	2.02570093457944	neutral	36770098
PD62079a	1	206496109	206771460	1	0	M	0.39	2.02570093457944	loss	275352
PD62079a	1	206771516	248918428	1	1	M	0.39	2.02570093457944	neutral	42146913
PD62079a	2	41393	242004549	1	1	M	0.39	2.02570093457944	neutral	241963157
PD62079a	3	197664	198038561	1	1	M	0.39	2.02570093457944	neutral	197840898
PD62079a	4	85813	73419646	1	1	M	0.39	2.02570093457944	neutral	73333834
PD62079a	4	73420041	73611672	2	1	M	0.39	2.02570093457944	gain	191632
PD62079a	4	73611788	186210509	1	1	M	0.39	2.02570093457944	neutral	112598722
PD62079a	4	186210599	190025891	2	1	M	0.39	2.02570093457944	gain	3815293
PD62079a	5	140359	181260906	1	1	M	0.39	2.02570093457944	neutral	181120548
PD62079a	6	203397	25925759	2	0	M	0.39	2.02570093457944	neutral	25722363
PD62079a	6	25925933	33587594	1	0	M	0.39	2.02570093457944	loss	7661662
PD62079a	6	33587693	170584609	2	0	M	0.39	2.02570093457944	neutral	136996917
PD62079a	7	193222	100746805	1	1	M	0.39	2.02570093457944	neutral	100553584
PD62079a	7	100747483	101087711	2	1	M	0.39	2.02570093457944	gain	340229
PD62079a	7	101087787	142802699	1	1	M	0.39	2.02570093457944	neutral	41714913
PD62079a	7	142802725	142813064	0	0	M	0.39	2.02570093457944	loss	10340
PD62079a	7	142813350	159233344	1	1	M	0.39	2.02570093457944	neutral	16419995
PD62079a	8	232977	145054093	2	1	M	0.39	2.02570093457944	gain	144821117
PD62079a	9	154795	98095085	1	1	M	0.39	2.02570093457944	neutral	97940291
PD62079a	9	98099924	98133059	1	0	M	0.39	2.02570093457944	loss	33136
PD62079a	9	98133161	133257570	1	1	M	0.39	2.02570093457944	neutral	35124410
PD62079a	9	133257975	133331898	3	2	M	0.39	2.02570093457944	gain	73924
PD62079a	9	133331970	138177328	1	1	M	0.39	2.02570093457944	neutral	4845359
PD62079a	10	49156	133625894	1	1	M	0.39	2.02570093457944	neutral	133576739
PD62079a	11	197291	1036475	1	1	M	0.39	2.02570093457944	neutral	839185
PD62079a	11	1036573	1450539	2	2	M	0.39	2.02570093457944	gain	413967
PD62079a	11	1450676	6601484	1	1	M	0.39	2.02570093457944	neutral	5150809
PD62079a	11	6601627	6768063	1	0	M	0.39	2.02570093457944	loss	166437
PD62079a	11	6768073	65444600	1	1	M	0.39	2.02570093457944	neutral	58676528
PD62079a	11	65444651	67522117	1	0	M	0.39	2.02570093457944	loss	2077467
PD62079a	11	67522513	130140383	1	1	M	0.39	2.02570093457944	neutral	62617871
PD62079a	11	130140418	130194869	2	2	M	0.39	2.02570093457944	gain	54452
PD62079a	11	130196366	134986843	1	1	M	0.39	2.02570093457944	neutral	4790478
PD62079a	12	66973	6442708	1	1	M	0.39	2.02570093457944	neutral	6375736
PD62079a	12	6442733	6492453	0	0	M	0.39	2.02570093457944	loss	49721
PD62079a	12	6492577	6944765	1	0	M	0.39	2.02570093457944	loss	452189
PD62079a	12	6944797	6975333	0	0	M	0.39	2.02570093457944	loss	30537
PD62079a	12	6975817	71137939	1	1	M	0.39	2.02570093457944	neutral	64162123
PD62079a	12	71138102	71584663	2	2	M	0.39	2.02570093457944	gain	446562
PD62079a	12	71610311	133234532	1	1	M	0.39	2.02570093457944	neutral	61624222
PD62079a	13	19026300	27924392	2	1	M	0.39	2.02570093457944	gain	8898093
PD62079a	13	27924519	27968824	4	3	M	0.39	2.02570093457944	gain	44306
PD62079a	13	27978121	114325924	2	1	M	0.39	2.02570093457944	gain	86347804
PD62079a	14	19097607	22065907	1	1	M	0.39	2.02570093457944	neutral	2968301
PD62079a	14	22066152	22493023	3	2	M	0.39	2.02570093457944	gain	426872
PD62079a	14	22493064	22575104	0	0	M	0.39	2.02570093457944	loss	82041
PD62079a	14	22575181	105855427	1	1	M	0.39	2.02570093457944	neutral	83280247
PD62079a	14	105855447	105864509	0	0	M	0.39	2.02570093457944	loss	9063
PD62079a	14	105864514	106874913	1	1	M	0.39	2.02570093457944	neutral	1010400
PD62079a	15	19964758	101849608	1	1	M	0.39	2.02570093457944	neutral	81884851
PD62079a	16	47354	90094880	1	1	M	0.39	2.02570093457944	neutral	90047527
PD62079a	17	156162	83135891	1	1	M	0.39	2.02570093457944	neutral	82979730
PD62079a	18	117381	6912100	1	1	M	0.39	2.02570093457944	neutral	6794720
PD62079a	18	6927349	6959395	2	2	M	0.39	2.02570093457944	gain	32047
PD62079a	18	6959403	80202756	1	1	M	0.39	2.02570093457944	neutral	73243354
PD62079a	19	281468	2278563	1	1	M	0.39	2.02570093457944	neutral	1997096
PD62079a	19	2278756	2324106	1	0	M	0.39	2.02570093457944	loss	45351
PD62079a	19	2328246	50046870	1	1	M	0.39	2.02570093457944	neutral	47718625
PD62079a	19	50152532	50162727	2	1	M	0.39	2.02570093457944	gain	10196
PD62079a	19	50162852	58572521	1	1	M	0.39	2.02570093457944	neutral	8409670
PD62079a	20	87623	64273629	1	1	M	0.39	2.02570093457944	neutral	64186007
PD62079a	21	9068512	46664392	1	1	M	0.39	2.02570093457944	neutral	37595881
PD62079a	22	16572142	37136476	1	1	M	0.39	2.02570093457944	neutral	20564335
PD62079a	22	37137490	37373858	0	0	M	0.39	2.02570093457944	loss	236369
PD62079a	22	37374008	50780662	1	1	M	0.39	2.02570093457944	neutral	13406655
PD62079a	X	284193	1345454	2	1	M	0.39	2.02570093457944	gain	1061262
PD62079a	X	1345473	2959691	2	0	M	0.39	2.02570093457944	gain	1614219
PD62079a	X	2959758	155545046	1	0	M	0.39	2.02570093457944	neutral	152585289
PD62079a	X	155773979	156005528	2	0	M	0.39	2.02570093457944	gain	231550
PD62079c	1	69511	9721683	1	1	M	1	1.98364982816296	neutral	9652173
PD62079c	1	9721688	9730825	1	0	M	1	1.98364982816296	loss	9138
PD62079c	1	9731417	248918428	1	1	M	1	1.98364982816296	neutral	239187012
PD62079c	2	41393	242004549	1	1	M	1	1.98364982816296	neutral	241963157
PD62079c	3	197664	198038561	1	1	M	1	1.98364982816296	neutral	197840898
PD62079c	4	85813	190025891	1	1	M	1	1.98364982816296	neutral	189940079
PD62079c	5	140359	35654844	1	1	M	1	1.98364982816296	neutral	35514486
PD62079c	5	35659137	35909812	1	0	M	1	1.98364982816296	loss	250676
PD62079c	5	35909851	181260906	1	1	M	1	1.98364982816296	neutral	145351056
PD62079c	6	203397	170584609	1	1	M	1	1.98364982816296	neutral	170381213
PD62079c	7	193222	108062888	1	1	M	1	1.98364982816296	neutral	107869667
PD62079c	7	108063754	108107908	2	1	M	1	1.98364982816296	gain	44155
PD62079c	7	108109223	159233344	1	1	M	1	1.98364982816296	neutral	51124122
PD62079c	8	232977	145054093	1	1	M	1	1.98364982816296	neutral	144821117
PD62079c	9	154795	138177328	1	1	M	1	1.98364982816296	neutral	138022534
PD62079c	10	49156	133625894	1	1	M	1	1.98364982816296	neutral	133576739
PD62079c	11	197291	118198037	1	1	M	1	1.98364982816296	neutral	118000747
PD62079c	11	118198234	118371763	1	0	M	1	1.98364982816296	loss	173530
PD62079c	11	118372686	134986843	1	1	M	1	1.98364982816296	neutral	16614158
PD62079c	12	66973	133234532	1	1	M	1	1.98364982816296	neutral	133167560
PD62079c	13	19026300	114325924	1	1	M	1	1.98364982816296	neutral	95299625
PD62079c	14	19097607	22065907	1	1	M	1	1.98364982816296	neutral	2968301
PD62079c	14	22066152	22493023	2	1	M	1	1.98364982816296	gain	426872
PD62079c	14	22493064	22575181	1	0	M	1	1.98364982816296	loss	82118
PD62079c	14	22588885	106874913	1	1	M	1	1.98364982816296	neutral	84286029
PD62079c	15	19964758	101849608	1	1	M	1	1.98364982816296	neutral	81884851
PD62079c	16	47354	90094880	1	1	M	1	1.98364982816296	neutral	90047527
PD62079c	17	156162	83135891	1	1	M	1	1.98364982816296	neutral	82979730
PD62079c	18	117381	80202756	1	1	M	1	1.98364982816296	neutral	80085376
PD62079c	19	281468	35121264	1	1	M	1	1.98364982816296	neutral	34839797
PD62079c	19	35121382	35140659	2	1	M	1	1.98364982816296	gain	19278
PD62079c	19	35141023	49118243	1	1	M	1	1.98364982816296	neutral	13977221
PD62079c	19	49118335	49211564	2	1	M	1	1.98364982816296	gain	93230
PD62079c	19	49211578	58572521	1	1	M	1	1.98364982816296	neutral	9360944
PD62079c	20	87623	64273629	1	1	M	1	1.98364982816296	neutral	64186007
PD62079c	21	9068512	46664392	1	1	M	1	1.98364982816296	neutral	37595881
PD62079c	22	16572142	50780662	1	1	M	1	1.98364982816296	neutral	34208521
PD62079c	X	284193	2726282	1	1	M	1	1.98364982816296	gain	2442090
PD62079c	X	2726312	2781986	2	0	M	1	1.98364982816296	gain	55675
PD62079c	X	2782048	155545046	1	0	M	1	1.98364982816296	neutral	152762999
PD62079c	X	155773979	156005528	2	0	M	1	1.98364982816296	gain	231550
PD62080a	1	826681	248918428	1	1	M	0.54	1.98220087748519	neutral	248091748
PD62080a	2	41366	43796053	1	1	M	0.54	1.98220087748519	neutral	43754688
PD62080a	2	43796677	43875435	0	0	M	0.54	1.98220087748519	loss	78759
PD62080a	2	43877586	88860437	1	1	M	0.54	1.98220087748519	neutral	44982852
PD62080a	2	88860447	88861407	2	1	M	0.54	1.98220087748519	gain	961
PD62080a	2	88861410	208489218	1	1	M	0.54	1.98220087748519	neutral	119627809
PD62080a	2	208490559	209690540	1	0	M	0.54	1.98220087748519	loss	1199982
PD62080a	2	209690608	233713118	1	1	M	0.54	1.98220087748519	neutral	24022511
PD62080a	2	233713134	233832376	1	0	M	0.54	1.98220087748519	loss	119243
PD62080a	2	233832620	242004549	1	1	M	0.54	1.98220087748519	neutral	8171930
PD62080a	3	197630	164979344	1	1	M	0.54	1.98220087748519	neutral	164781715
PD62080a	3	164982206	165069067	0	0	M	0.54	1.98220087748519	loss	86862
PD62080a	3	165074663	198038561	1	1	M	0.54	1.98220087748519	neutral	32963899
PD62080a	4	85813	88101517	1	1	M	0.54	1.98220087748519	neutral	88015705
PD62080a	4	88107072	88668363	1	0	M	0.54	1.98220087748519	loss	561292
PD62080a	4	88668417	88681276	2	0	M	0.54	1.98220087748519	neutral	12860
PD62080a	4	88686640	88787699	1	0	M	0.54	1.98220087748519	loss	101060
PD62080a	4	88787797	110515912	1	1	M	0.54	1.98220087748519	neutral	21728116
PD62080a	4	110515947	110632585	0	0	M	0.54	1.98220087748519	loss	116639
PD62080a	4	110632929	190025891	1	1	M	0.54	1.98220087748519	neutral	79392963
PD62080a	5	140238	148086656	1	1	M	0.54	1.98220087748519	neutral	147946419
PD62080a	5	148088671	148108804	3	3	M	0.54	1.98220087748519	gain	20134
PD62080a	5	148111736	181260906	1	1	M	0.54	1.98220087748519	neutral	33149171
PD62080a	6	203397	32365466	1	1	M	0.54	1.98220087748519	neutral	32162070
PD62080a	6	32365522	32442433	1	0	M	0.54	1.98220087748519	loss	76912
PD62080a	6	32442438	170584376	1	1	M	0.54	1.98220087748519	neutral	138141939
PD62080a	7	193222	141931750	1	1	M	0.54	1.98220087748519	neutral	141738529
PD62080a	7	141931812	142138562	1	0	M	0.54	1.98220087748519	loss	206751
PD62080a	7	142138736	159233324	1	1	M	0.54	1.98220087748519	neutral	17094589
PD62080a	8	232977	145054093	1	1	M	0.54	1.98220087748519	neutral	144821117
PD62080a	9	154795	76189177	1	1	M	0.54	1.98220087748519	neutral	76034383
PD62080a	9	76189788	76358515	1	0	M	0.54	1.98220087748519	loss	168728
PD62080a	9	76358528	138177303	1	1	M	0.54	1.98220087748519	neutral	61818776
PD62080a	10	49134	16906178	1	1	M	0.54	1.98220087748519	neutral	16857045
PD62080a	10	16906247	17115631	1	0	M	0.54	1.98220087748519	loss	209385
PD62080a	10	17115635	113629098	1	1	M	0.54	1.98220087748519	neutral	96513464
PD62080a	10	113629185	113646915	3	2	M	0.54	1.98220087748519	gain	17731
PD62080a	10	113646932	133625894	1	1	M	0.54	1.98220087748519	neutral	19978963
PD62080a	11	197291	116787677	1	1	M	0.54	1.98220087748519	neutral	116590387
PD62080a	11	116787837	116867989	1	0	M	0.54	1.98220087748519	loss	80153
PD62080a	11	116873616	119420978	1	1	M	0.54	1.98220087748519	neutral	2547363
PD62080a	11	119423052	120112547	2	1	M	0.54	1.98220087748519	gain	689496
PD62080a	11	120112598	134986843	1	1	M	0.54	1.98220087748519	neutral	14874246
PD62080a	12	66973	15524756	1	1	M	0.54	1.98220087748519	neutral	15457784
PD62080a	12	15524775	15623283	2	1	M	0.54	1.98220087748519	gain	98509
PD62080a	12	15623332	50104045	1	1	M	0.54	1.98220087748519	neutral	34480714
PD62080a	12	50104172	50135362	1	0	M	0.54	1.98220087748519	loss	31191
PD62080a	12	50135515	57012540	1	1	M	0.54	1.98220087748519	neutral	6877026
PD62080a	12	57012651	57104437	1	0	M	0.54	1.98220087748519	loss	91787
PD62080a	12	57104619	133234349	1	1	M	0.54	1.98220087748519	neutral	76129731
PD62080a	13	19026300	98519487	1	1	M	0.54	1.98220087748519	neutral	79493188
PD62080a	13	98519576	98795132	1	0	M	0.54	1.98220087748519	loss	275557
PD62080a	13	98795175	114325924	1	1	M	0.54	1.98220087748519	neutral	15530750
PD62080a	14	19733402	106874913	1	1	M	0.54	1.98220087748519	neutral	87141512
PD62080a	15	19964758	101849544	1	1	M	0.54	1.98220087748519	neutral	81884787
PD62080a	16	47354	28590491	1	1	M	0.54	1.98220087748519	neutral	28543138
PD62080a	16	28591518	28608590	1	0	M	0.54	1.98220087748519	loss	17073
PD62080a	16	28608599	90094793	1	1	M	0.54	1.98220087748519	neutral	61486195
PD62080a	17	156187	63435283	1	1	M	0.54	1.98220087748519	neutral	63279097
PD62080a	17	63435634	63494475	1	0	M	0.54	1.98220087748519	loss	58842
PD62080a	17	63494546	75594542	1	1	M	0.54	1.98220087748519	neutral	12099997
PD62080a	17	75594596	75631367	1	0	M	0.54	1.98220087748519	loss	36772
PD62080a	17	75631459	82718964	1	1	M	0.54	1.98220087748519	neutral	7087506
PD62080a	17	82718979	83135759	2	1	M	0.54	1.98220087748519	gain	416781
PD62080a	18	120645	80202756	1	1	M	0.54	1.98220087748519	neutral	80082112
PD62080a	19	281376	15623445	1	1	M	0.54	1.98220087748519	neutral	15342070
PD62080a	19	15623580	15934120	1	0	M	0.54	1.98220087748519	loss	310541
PD62080a	19	15934266	19267607	1	1	M	0.54	1.98220087748519	neutral	3333342
PD62080a	19	19267772	19277691	0	0	M	0.54	1.98220087748519	loss	9920
PD62080a	19	19278738	51368103	1	1	M	0.54	1.98220087748519	neutral	32089366
PD62080a	19	51368483	51496709	1	0	M	0.54	1.98220087748519	loss	128227
PD62080a	19	51496788	55517551	1	1	M	0.54	1.98220087748519	neutral	4020764
PD62080a	19	55517821	55518239	7	0	M	0.54	1.98220087748519	gain	419
PD62080a	19	55518642	58572521	1	1	M	0.54	1.98220087748519	neutral	3053880
PD62080a	20	87623	64273492	1	1	M	0.54	1.98220087748519	neutral	64185870
PD62080a	21	9068512	46664392	1	1	M	0.54	1.98220087748519	neutral	37595881
PD62080a	22	16572142	38107961	1	1	M	0.54	1.98220087748519	neutral	21535820
PD62080a	22	38107965	38125864	1	0	M	0.54	1.98220087748519	loss	17900
PD62080a	22	38127401	50780662	1	1	M	0.54	1.98220087748519	neutral	12653262
PD62080a	X	284193	2738274	3	0	M	0.54	1.98220087748519	gain	2454082
PD62080a	X	2738275	2797283	2	0	M	0.54	1.98220087748519	gain	59009
PD62080a	X	2797384	155545046	1	0	M	0.54	1.98220087748519	neutral	152747663
PD62080a	X	155773979	156005413	2	0	M	0.54	1.98220087748519	gain	231435
PD62080c	1	826681	157136360	1	1	M	0.46	1.975872619482	neutral	156309680
PD62080c	1	157515639	157700460	2	1	M	0.46	1.975872619482	gain	184822
PD62080c	1	157700496	248918428	1	1	M	0.46	1.975872619482	neutral	91217933
PD62080c	2	41366	43796053	1	1	M	0.46	1.975872619482	neutral	43754688
PD62080c	2	43796677	43877586	0	0	M	0.46	1.975872619482	loss	80910
PD62080c	2	43877786	69170225	1	1	M	0.46	1.975872619482	neutral	25292440
PD62080c	2	69171399	69399322	2	1	M	0.46	1.975872619482	gain	227924
PD62080c	2	69400217	88698360	1	1	M	0.46	1.975872619482	neutral	19298144
PD62080c	2	88698362	88861407	2	1	M	0.46	1.975872619482	gain	163046
PD62080c	2	88861410	232409799	1	1	M	0.46	1.975872619482	neutral	143548390
PD62080c	2	232456175	233849747	1	0	M	0.46	1.975872619482	loss	1393573
PD62080c	2	233849854	242004549	1	1	M	0.46	1.975872619482	neutral	8154696
PD62080c	3	197630	124330015	1	1	M	0.46	1.975872619482	neutral	124132386
PD62080c	3	124334545	125005178	1	0	M	0.46	1.975872619482	loss	670634
PD62080c	3	125005367	164341335	1	1	M	0.46	1.975872619482	neutral	39335969
PD62080c	3	164979294	165773369	0	0	M	0.46	1.975872619482	loss	794076
PD62080c	3	165773492	198038561	1	1	M	0.46	1.975872619482	neutral	32265070
PD62080c	4	85813	110515912	1	1	M	0.46	1.975872619482	neutral	110430100
PD62080c	4	110515947	110632585	0	0	M	0.46	1.975872619482	loss	116639
PD62080c	4	110632929	190025891	1	1	M	0.46	1.975872619482	neutral	79392963
PD62080c	5	140238	181260906	1	1	M	0.46	1.975872619482	neutral	181120669
PD62080c	6	203397	32320264	1	1	M	0.46	1.975872619482	neutral	32116868
PD62080c	6	32320312	32443530	1	0	M	0.46	1.975872619482	loss	123219
PD62080c	6	32443585	33080762	1	1	M	0.46	1.975872619482	neutral	637178
PD62080c	6	33080765	33117008	2	1	M	0.46	1.975872619482	gain	36244
PD62080c	6	33117024	170584376	1	1	M	0.46	1.975872619482	neutral	137467353
PD62080c	7	193222	99629966	1	1	M	0.46	1.975872619482	neutral	99436745
PD62080c	7	99638272	99863537	0	0	M	0.46	1.975872619482	loss	225266
PD62080c	7	99865857	141931848	1	1	M	0.46	1.975872619482	neutral	42065992
PD62080c	7	141931886	141946155	1	0	M	0.46	1.975872619482	loss	14270
PD62080c	7	141946331	142138562	0	0	M	0.46	1.975872619482	loss	192232
PD62080c	7	142138736	159233324	1	1	M	0.46	1.975872619482	neutral	17094589
PD62080c	8	232977	145054093	1	1	M	0.46	1.975872619482	neutral	144821117
PD62080c	9	154795	69857903	1	1	M	0.46	1.975872619482	neutral	69703109
PD62080c	9	69857908	70603485	2	1	M	0.46	1.975872619482	gain	745578
PD62080c	9	70610485	77368167	1	0	M	0.46	1.975872619482	loss	6757683
PD62080c	9	77369316	111549671	1	1	M	0.46	1.975872619482	neutral	34180356
PD62080c	9	111563135	111603168	0	0	M	0.46	1.975872619482	loss	40034
PD62080c	9	111603671	138177303	1	1	M	0.46	1.975872619482	neutral	26573633
PD62080c	10	49134	16947209	1	1	M	0.46	1.975872619482	neutral	16898076
PD62080c	10	16947272	17115631	1	0	M	0.46	1.975872619482	loss	168360
PD62080c	10	17115635	133625894	1	1	M	0.46	1.975872619482	neutral	116510260
PD62080c	11	197291	134986843	1	1	M	0.46	1.975872619482	neutral	134789553
PD62080c	12	66973	14805918	1	1	M	0.46	1.975872619482	neutral	14738946
PD62080c	12	14806140	14914618	2	2	M	0.46	1.975872619482	gain	108479
PD62080c	12	14914824	15557605	2	1	M	0.46	1.975872619482	gain	642782
PD62080c	12	15560123	133234349	1	1	M	0.46	1.975872619482	neutral	117674227
PD62080c	13	19026300	98519487	1	1	M	0.46	1.975872619482	neutral	79493188
PD62080c	13	98519576	98795132	1	0	M	0.46	1.975872619482	loss	275557
PD62080c	13	98795175	98846432	0	0	M	0.46	1.975872619482	loss	51258
PD62080c	13	98846648	102866457	1	1	M	0.46	1.975872619482	neutral	4019810
PD62080c	13	102866614	105466963	0	0	M	0.46	1.975872619482	loss	2600350
PD62080c	13	105467097	114325924	1	1	M	0.46	1.975872619482	neutral	8858828
PD62080c	14	19733402	22478829	1	1	M	0.46	1.975872619482	neutral	2745428
PD62080c	14	22478914	22565284	2	2	M	0.46	1.975872619482	gain	86371
PD62080c	14	22575016	105856024	1	1	M	0.46	1.975872619482	neutral	83281009
PD62080c	14	105856143	105864288	7	0	M	0.46	1.975872619482	gain	8146
PD62080c	14	105864655	106874913	2	1	M	0.46	1.975872619482	gain	1010259
PD62080c	15	19964758	101849544	1	1	M	0.46	1.975872619482	neutral	81884787
PD62080c	16	47354	28590491	1	1	M	0.46	1.975872619482	neutral	28543138
PD62080c	16	28591518	28608590	1	0	M	0.46	1.975872619482	loss	17073
PD62080c	16	28608599	90094793	1	1	M	0.46	1.975872619482	neutral	61486195
PD62080c	17	156187	63421199	1	1	M	0.46	1.975872619482	neutral	63265013
PD62080c	17	63421979	63494475	1	0	M	0.46	1.975872619482	loss	72497
PD62080c	17	63494546	75596466	1	1	M	0.46	1.975872619482	neutral	12101921
PD62080c	17	75596512	75731390	1	0	M	0.46	1.975872619482	loss	134879
PD62080c	17	75731754	83135759	1	1	M	0.46	1.975872619482	neutral	7404006
PD62080c	18	120645	15004527	1	1	M	0.46	1.975872619482	neutral	14883883
PD62080c	18	20951491	32195360	1	0	M	0.46	1.975872619482	loss	11243870
PD62080c	18	32195570	32286978	0	0	M	0.46	1.975872619482	loss	91409
PD62080c	18	32287128	80202756	1	1	M	0.46	1.975872619482	neutral	47915629
PD62080c	19	281376	15628505	1	1	M	0.46	1.975872619482	neutral	15347130
PD62080c	19	15628748	16148573	1	0	M	0.46	1.975872619482	loss	519826
PD62080c	19	16148650	32803059	1	1	M	0.46	1.975872619482	neutral	16654410
PD62080c	19	32803126	33106760	1	0	M	0.46	1.975872619482	loss	303635
PD62080c	19	33106910	55141776	1	1	M	0.46	1.975872619482	neutral	22034867
PD62080c	19	55141783	55197478	1	0	M	0.46	1.975872619482	loss	55696
PD62080c	19	55197484	58572521	1	1	M	0.46	1.975872619482	neutral	3375038
PD62080c	20	87623	64273492	1	1	M	0.46	1.975872619482	neutral	64185870
PD62080c	21	9068512	46664392	1	1	M	0.46	1.975872619482	neutral	37595881
PD62080c	22	16572142	50780662	1	1	M	0.46	1.975872619482	neutral	34208521
PD62080c	X	284193	2782144	2	0	M	0.46	1.975872619482	gain	2497952
PD62080c	X	2789667	155545046	1	0	M	0.46	1.975872619482	neutral	152755380
PD62080c	X	155773979	156005413	3	0	M	0.46	1.975872619482	gain	231435
PD62081a	1	69511	169597091	1	1	M	0.49	1.97933234388499	neutral	169527581
PD62081a	1	169603107	169711588	0	0	M	0.49	1.97933234388499	loss	108482
PD62081a	1	169725777	248918428	1	1	M	0.49	1.97933234388499	neutral	79192652
PD62081a	2	41509	74254540	1	1	M	0.49	1.97933234388499	neutral	74213032
PD62081a	2	74255765	74380401	2	1	M	0.49	1.97933234388499	gain	124637
PD62081a	2	74390482	88627206	1	1	M	0.49	1.97933234388499	neutral	14236725
PD62081a	2	88691804	88861407	1	0	M	0.49	1.97933234388499	loss	169604
PD62081a	2	88861410	219168632	1	1	M	0.49	1.97933234388499	neutral	130307223
PD62081a	2	219168887	219172671	1	0	M	0.49	1.97933234388499	loss	3785
PD62081a	2	219172722	242004549	1	1	M	0.49	1.97933234388499	neutral	22831828
PD62081a	3	197664	198038561	1	1	M	0.49	1.97933234388499	neutral	197840898
PD62081a	4	85813	1250735	1	1	M	0.49	1.97933234388499	neutral	1164923
PD62081a	4	1250817	1354789	1	0	M	0.49	1.97933234388499	loss	103973
PD62081a	4	1354834	1394631	2	1	M	0.49	1.97933234388499	gain	39798
PD62081a	4	1394641	190025891	1	1	M	0.49	1.97933234388499	neutral	188631251
PD62081a	5	140359	68279495	1	1	M	0.49	1.97933234388499	neutral	68139137
PD62081a	5	68279516	68288911	0	0	M	0.49	1.97933234388499	loss	9396
PD62081a	5	68290682	140560925	1	1	M	0.49	1.97933234388499	neutral	72270244
PD62081a	5	140561164	140786686	1	0	M	0.49	1.97933234388499	loss	225523
PD62081a	5	140786763	141476977	2	2	M	0.49	1.97933234388499	gain	690215
PD62081a	5	141477262	178985666	1	1	M	0.49	1.97933234388499	neutral	37508405
PD62081a	5	178985673	179207682	2	1	M	0.49	1.97933234388499	gain	222010
PD62081a	5	179207703	181199254	1	1	M	0.49	1.97933234388499	neutral	1991552
PD62081a	5	181199305	181260906	1	0	M	0.49	1.97933234388499	loss	61602
PD62081a	6	203397	3016818	1	1	M	0.49	1.97933234388499	neutral	2813422
PD62081a	6	3016857	3045690	1	0	M	0.49	1.97933234388499	loss	28834
PD62081a	6	3045746	25983549	1	1	M	0.49	1.97933234388499	neutral	22937804
PD62081a	6	26017148	26505040	0	0	M	0.49	1.97933234388499	loss	487893
PD62081a	6	26505134	27838389	1	0	M	0.49	1.97933234388499	loss	1333256
PD62081a	6	27838401	27893904	0	0	M	0.49	1.97933234388499	loss	55504
PD62081a	6	27911277	32120698	1	1	M	0.49	1.97933234388499	neutral	4209422
PD62081a	6	32120825	32937525	1	0	M	0.49	1.97933234388499	loss	816701
PD62081a	6	32938459	170584376	1	1	M	0.49	1.97933234388499	neutral	137645918
PD62081a	7	193222	99353892	1	1	M	0.49	1.97933234388499	neutral	99160671
PD62081a	7	99354032	99483972	1	0	M	0.49	1.97933234388499	loss	129941
PD62081a	7	99484107	142762884	1	1	M	0.49	1.97933234388499	neutral	43278778
PD62081a	7	142796503	142863619	0	0	M	0.49	1.97933234388499	loss	67117
PD62081a	7	142863750	143222964	1	1	M	0.49	1.97933234388499	neutral	359215
PD62081a	7	143263173	143339445	1	0	M	0.49	1.97933234388499	loss	76273
PD62081a	7	143339455	159233344	1	1	M	0.49	1.97933234388499	neutral	15893890
PD62081a	8	232977	141230049	1	1	M	0.49	1.97933234388499	neutral	140997073
PD62081a	8	141253967	142229597	2	1	M	0.49	1.97933234388499	gain	975631
PD62081a	8	142271599	143925888	1	1	M	0.49	1.97933234388499	neutral	1654290
PD62081a	8	143926722	144012715	1	0	M	0.49	1.97933234388499	loss	85994
PD62081a	8	144039849	145054093	1	1	M	0.49	1.97933234388499	neutral	1014245
PD62081a	9	154795	114345842	1	1	M	0.49	1.97933234388499	neutral	114191048
PD62081a	9	114345953	114668244	1	0	M	0.49	1.97933234388499	loss	322292
PD62081a	9	114668265	122553584	1	1	M	0.49	1.97933234388499	neutral	7885320
PD62081a	9	122553749	124799412	2	1	M	0.49	1.97933234388499	gain	2245664
PD62081a	9	124799444	138175500	1	1	M	0.49	1.97933234388499	neutral	13376057
PD62081a	10	49230	94981358	1	1	M	0.49	1.97933234388499	neutral	94932129
PD62081a	10	94981408	95406202	2	1	M	0.49	1.97933234388499	gain	424795
PD62081a	10	95410609	100054487	1	1	M	0.49	1.97933234388499	neutral	4643879
PD62081a	10	100057106	100154787	2	2	M	0.49	1.97933234388499	gain	97682
PD62081a	10	100155030	133625894	1	1	M	0.49	1.97933234388499	neutral	33470865
PD62081a	11	197291	419706	1	0	M	0.49	1.97933234388499	loss	222416
PD62081a	11	419765	1754884	1	1	M	0.49	1.97933234388499	neutral	1335120
PD62081a	11	1755049	2407111	1	0	M	0.49	1.97933234388499	loss	652063
PD62081a	11	2407160	57567000	1	1	M	0.49	1.97933234388499	neutral	55159841
PD62081a	11	57567035	57811502	1	0	M	0.49	1.97933234388499	loss	244468
PD62081a	11	57814314	67392137	1	1	M	0.49	1.97933234388499	neutral	9577824
PD62081a	11	67392217	67455578	1	0	M	0.49	1.97933234388499	loss	63362
PD62081a	11	67455615	134986843	1	1	M	0.49	1.97933234388499	neutral	67531229
PD62081a	12	66973	6390242	1	1	M	0.49	1.97933234388499	neutral	6323270
PD62081a	12	6390540	7156730	1	0	M	0.49	1.97933234388499	loss	766191
PD62081a	12	7156816	133234349	1	1	M	0.49	1.97933234388499	neutral	126077534
PD62081a	13	19026300	114325924	1	1	M	0.49	1.97933234388499	neutral	95299625
PD62081a	14	19733402	22502376	1	1	M	0.49	1.97933234388499	neutral	2768975
PD62081a	14	22502402	22589172	0	0	M	0.49	1.97933234388499	loss	86771
PD62081a	14	22589178	24186086	1	1	M	0.49	1.97933234388499	neutral	1596909
PD62081a	14	24186095	24268463	1	0	M	0.49	1.97933234388499	loss	82369
PD62081a	14	24268999	104802421	1	1	M	0.49	1.97933234388499	neutral	80533423
PD62081a	14	104842915	104946981	2	1	M	0.49	1.97933234388499	gain	104067
PD62081a	14	104946982	104948453	4	0	M	0.49	1.97933234388499	gain	1472
PD62081a	14	104948467	104955507	2	2	M	0.49	1.97933234388499	gain	7041
PD62081a	14	104957472	105864655	1	1	M	0.49	1.97933234388499	neutral	907184
PD62081a	14	105864660	105898020	2	2	M	0.49	1.97933234388499	gain	33361
PD62081a	14	105898026	105971014	4	0	M	0.49	1.97933234388499	gain	72989
PD62081a	14	105971066	106874913	2	0	M	0.49	1.97933234388499	neutral	903848
PD62081a	15	19964758	101849544	1	1	M	0.49	1.97933234388499	neutral	81884787
PD62081a	16	47354	68540042	1	1	M	0.49	1.97933234388499	neutral	68492689
PD62081a	16	68557253	68563127	2	1	M	0.49	1.97933234388499	gain	5875
PD62081a	16	68563251	90094793	1	1	M	0.49	1.97933234388499	neutral	21531543
PD62081a	17	156162	29941839	1	1	M	0.49	1.97933234388499	neutral	29785678
PD62081a	17	29941906	30271337	2	1	M	0.49	1.97933234388499	gain	329432
PD62081a	17	30271376	31523759	1	1	M	0.49	1.97933234388499	neutral	1252384
PD62081a	17	31523877	31894596	1	0	M	0.49	1.97933234388499	loss	370720
PD62081a	17	31894888	68356703	1	1	M	0.49	1.97933234388499	neutral	36461816
PD62081a	17	68356826	68515486	1	0	M	0.49	1.97933234388499	loss	158661
PD62081a	17	68522782	81463711	1	1	M	0.49	1.97933234388499	neutral	12940930
PD62081a	17	81510690	81512443	0	0	M	0.49	1.97933234388499	loss	1754
PD62081a	17	81528493	83135759	1	1	M	0.49	1.97933234388499	neutral	1607267
PD62081a	18	120645	80202756	1	1	M	0.49	1.97933234388499	neutral	80082112
PD62081a	19	281468	15454663	1	1	M	0.49	1.97933234388499	neutral	15173196
PD62081a	19	15454697	15537337	1	0	M	0.49	1.97933234388499	loss	82641
PD62081a	19	15537560	35831116	1	1	M	0.49	1.97933234388499	neutral	20293557
PD62081a	19	35831209	35879450	2	1	M	0.49	1.97933234388499	gain	48242
PD62081a	19	35888668	42764045	1	1	M	0.49	1.97933234388499	neutral	6875378
PD62081a	19	42764064	43354426	2	1	M	0.49	1.97933234388499	gain	590363
PD62081a	19	43354439	58572521	1	1	M	0.49	1.97933234388499	neutral	15218083
PD62081a	20	87623	64273492	1	1	M	0.49	1.97933234388499	neutral	64185870
PD62081a	21	9068512	46664392	1	1	M	0.49	1.97933234388499	neutral	37595881
PD62081a	22	16572142	50780662	1	1	M	0.49	1.97933234388499	neutral	34208521
PD62081a	X	284193	2782048	2	0	M	0.49	1.97933234388499	gain	2497856
PD62081a	X	2782116	71062914	1	0	M	0.49	1.97933234388499	neutral	68280799
PD62081a	X	71100917	72139460	0	0	M	0.49	1.97933234388499	loss	1038544
PD62081a	X	72140042	136556533	1	0	M	0.49	1.97933234388499	neutral	64416492
PD62081a	X	136648329	136879545	0	0	M	0.49	1.97933234388499	loss	231217
PD62081a	X	137030450	153885774	1	0	M	0.49	1.97933234388499	neutral	16855325
PD62081a	X	153886814	154652360	0	0	M	0.49	1.97933234388499	loss	765547
PD62081a	X	154652556	155545046	1	0	M	0.49	1.97933234388499	neutral	892491
PD62081a	X	155773979	155997715	2	0	M	0.49	1.97933234388499	gain	223737
PD62081a	X	155997799	156005413	1	0	M	0.49	1.97933234388499	neutral	7615
PD62081c	1	69511	1407265	1	1	M	0.61	1.97566743775166	neutral	1337755
PD62081c	1	1419029	1625189	2	1	M	0.61	1.97566743775166	gain	206161
PD62081c	1	1625464	109477999	1	1	M	0.61	1.97566743775166	neutral	107852536
PD62081c	1	109479443	109548825	1	0	M	0.61	1.97566743775166	loss	69383
PD62081c	1	109548859	121568263	1	1	M	0.61	1.97566743775166	neutral	12019405
PD62081c	1	143796136	150263763	1	0	M	0.61	1.97566743775166	loss	6467628
PD62081c	1	150263865	152220502	1	1	M	0.61	1.97566743775166	neutral	1956638
PD62081c	1	152220573	153261093	2	2	M	0.61	1.97566743775166	gain	1040521
PD62081c	1	153261102	153459146	1	1	M	0.61	1.97566743775166	neutral	198045
PD62081c	1	153534629	153615900	1	0	M	0.61	1.97566743775166	loss	81272
PD62081c	1	153618870	169630261	1	1	M	0.61	1.97566743775166	neutral	16011392
PD62081c	1	169691637	169711588	0	0	M	0.61	1.97566743775166	loss	19952
PD62081c	1	169725777	248100222	1	1	M	0.61	1.97566743775166	neutral	78374446
PD62081c	1	248100324	248681692	2	1	M	0.61	1.97566743775166	gain	581369
PD62081c	1	248681761	248918428	1	0	M	0.61	1.97566743775166	loss	236668
PD62081c	2	41509	74254540	1	1	M	0.61	1.97566743775166	neutral	74213032
PD62081c	2	74255765	74415108	2	1	M	0.61	1.97566743775166	gain	159344
PD62081c	2	74415616	88627206	1	1	M	0.61	1.97566743775166	neutral	14211591
PD62081c	2	88691804	88861407	1	0	M	0.61	1.97566743775166	loss	169604
PD62081c	2	88861410	130342949	1	1	M	0.61	1.97566743775166	neutral	41481540
PD62081c	2	130342972	130374728	1	0	M	0.61	1.97566743775166	loss	31757
PD62081c	2	130598658	131044472	2	1	M	0.61	1.97566743775166	gain	445815
PD62081c	2	131045619	218165284	1	1	M	0.61	1.97566743775166	neutral	87119666
PD62081c	2	218217396	218385280	1	0	M	0.61	1.97566743775166	loss	167885
PD62081c	2	218385426	219168632	1	1	M	0.61	1.97566743775166	neutral	783207
PD62081c	2	219168887	219172671	1	0	M	0.61	1.97566743775166	loss	3785
PD62081c	2	219172722	242004549	1	1	M	0.61	1.97566743775166	neutral	22831828
PD62081c	3	197664	7636323	1	0	M	0.61	1.97566743775166	loss	7438660
PD62081c	3	7636403	46922012	2	1	M	0.61	1.97566743775166	gain	39285610
PD62081c	3	46922329	46923707	1	1	M	0.61	1.97566743775166	neutral	1379
PD62081c	3	46923708	48968496	2	1	M	0.61	1.97566743775166	gain	2044789
PD62081c	3	48973655	49102533	1	0	M	0.61	1.97566743775166	loss	128879
PD62081c	3	49102686	81705655	2	1	M	0.61	1.97566743775166	gain	32602970
PD62081c	3	81743441	198038561	1	1	M	0.61	1.97566743775166	neutral	116295121
PD62081c	4	85813	1250735	1	1	M	0.61	1.97566743775166	neutral	1164923
PD62081c	4	1250817	1353379	1	0	M	0.61	1.97566743775166	loss	102563
PD62081c	4	1354699	1394631	1	1	M	0.61	1.97566743775166	neutral	39933
PD62081c	4	1394641	1394808	3	0	M	0.61	1.97566743775166	gain	168
PD62081c	4	1394818	1700155	2	1	M	0.61	1.97566743775166	gain	305338
PD62081c	4	1703672	1730519	1	0	M	0.61	1.97566743775166	loss	26848
PD62081c	4	1730630	1801758	2	1	M	0.61	1.97566743775166	gain	71129
PD62081c	4	1801977	13600175	1	1	M	0.61	1.97566743775166	neutral	11798199
PD62081c	4	13600309	13602558	1	0	M	0.61	1.97566743775166	loss	2250
PD62081c	4	13602794	70532438	1	1	M	0.61	1.97566743775166	neutral	56929645
PD62081c	4	70532504	70601980	2	1	M	0.61	1.97566743775166	gain	69477
PD62081c	4	70601993	85975034	1	1	M	0.61	1.97566743775166	neutral	15373042
PD62081c	4	85994529	86542572	2	1	M	0.61	1.97566743775166	gain	548044
PD62081c	4	86542660	108064277	1	1	M	0.61	1.97566743775166	neutral	21521618
PD62081c	4	108070806	108620343	0	0	M	0.61	1.97566743775166	loss	549538
PD62081c	4	108620378	190025891	1	1	M	0.61	1.97566743775166	neutral	81405514
PD62081c	5	140359	61152859	1	1	M	0.61	1.97566743775166	neutral	61012501
PD62081c	5	61152896	68288572	1	0	M	0.61	1.97566743775166	loss	7135677
PD62081c	5	68288582	140560925	2	0	M	0.61	1.97566743775166	neutral	72272344
PD62081c	5	140561164	140705696	1	0	M	0.61	1.97566743775166	loss	144533
PD62081c	5	140786647	141487265	4	0	M	0.61	1.97566743775166	gain	700619
PD62081c	5	141487520	151521550	2	0	M	0.61	1.97566743775166	neutral	10034031
PD62081c	5	151521700	151673092	3	0	M	0.61	1.97566743775166	gain	151393
PD62081c	5	151673098	178985666	2	0	M	0.61	1.97566743775166	neutral	27312569
PD62081c	5	178985673	178994769	3	0	M	0.61	1.97566743775166	gain	9097
PD62081c	5	179025246	181195785	2	0	M	0.61	1.97566743775166	neutral	2170540
PD62081c	5	181198068	181260906	1	0	M	0.61	1.97566743775166	loss	62839
PD62081c	6	203397	3016818	1	1	M	0.61	1.97566743775166	neutral	2813422
PD62081c	6	3016857	3105558	1	0	M	0.61	1.97566743775166	loss	88702
PD62081c	6	3106077	26017437	1	1	M	0.61	1.97566743775166	neutral	22911361
PD62081c	6	26017447	27147688	0	0	M	0.61	1.97566743775166	loss	1130242
PD62081c	6	27247827	27838389	1	0	M	0.61	1.97566743775166	loss	590563
PD62081c	6	27838401	27893763	0	0	M	0.61	1.97566743775166	loss	55363
PD62081c	6	27893865	29623323	1	1	M	0.61	1.97566743775166	neutral	1729459
PD62081c	6	29627356	30108853	1	0	M	0.61	1.97566743775166	loss	481498
PD62081c	6	30108859	32120698	1	1	M	0.61	1.97566743775166	neutral	2011840
PD62081c	6	32120825	32212464	1	0	M	0.61	1.97566743775166	loss	91640
PD62081c	6	32212654	32837485	1	1	M	0.61	1.97566743775166	neutral	624832
PD62081c	6	32837488	32937525	1	0	M	0.61	1.97566743775166	loss	100038
PD62081c	6	32938459	52025826	1	1	M	0.61	1.97566743775166	neutral	19087368
PD62081c	6	52025934	52420435	2	1	M	0.61	1.97566743775166	gain	394502
PD62081c	6	52420577	169668252	1	1	M	0.61	1.97566743775166	neutral	117247676
PD62081c	6	169670608	170584376	1	0	M	0.61	1.97566743775166	loss	913769
PD62081c	7	193222	21748525	1	1	M	0.61	1.97566743775166	neutral	21555304
PD62081c	7	21748538	22162428	2	1	M	0.61	1.97566743775166	gain	413891
PD62081c	7	22162493	38330726	1	1	M	0.61	1.97566743775166	neutral	16168234
PD62081c	7	38349716	38384761	0	0	M	0.61	1.97566743775166	loss	35046
PD62081c	7	38385062	48108291	1	1	M	0.61	1.97566743775166	neutral	9723230
PD62081c	7	48198227	54554007	2	1	M	0.61	1.97566743775166	gain	6355781
PD62081c	7	54755725	74559469	1	1	M	0.61	1.97566743775166	neutral	19803745
PD62081c	7	74559612	75052655	2	1	M	0.61	1.97566743775166	gain	493044
PD62081c	7	75052889	99294212	1	1	M	0.61	1.97566743775166	neutral	24241324
PD62081c	7	99296889	99483972	1	0	M	0.61	1.97566743775166	loss	187084
PD62081c	7	99484107	101005323	1	1	M	0.61	1.97566743775166	neutral	1521217
PD62081c	7	101005586	101043851	2	1	M	0.61	1.97566743775166	gain	38266
PD62081c	7	101047859	142762884	1	1	M	0.61	1.97566743775166	neutral	41715026
PD62081c	7	142796503	142863619	0	0	M	0.61	1.97566743775166	loss	67117
PD62081c	7	142863750	143222964	1	1	M	0.61	1.97566743775166	neutral	359215
PD62081c	7	143263173	143339445	1	0	M	0.61	1.97566743775166	loss	76273
PD62081c	7	143339455	159233344	1	1	M	0.61	1.97566743775166	neutral	15893890
PD62081c	8	232977	141230049	1	1	M	0.61	1.97566743775166	neutral	140997073
PD62081c	8	141253967	142229597	2	1	M	0.61	1.97566743775166	gain	975631
PD62081c	8	142271599	143927484	1	1	M	0.61	1.97566743775166	neutral	1655886
PD62081c	8	143927616	143992718	1	0	M	0.61	1.97566743775166	loss	65103
PD62081c	8	143992920	144453580	1	1	M	0.61	1.97566743775166	neutral	460661
PD62081c	8	144464214	144511201	1	0	M	0.61	1.97566743775166	loss	46988
PD62081c	8	144511310	144780250	1	1	M	0.61	1.97566743775166	neutral	268941
PD62081c	8	144789724	145054093	1	0	M	0.61	1.97566743775166	loss	264370
PD62081c	9	154795	114345842	1	1	M	0.61	1.97566743775166	neutral	114191048
PD62081c	9	114345953	114406721	1	0	M	0.61	1.97566743775166	loss	60769
PD62081c	9	114407961	122661886	1	1	M	0.61	1.97566743775166	neutral	8253926
PD62081c	9	122661910	122800939	2	1	M	0.61	1.97566743775166	gain	139030
PD62081c	9	122820187	123184111	1	0	M	0.61	1.97566743775166	loss	363925
PD62081c	9	123184278	123356422	2	1	M	0.61	1.97566743775166	gain	172145
PD62081c	9	123356454	129109077	1	1	M	0.61	1.97566743775166	neutral	5752624
PD62081c	9	129109156	129722510	1	0	M	0.61	1.97566743775166	loss	613355
PD62081c	9	129722514	129753042	1	1	M	0.61	1.97566743775166	neutral	30529
PD62081c	9	129803427	130141438	1	0	M	0.61	1.97566743775166	loss	338012
PD62081c	9	130141464	138175500	1	1	M	0.61	1.97566743775166	neutral	8034037
PD62081c	10	49230	71706883	1	1	M	0.61	1.97566743775166	neutral	71657654
PD62081c	10	71706901	71760753	1	0	M	0.61	1.97566743775166	loss	53853
PD62081c	10	71760754	94981358	1	1	M	0.61	1.97566743775166	neutral	23220605
PD62081c	10	94981408	96982591	2	1	M	0.61	1.97566743775166	gain	2001184
PD62081c	10	96982901	132330438	1	1	M	0.61	1.97566743775166	neutral	35347538
PD62081c	10	132330481	132538238	1	0	M	0.61	1.97566743775166	loss	207758
PD62081c	10	132607911	133625894	1	1	M	0.61	1.97566743775166	neutral	1017984
PD62081c	11	197291	1754157	1	1	M	0.61	1.97566743775166	neutral	1556867
PD62081c	11	1754818	3088176	1	0	M	0.61	1.97566743775166	loss	1333359
PD62081c	11	3088178	57567000	1	1	M	0.61	1.97566743775166	neutral	54478823
PD62081c	11	57567035	57815452	1	0	M	0.61	1.97566743775166	loss	248418
PD62081c	11	57815537	62566797	1	1	M	0.61	1.97566743775166	neutral	4751261
PD62081c	11	62567040	62856531	1	0	M	0.61	1.97566743775166	loss	289492
PD62081c	11	62870725	67255598	1	1	M	0.61	1.97566743775166	neutral	4384874
PD62081c	11	67266657	67455578	1	0	M	0.61	1.97566743775166	loss	188922
PD62081c	11	67455615	71568848	1	1	M	0.61	1.97566743775166	neutral	4113234
PD62081c	11	71568856	71917642	2	1	M	0.61	1.97566743775166	gain	348787
PD62081c	11	71917790	72112859	1	0	M	0.61	1.97566743775166	loss	195070
PD62081c	11	72135877	78574515	1	1	M	0.61	1.97566743775166	neutral	6438639
PD62081c	11	78658144	78669283	2	2	M	0.61	1.97566743775166	gain	11140
PD62081c	11	78669694	95049610	1	1	M	0.61	1.97566743775166	neutral	16379917
PD62081c	11	95050082	95177874	1	0	M	0.61	1.97566743775166	loss	127793
PD62081c	11	95178867	102206111	1	1	M	0.61	1.97566743775166	neutral	7027245
PD62081c	11	102209497	102772022	2	1	M	0.61	1.97566743775166	gain	562526
PD62081c	11	102772168	134986843	1	1	M	0.61	1.97566743775166	neutral	32214676
PD62081c	12	66973	6318944	1	1	M	0.61	1.97566743775166	neutral	6251972
PD62081c	12	6319105	6982757	1	0	M	0.61	1.97566743775166	loss	663653
PD62081c	12	6982849	49188276	1	1	M	0.61	1.97566743775166	neutral	42205428
PD62081c	12	49188402	49265293	1	0	M	0.61	1.97566743775166	loss	76892
PD62081c	12	49269586	49632215	1	1	M	0.61	1.97566743775166	neutral	362630
PD62081c	12	49632266	49645696	1	0	M	0.61	1.97566743775166	loss	13431
PD62081c	12	49646597	52902133	1	1	M	0.61	1.97566743775166	neutral	3255537
PD62081c	12	52904795	53097993	1	0	M	0.61	1.97566743775166	loss	193199
PD62081c	12	53098039	57173820	1	1	M	0.61	1.97566743775166	neutral	4075782
PD62081c	12	57173940	57212041	2	1	M	0.61	1.97566743775166	gain	38102
PD62081c	12	57212234	57464655	1	0	M	0.61	1.97566743775166	loss	252422
PD62081c	12	57464656	75501839	1	1	M	0.61	1.97566743775166	neutral	18037184
PD62081c	12	75506602	75511486	1	0	M	0.61	1.97566743775166	loss	4885
PD62081c	12	75963924	98487213	1	1	M	0.61	1.97566743775166	neutral	22523290
PD62081c	12	98493258	98532970	0	0	M	0.61	1.97566743775166	loss	39713
PD62081c	12	98533078	123879584	1	1	M	0.61	1.97566743775166	neutral	25346507
PD62081c	12	123879682	123910451	2	1	M	0.61	1.97566743775166	gain	30770
PD62081c	12	123913071	133234349	1	1	M	0.61	1.97566743775166	neutral	9321279
PD62081c	13	19026300	24909892	1	1	M	0.61	1.97566743775166	neutral	5883593
PD62081c	13	24909999	25313684	2	1	M	0.61	1.97566743775166	gain	403686
PD62081c	13	25313698	73994889	1	1	M	0.61	1.97566743775166	neutral	48681192
PD62081c	13	74414577	114325924	2	1	M	0.61	1.97566743775166	gain	39911348
PD62081c	14	19733402	20224194	2	1	M	0.61	1.97566743775166	gain	490793
PD62081c	14	20224294	20292191	2	2	M	0.61	1.97566743775166	gain	67898
PD62081c	14	20295229	22489646	1	1	M	0.61	1.97566743775166	neutral	2194418
PD62081c	14	22490324	22598189	1	0	M	0.61	1.97566743775166	loss	107866
PD62081c	14	22598367	24186086	1	1	M	0.61	1.97566743775166	neutral	1587720
PD62081c	14	24186095	24268463	1	0	M	0.61	1.97566743775166	loss	82369
PD62081c	14	24268999	67807831	1	1	M	0.61	1.97566743775166	neutral	43538833
PD62081c	14	67813957	68594470	1	0	M	0.61	1.97566743775166	loss	780514
PD62081c	14	68594498	104802421	1	1	M	0.61	1.97566743775166	neutral	36207924
PD62081c	14	104842915	104946981	2	2	M	0.61	1.97566743775166	gain	104067
PD62081c	14	104946982	104948453	5	0	M	0.61	1.97566743775166	gain	1472
PD62081c	14	104948467	104955507	2	2	M	0.61	1.97566743775166	gain	7041
PD62081c	14	104957472	105863869	2	1	M	0.61	1.97566743775166	gain	906398
PD62081c	14	105864153	105898020	2	2	M	0.61	1.97566743775166	gain	33868
PD62081c	14	105898026	105914405	5	0	M	0.61	1.97566743775166	gain	16380
PD62081c	14	105916715	106874913	3	0	M	0.61	1.97566743775166	gain	958199
PD62081c	15	19964758	22866796	2	0	M	0.61	1.97566743775166	neutral	2902039
PD62081c	15	22869982	28018493	1	0	M	0.61	1.97566743775166	loss	5148512
PD62081c	15	28018526	28815481	2	0	M	0.61	1.97566743775166	neutral	796956
PD62081c	15	28815482	33821391	1	0	M	0.61	1.97566743775166	loss	5005910
PD62081c	15	33821436	33876036	2	1	M	0.61	1.97566743775166	gain	54601
PD62081c	15	33876096	97971302	1	0	M	0.61	1.97566743775166	loss	64095207
PD62081c	15	98439620	101849544	1	1	M	0.61	1.97566743775166	neutral	3409925
PD62081c	16	47354	21709924	1	1	M	0.61	1.97566743775166	neutral	21662571
PD62081c	16	21715186	21961307	1	0	M	0.61	1.97566743775166	loss	246122
PD62081c	16	21962563	68539887	1	1	M	0.61	1.97566743775166	neutral	46577325
PD62081c	16	68540042	68563127	2	1	M	0.61	1.97566743775166	gain	23086
PD62081c	16	68563251	88706528	1	1	M	0.61	1.97566743775166	neutral	20143278
PD62081c	16	88706555	88707345	0	0	M	0.61	1.97566743775166	loss	791
PD62081c	16	88709889	90094793	1	1	M	0.61	1.97566743775166	neutral	1384905
PD62081c	17	156162	3546514	2	0	M	0.61	1.97566743775166	neutral	3390353
PD62081c	17	3546516	3663755	3	0	M	0.61	1.97566743775166	gain	117240
PD62081c	17	3664167	3679660	1	0	M	0.61	1.97566743775166	loss	15494
PD62081c	17	3679708	4822642	2	0	M	0.61	1.97566743775166	neutral	1142935
PD62081c	17	4822848	8450825	1	0	M	0.61	1.97566743775166	loss	3627978
PD62081c	17	8450941	9628801	2	0	M	0.61	1.97566743775166	neutral	1177861
PD62081c	17	9632859	10639509	3	0	M	0.61	1.97566743775166	gain	1006651
PD62081c	17	10639806	29631772	1	1	M	0.61	1.97566743775166	neutral	18991967
PD62081c	17	29631783	29941782	1	0	M	0.61	1.97566743775166	loss	310000
PD62081c	17	29941799	30271337	2	1	M	0.61	1.97566743775166	gain	329539
PD62081c	17	30271376	34959516	1	1	M	0.61	1.97566743775166	neutral	4688141
PD62081c	17	34959546	35001235	1	0	M	0.61	1.97566743775166	loss	41690
PD62081c	17	35001292	64171126	1	1	M	0.61	1.97566743775166	neutral	29169835
PD62081c	17	64188195	64533110	1	0	M	0.61	1.97566743775166	loss	344916
PD62081c	17	64534646	68555704	1	1	M	0.61	1.97566743775166	neutral	4021059
PD62081c	17	68555783	68985116	2	1	M	0.61	1.97566743775166	gain	429334
PD62081c	17	68986160	75848670	1	1	M	0.61	1.97566743775166	neutral	6862511
PD62081c	17	75848711	75878575	1	0	M	0.61	1.97566743775166	loss	29865
PD62081c	17	75890755	78239933	1	1	M	0.61	1.97566743775166	neutral	2349179
PD62081c	17	78271214	78680155	2	1	M	0.61	1.97566743775166	gain	408942
PD62081c	17	78680907	78692497	1	0	M	0.61	1.97566743775166	loss	11591
PD62081c	17	78698211	81463711	1	1	M	0.61	1.97566743775166	neutral	2765501
PD62081c	17	81510690	81512443	0	0	M	0.61	1.97566743775166	loss	1754
PD62081c	17	81528493	83135759	1	1	M	0.61	1.97566743775166	neutral	1607267
PD62081c	18	120645	80202756	1	1	M	0.61	1.97566743775166	neutral	80082112
PD62081c	19	281468	11193728	1	1	M	0.61	1.97566743775166	neutral	10912261
PD62081c	19	11193776	11325545	2	1	M	0.61	1.97566743775166	gain	131770
PD62081c	19	11325663	15454663	1	1	M	0.61	1.97566743775166	neutral	4129001
PD62081c	19	15454697	15469883	1	0	M	0.61	1.97566743775166	loss	15187
PD62081c	19	15472052	19564988	1	1	M	0.61	1.97566743775166	neutral	4092937
PD62081c	19	19565128	19647363	1	0	M	0.61	1.97566743775166	loss	82236
PD62081c	19	19647381	35831116	1	1	M	0.61	1.97566743775166	neutral	16183736
PD62081c	19	35831209	35897657	2	1	M	0.61	1.97566743775166	gain	66449
PD62081c	19	35898609	35907756	0	0	M	0.61	1.97566743775166	loss	9148
PD62081c	19	35908085	38950026	1	1	M	0.61	1.97566743775166	neutral	3041942
PD62081c	19	38950045	39269647	2	1	M	0.61	1.97566743775166	gain	319603
PD62081c	19	39269648	41322758	1	1	M	0.61	1.97566743775166	neutral	2053111
PD62081c	19	41322773	41579520	1	0	M	0.61	1.97566743775166	loss	256748
PD62081c	19	41584323	42764045	1	1	M	0.61	1.97566743775166	neutral	1179723
PD62081c	19	42764064	43354426	2	1	M	0.61	1.97566743775166	gain	590363
PD62081c	19	43354439	54574858	1	1	M	0.61	1.97566743775166	neutral	11220420
PD62081c	19	54574871	54663837	2	1	M	0.61	1.97566743775166	gain	88967
PD62081c	19	54663839	55624392	1	1	M	0.61	1.97566743775166	neutral	960554
PD62081c	19	55624426	55690062	1	0	M	0.61	1.97566743775166	loss	65637
PD62081c	19	55691648	57420314	1	1	M	0.61	1.97566743775166	neutral	1728667
PD62081c	19	57420659	57708740	1	0	M	0.61	1.97566743775166	loss	288082
PD62081c	19	57708760	58572521	1	1	M	0.61	1.97566743775166	neutral	863762
PD62081c	20	87623	41166245	1	1	M	0.61	1.97566743775166	neutral	41078623
PD62081c	20	41166644	41174438	1	0	M	0.61	1.97566743775166	loss	7795
PD62081c	20	41185032	64273492	1	1	M	0.61	1.97566743775166	neutral	23088461
PD62081c	21	9068512	10602207	2	1	M	0.61	1.97566743775166	gain	1533696
PD62081c	21	10602232	46664392	1	1	M	0.61	1.97566743775166	neutral	36062161
PD62081c	22	16572142	25359798	1	1	M	0.61	1.97566743775166	neutral	8787657
PD62081c	22	25359820	25878058	2	1	M	0.61	1.97566743775166	gain	518239
PD62081c	22	25890681	50780662	1	1	M	0.61	1.97566743775166	neutral	24889982
PD62081c	X	284193	48459000	1	0	M	0.61	1.97566743775166	neutral	48174808
PD62081c	X	48460633	49200039	0	0	M	0.61	1.97566743775166	loss	739407
PD62081c	X	49205209	71062914	1	0	M	0.61	1.97566743775166	neutral	21857706
PD62081c	X	71100917	72131205	0	0	M	0.61	1.97566743775166	loss	1030289
PD62081c	X	72131449	119150457	1	0	M	0.61	1.97566743775166	neutral	47019009
PD62081c	X	119236331	120627097	0	0	M	0.61	1.97566743775166	loss	1390767
PD62081c	X	120875329	129589069	1	0	M	0.61	1.97566743775166	neutral	8713741
PD62081c	X	129590111	129929317	0	0	M	0.61	1.97566743775166	loss	339207
PD62081c	X	130013288	153886939	1	0	M	0.61	1.97566743775166	neutral	23873652
PD62081c	X	153888385	154546029	0	0	M	0.61	1.97566743775166	loss	657645
PD62081c	X	154552009	155545046	1	0	M	0.61	1.97566743775166	neutral	993038
PD62081c	X	155773979	155997715	3	0	M	0.61	1.97566743775166	gain	223737
PD62081c	X	155997799	156005413	1	0	M	0.61	1.97566743775166	neutral	7615
PD62082c	1	69511	248918428	1	1	M	1	1.98533239051179	neutral	248848918
PD62082c	2	41509	242004549	1	1	M	1	1.98533239051179	neutral	241963041
PD62082c	3	197937	198038561	1	1	M	1	1.98533239051179	neutral	197840625
PD62082c	4	85813	190025891	1	1	M	1	1.98533239051179	neutral	189940079
PD62082c	5	140359	181260906	1	1	M	1	1.98533239051179	neutral	181120548
PD62082c	6	203397	170583789	1	1	M	1	1.98533239051179	neutral	170380393
PD62082c	7	193222	159233344	1	1	M	1	1.98533239051179	neutral	159040123
PD62082c	8	232977	145054093	1	1	M	1	1.98533239051179	neutral	144821117
PD62082c	9	154795	138177292	1	1	M	1	1.98533239051179	neutral	138022498
PD62082c	10	49156	133625894	1	1	M	1	1.98533239051179	neutral	133576739
PD62082c	11	197291	134986843	1	1	M	1	1.98533239051179	neutral	134789553
PD62082c	12	66973	133234349	1	1	M	1	1.98533239051179	neutral	133167377
PD62082c	13	19026300	114325924	1	1	M	1	1.98533239051179	neutral	95299625
PD62082c	14	19097559	21978648	1	1	M	1	1.98533239051179	neutral	2881090
PD62082c	14	21979008	22497737	2	1	M	1	1.98533239051179	gain	518730
PD62082c	14	22499586	106874913	1	1	M	1	1.98533239051179	neutral	84375328
PD62082c	15	19964758	101849544	1	1	M	1	1.98533239051179	neutral	81884787
PD62082c	16	47541	90094866	1	1	M	1	1.98533239051179	neutral	90047326
PD62082c	17	156162	83135891	1	1	M	1	1.98533239051179	neutral	82979730
PD62082c	18	120645	80183136	1	1	M	1	1.98533239051179	neutral	80062492
PD62082c	19	281360	58572521	1	1	M	1	1.98533239051179	neutral	58291162
PD62082c	20	87623	64273492	1	1	M	1	1.98533239051179	neutral	64185870
PD62082c	21	9068512	46664392	1	1	M	1	1.98533239051179	neutral	37595881
PD62082c	22	16572142	50780662	1	1	M	1	1.98533239051179	neutral	34208521
PD62082c	X	284193	2774703	2	0	M	1	1.98533239051179	gain	2490511
PD62082c	X	2781927	156005413	1	0	M	1	1.98533239051179	neutral	153223487
PD62083c	1	69511	248918428	1	1	M	1	1.98801658423742	neutral	248848918
PD62083c	2	41509	88738136	1	1	M	1	1.98801658423742	neutral	88696628
PD62083c	2	88750000	88861407	2	1	M	1	1.98801658423742	gain	111408
PD62083c	2	88861410	242004549	1	1	M	1	1.98801658423742	neutral	153143140
PD62083c	3	197937	198038561	1	1	M	1	1.98801658423742	neutral	197840625
PD62083c	4	85813	190025891	1	1	M	1	1.98801658423742	neutral	189940079
PD62083c	5	140238	181260906	1	1	M	1	1.98801658423742	neutral	181120669
PD62083c	6	203397	26123429	1	1	M	1	1.98801658423742	neutral	25920033
PD62083c	6	26123430	26370377	2	2	M	1	1.98801658423742	gain	246948
PD62083c	6	26370388	27467965	1	1	M	1	1.98801658423742	neutral	1097578
PD62083c	6	27472221	27893904	4	0	M	1	1.98801658423742	gain	421684
PD62083c	6	27911277	31806237	1	1	M	1	1.98801658423742	neutral	3894961
PD62083c	6	31806575	31829810	5	0	M	1	1.98801658423742	gain	23236
PD62083c	6	31834894	170584376	1	1	M	1	1.98801658423742	neutral	138749483
PD62083c	7	193222	5513704	1	1	M	1	1.98801658423742	neutral	5320483
PD62083c	7	5527853	5529920	4	0	M	1	1.98801658423742	gain	2068
PD62083c	7	5592919	101034305	1	1	M	1	1.98801658423742	neutral	95441387
PD62083c	7	101034344	101043826	2	1	M	1	1.98801658423742	gain	9483
PD62083c	7	101043850	159233344	1	1	M	1	1.98801658423742	neutral	58189495
PD62083c	8	232977	145054093	1	1	M	1	1.98801658423742	neutral	144821117
PD62083c	9	154795	138177292	1	1	M	1	1.98801658423742	neutral	138022498
PD62083c	10	49156	133625894	1	1	M	1	1.98801658423742	neutral	133576739
PD62083c	11	197291	62795832	1	1	M	1	1.98801658423742	neutral	62598542
PD62083c	11	62795839	62856531	2	1	M	1	1.98801658423742	gain	60693
PD62083c	11	62870852	65455562	1	1	M	1	1.98801658423742	neutral	2584711
PD62083c	11	65466005	65505203	4	0	M	1	1.98801658423742	gain	39199
PD62083c	11	65506151	134986843	1	1	M	1	1.98801658423742	neutral	69480693
PD62083c	12	66973	6943943	1	1	M	1	1.98801658423742	neutral	6876971
PD62083c	12	6943954	6967546	2	1	M	1	1.98801658423742	gain	23593
PD62083c	12	6968761	133234349	1	1	M	1	1.98801658423742	neutral	126265589
PD62083c	13	19026300	114325924	1	1	M	1	1.98801658423742	neutral	95299625
PD62083c	14	19097559	106874913	1	1	M	1	1.98801658423742	neutral	87777355
PD62083c	15	19964758	101849608	1	1	M	1	1.98801658423742	neutral	81884851
PD62083c	16	47354	29804207	1	1	M	1	1.98801658423742	neutral	29756854
PD62083c	16	29804646	29814693	4	0	M	1	1.98801658423742	gain	10048
PD62083c	16	29816473	90094900	1	1	M	1	1.98801658423742	neutral	60278428
PD62083c	17	156162	28711515	1	1	M	1	1.98801658423742	neutral	28555354
PD62083c	17	28711697	28738898	2	1	M	1	1.98801658423742	gain	27202
PD62083c	17	28738930	83135891	1	1	M	1	1.98801658423742	neutral	54396962
PD62083c	18	158494	80202756	1	1	M	1	1.98801658423742	neutral	80044263
PD62083c	19	281360	58545438	1	1	M	1	1.98801658423742	neutral	58264079
PD62083c	19	58545549	58572521	3	0	M	1	1.98801658423742	gain	26973
PD62083c	20	87623	64273629	1	1	M	1	1.98801658423742	neutral	64186007
PD62083c	21	9068512	46664533	1	1	M	1	1.98801658423742	neutral	37596022
PD62083c	22	16572142	50780662	1	1	M	1	1.98801658423742	neutral	34208521
PD62083c	X	284193	2774703	2	0	M	1	1.98801658423742	gain	2490511
PD62083c	X	2781986	155545046	1	0	M	1	1.98801658423742	neutral	152763061
PD62083c	X	155773979	156005528	2	0	M	1	1.98801658423742	gain	231550
PD62083d	1	69511	152220502	1	1	M	1	1.98699777579995	neutral	152150992
PD62083d	1	152220573	152313912	2	1	M	1	1.98699777579995	gain	93340
PD62083d	1	152314116	248918428	1	1	M	1	1.98699777579995	neutral	96604313
PD62083d	2	41509	242004549	1	1	M	1	1.98699777579995	neutral	241963041
PD62083d	3	197937	198038561	1	1	M	1	1.98699777579995	neutral	197840625
PD62083d	4	85813	190025891	1	1	M	1	1.98699777579995	neutral	189940079
PD62083d	5	140238	181260906	1	1	M	1	1.98699777579995	neutral	181120669
PD62083d	6	203397	170584376	1	1	M	1	1.98699777579995	neutral	170380980
PD62083d	7	193222	101034305	1	1	M	1	1.98699777579995	neutral	100841084
PD62083d	7	101034344	101043736	2	1	M	1	1.98699777579995	gain	9393
PD62083d	7	101043826	159233344	1	1	M	1	1.98699777579995	neutral	58189519
PD62083d	8	232977	145054093	1	1	M	1	1.98699777579995	neutral	144821117
PD62083d	9	154795	138177292	1	1	M	1	1.98699777579995	neutral	138022498
PD62083d	10	49156	133625894	1	1	M	1	1.98699777579995	neutral	133576739
PD62083d	11	197291	134986843	1	1	M	1	1.98699777579995	neutral	134789553
PD62083d	12	66973	133234349	1	1	M	1	1.98699777579995	neutral	133167377
PD62083d	13	19026300	114325924	1	1	M	1	1.98699777579995	neutral	95299625
PD62083d	14	19097559	105970810	1	1	M	1	1.98699777579995	neutral	86873252
PD62083d	14	105970988	106874913	2	1	M	1	1.98699777579995	gain	903926
PD62083d	15	19964758	101849608	1	1	M	1	1.98699777579995	neutral	81884851
PD62083d	16	47354	90094900	1	1	M	1	1.98699777579995	neutral	90047547
PD62083d	17	156162	83135891	1	1	M	1	1.98699777579995	neutral	82979730
PD62083d	18	158494	80202756	1	1	M	1	1.98699777579995	neutral	80044263
PD62083d	19	281360	42519068	1	1	M	1	1.98699777579995	neutral	42237709
PD62083d	19	42527096	43204876	2	1	M	1	1.98699777579995	gain	677781
PD62083d	19	43204891	58572521	1	1	M	1	1.98699777579995	neutral	15367631
PD62083d	20	87623	64273629	1	1	M	1	1.98699777579995	neutral	64186007
PD62083d	21	9068512	46664533	1	1	M	1	1.98699777579995	neutral	37596022
PD62083d	22	16572142	50780662	1	1	M	1	1.98699777579995	neutral	34208521
PD62083d	X	284193	2774703	2	0	M	1	1.98699777579995	gain	2490511
PD62083d	X	2781986	155545046	1	0	M	1	1.98699777579995	neutral	152763061
PD62083d	X	155773979	155898177	3	0	M	1	1.98699777579995	gain	124199
PD62083d	X	155898234	156005528	2	0	M	1	1.98699777579995	gain	107295
PD62084a	1	69511	121568263	1	1	F	0.47	2.02696661863065	neutral	121498753
PD62084a	1	143544192	152088019	1	0	F	0.47	2.02696661863065	loss	8543828
PD62084a	1	152088088	153459146	2	1	F	0.47	2.02696661863065	gain	1371059
PD62084a	1	153534629	248918428	1	1	F	0.47	2.02696661863065	neutral	95383800
PD62084a	2	41393	178729722	1	1	F	0.47	2.02696661863065	neutral	178688330
PD62084a	2	178729846	178770478	2	1	F	0.47	2.02696661863065	gain	40633
PD62084a	2	178771155	242004549	1	1	F	0.47	2.02696661863065	neutral	63233395
PD62084a	3	197664	11017753	1	1	F	0.47	2.02696661863065	neutral	10820090
PD62084a	3	11018504	11259094	2	1	F	0.47	2.02696661863065	gain	240591
PD62084a	3	11259190	75783425	1	1	F	0.47	2.02696661863065	neutral	64524236
PD62084a	3	75937723	77493183	2	1	F	0.47	2.02696661863065	gain	1555461
PD62084a	3	77493454	198038561	1	1	F	0.47	2.02696661863065	neutral	120545108
PD62084a	4	85813	4315737	1	1	F	0.47	2.02696661863065	neutral	4229925
PD62084a	4	4320548	9781998	2	1	F	0.47	2.02696661863065	gain	5461451
PD62084a	4	9782215	190025891	1	1	F	0.47	2.02696661863065	neutral	180243677
PD62084a	5	140238	13913803	1	1	F	0.47	2.02696661863065	neutral	13773566
PD62084a	5	13913884	13944269	2	2	F	0.47	2.02696661863065	gain	30386
PD62084a	5	13944382	67114272	1	1	F	0.47	2.02696661863065	neutral	53169891
PD62084a	5	67120936	140786397	2	0	F	0.47	2.02696661863065	neutral	73665462
PD62084a	5	140786647	140795876	4	1	F	0.47	2.02696661863065	gain	9230
PD62084a	5	140796271	141491313	3	0	F	0.47	2.02696661863065	gain	695043
PD62084a	5	141491361	181260906	2	0	F	0.47	2.02696661863065	neutral	39769546
PD62084a	6	203397	26056388	1	1	F	0.47	2.02696661863065	neutral	25852992
PD62084a	6	26056437	26370429	1	0	F	0.47	2.02696661863065	loss	313993
PD62084a	6	26370431	170584376	1	1	F	0.47	2.02696661863065	neutral	144213946
PD62084a	7	193222	26738787	1	1	F	0.47	2.02696661863065	neutral	26545566
PD62084a	7	26738871	27531160	1	0	F	0.47	2.02696661863065	loss	792290
PD62084a	7	27531225	159233344	1	1	F	0.47	2.02696661863065	neutral	131702120
PD62084a	8	232977	141467492	1	1	F	0.47	2.02696661863065	neutral	141234516
PD62084a	8	141467514	143214941	2	1	F	0.47	2.02696661863065	gain	1747428
PD62084a	8	143215135	145054093	1	1	F	0.47	2.02696661863065	neutral	1838959
PD62084a	9	154795	138175500	1	1	F	0.47	2.02696661863065	neutral	138020706
PD62084a	10	49134	49326497	1	1	F	0.47	2.02696661863065	neutral	49277364
PD62084a	10	49326510	49616703	2	1	F	0.47	2.02696661863065	gain	290194
PD62084a	10	49616707	133309354	1	1	F	0.47	2.02696661863065	neutral	83692648
PD62084a	10	133309736	133402836	1	0	F	0.47	2.02696661863065	loss	93101
PD62084a	10	133419430	133625894	3	0	F	0.47	2.02696661863065	gain	206465
PD62084a	11	197291	47827190	1	1	F	0.47	2.02696661863065	neutral	47629900
PD62084a	11	47835616	57187549	2	1	F	0.47	2.02696661863065	gain	9351934
PD62084a	11	57235810	123608559	1	1	F	0.47	2.02696661863065	neutral	66372750
PD62084a	11	123612925	124038604	2	2	F	0.47	2.02696661863065	gain	425680
PD62084a	11	124038930	134986843	1	1	F	0.47	2.02696661863065	neutral	10947914
PD62084a	12	66973	51346496	1	1	F	0.47	2.02696661863065	neutral	51279524
PD62084a	12	51346566	52848901	2	1	F	0.47	2.02696661863065	gain	1502336
PD62084a	12	52848911	55980911	1	1	F	0.47	2.02696661863065	neutral	3132001
PD62084a	12	55980927	56131658	1	0	F	0.47	2.02696661863065	loss	150732
PD62084a	12	56132868	130434865	1	1	F	0.47	2.02696661863065	neutral	74301998
PD62084a	12	130436926	131006167	2	1	F	0.47	2.02696661863065	gain	569242
PD62084a	12	131014147	133234532	1	1	F	0.47	2.02696661863065	neutral	2220386
PD62084a	13	19026300	19201582	2	2	F	0.47	2.02696661863065	gain	175283
PD62084a	13	19201596	19503337	2	1	F	0.47	2.02696661863065	gain	301742
PD62084a	13	19633783	114325924	1	1	F	0.47	2.02696661863065	neutral	94692142
PD62084a	14	19733402	20388168	1	1	F	0.47	2.02696661863065	neutral	654767
PD62084a	14	20389137	20429143	1	0	F	0.47	2.02696661863065	loss	40007
PD62084a	14	20429206	106874913	1	1	F	0.47	2.02696661863065	neutral	86445708
PD62084a	15	19964758	29128720	2	1	F	0.47	2.02696661863065	gain	9163963
PD62084a	15	29128725	44767853	1	1	F	0.47	2.02696661863065	neutral	15639129
PD62084a	15	44827003	44956805	1	0	F	0.47	2.02696661863065	loss	129803
PD62084a	15	44956839	48151343	1	1	F	0.47	2.02696661863065	neutral	3194505
PD62084a	15	48152233	48437451	2	1	F	0.47	2.02696661863065	gain	285219
PD62084a	15	48437972	101849608	1	1	F	0.47	2.02696661863065	neutral	53411637
PD62084a	16	47354	739693	1	1	F	0.47	2.02696661863065	neutral	692340
PD62084a	16	739761	1668133	2	1	F	0.47	2.02696661863065	gain	928373
PD62084a	16	1668923	90094880	1	1	F	0.47	2.02696661863065	neutral	88425958
PD62084a	17	156162	8150040	1	1	F	0.47	2.02696661863065	neutral	7993879
PD62084a	17	8150347	8230096	1	0	F	0.47	2.02696661863065	loss	79750
PD62084a	17	8230805	8234985	2	0	F	0.47	2.02696661863065	neutral	4181
PD62084a	17	8235109	40978276	1	1	F	0.47	2.02696661863065	neutral	32743168
PD62084a	17	40978289	41477065	2	1	F	0.47	2.02696661863065	gain	498777
PD62084a	17	41477097	83135891	1	1	F	0.47	2.02696661863065	neutral	41658795
PD62084a	18	120645	80202756	1	1	F	0.47	2.02696661863065	neutral	80082112
PD62084a	19	281360	6743629	1	1	F	0.47	2.02696661863065	neutral	6462270
PD62084a	19	6743656	6761000	1	0	F	0.47	2.02696661863065	loss	17345
PD62084a	19	6763707	45396157	1	1	F	0.47	2.02696661863065	neutral	38632451
PD62084a	19	45396473	45413671	1	0	F	0.47	2.02696661863065	loss	17199
PD62084a	19	45413724	58572521	1	1	F	0.47	2.02696661863065	neutral	13158798
PD62084a	20	87623	25919696	1	0	F	0.47	2.02696661863065	loss	25832074
PD62084a	20	26082911	63250070	2	1	F	0.47	2.02696661863065	gain	37167160
PD62084a	20	63250086	63349782	2	2	F	0.47	2.02696661863065	gain	99697
PD62084a	20	63349861	64273492	2	1	F	0.47	2.02696661863065	gain	923632
PD62084a	21	9068512	10462836	1	1	F	0.47	2.02696661863065	neutral	1394325
PD62084a	21	10462861	10602207	2	1	F	0.47	2.02696661863065	gain	139347
PD62084a	21	10602232	29457995	1	1	F	0.47	2.02696661863065	neutral	18855764
PD62084a	21	29458073	32515045	2	1	F	0.47	2.02696661863065	gain	3056973
PD62084a	21	32515159	46664523	1	1	F	0.47	2.02696661863065	neutral	14149365
PD62084a	22	16572142	50780662	1	1	F	0.47	2.02696661863065	neutral	34208521
PD62084a	X	284193	156005528	1	1	F	0.47	2.02696661863065	neutral	155721336
